Force (and its time derivative) produced by a submaximally-activated cat soleus
muscle in vivo when held at a fixed length and excited using a random
frequency stimulation signal of 20 Hz. Experimental data provided by T.G.
Sandercock [1] was filtered using a Butterworth low-pass filter of cut-off
frequency 120 Hz. Please refer to Millard et al. [2] for details.

References:
    1. Perreault, E.J., Heckman, C.J., and Sandercock, T.G., 2003. "Hill
       muscle model errors during movement are greatest within the
       physiologically relevant range of motor unit firing rates". Journal
       of Biomechanics, 36(2), pp. 211--218.
       http://dx.doi.org/10.1016/S0021-9290(02)00332-9.
    2. Millard, M., Uchida, T., Seth, A., and Delp, S.L., 2013. "Flexing
       computational muscle: Modeling and simulation of musculotendon
       dynamics". ASME Journal of Biomechanical Engineering, 135(2),
       p. 021013 (11 pages). http://dx.doi.org/10.1115/1.4023390.

endheader
time_s	force_N	forcedot
0.000000000000000	0.000000000000000	0.000000000000000
0.001000000000000	0.000000000000000	0.000000000000000
0.002000000000000	0.000000000000000	0.000000000000000
0.003000000000000	0.000000000000000	0.000000000000000
0.004000000000000	0.000000000000000	0.000000000000000
0.005000000000000	0.000000000000000	0.000000000000000
0.006000000000000	0.000000000000000	0.000000000000000
0.007000000000000	0.000000000000000	0.000000000000000
0.008000000000000	0.000000000000000	0.000000000000000
0.009000000000000	0.000000000000000	0.000000000000000
0.010000000000000	0.000000000000000	0.000000000000000
0.011000000000000	0.000000000000000	0.000000000000000
0.012000000000000	0.000000000000000	0.000000000000000
0.013000000000000	0.000000000000000	0.000000000000000
0.014000000000000	0.000000000000000	0.000000000000000
0.015000000000000	0.000000000000000	0.000000000000000
0.016000000000000	0.000000000000000	0.000000000000000
0.017000000000000	0.000000000000000	0.000000000000000
0.018000000000000	0.000000000000000	0.000000000000000
0.019000000000000	0.000000000000000	0.000000000000000
0.020000000000000	0.000000000000000	0.000000000000000
0.021000000000000	0.000000000000000	0.000000000000000
0.022000000000000	0.000000000000000	0.000000000000000
0.023000000000000	0.000000000000000	0.000000000000000
0.024000000000000	0.000000000000000	0.000000000000000
0.025000000000000	0.000000000000000	0.000000000000000
0.026000000000000	0.000000000000000	0.000000000000000
0.027000000000000	0.000000000000000	0.000000000000000
0.028000000000000	0.000000000000000	0.000000000000000
0.029000000000000	0.000000000000000	0.000000000000000
0.030000000000000	0.000000000000000	0.000000000000000
0.031000000000000	0.000000000000000	0.000000000000000
0.032000000000000	0.000000000000000	0.000000000000000
0.033000000000000	0.000000000000000	0.000000000000000
0.034000000000000	0.000000000000000	0.000000000000000
0.035000000000000	0.000000000000000	0.000000000000000
0.036000000000000	0.000000000000000	0.000000000000000
0.037000000000000	0.000000000000000	0.000000000000000
0.038000000000000	0.000000000000000	0.000000000000000
0.039000000000000	0.000000000000000	0.000000000000000
0.040000000000000	0.000000000000000	0.000000000000000
0.041000000000000	0.000000000000000	0.000000000000000
0.042000000000000	0.000000000000000	0.000000000000000
0.043000000000000	0.000000000000000	0.000000000000000
0.044000000000000	0.000000000000000	0.000000000000000
0.045000000000000	0.000000000000000	0.000000000000000
0.046000000000000	0.000000000000000	0.000000000000000
0.047000000000000	0.000000000000000	0.000000000000000
0.048000000000000	0.000000000000000	0.000000000000000
0.049000000000000	0.000000000000000	0.000000000000000
0.050000000000000	0.000000000000000	0.000000000000000
0.051000000000000	0.000000000000000	0.000000000000000
0.052000000000000	0.000000000000000	0.000000000000000
0.053000000000000	0.000000000000000	0.000000000000000
0.054000000000000	0.000000000000000	0.000000000000000
0.055000000000000	0.000000000000000	0.000000000000000
0.056000000000000	0.000000000000000	0.000000000000000
0.057000000000000	0.000000000000000	0.000000000000000
0.058000000000000	0.000000000000000	0.000000000000000
0.059000000000000	0.000000000000000	0.000000000000000
0.060000000000000	0.000000000000000	0.000000000000000
0.061000000000000	0.000000000000000	0.000000000000000
0.062000000000000	0.000000000000000	0.000000000000000
0.063000000000000	0.000000000000000	0.000000000000000
0.064000000000000	0.000000000000000	0.000000000000000
0.065000000000000	0.000000000000000	0.000000000000000
0.066000000000000	0.000000000000000	0.000000000000000
0.067000000000000	0.000000000000000	0.000000000000000
0.068000000000000	0.000000000000000	0.000000000000000
0.069000000000000	0.000000000000000	0.000000000000000
0.070000000000000	0.000000000000000	0.000000000000000
0.071000000000000	0.000000000000000	0.000000000000000
0.072000000000000	0.000000000000000	0.000000000000000
0.073000000000000	0.000000000000000	0.000000000000000
0.074000000000000	0.000000000000000	0.000000000000000
0.075000000000000	0.000000000000000	0.000000000000000
0.076000000000000	0.000000000000000	0.000000000000000
0.077000000000000	0.000000000000000	0.000000000000000
0.078000000000000	0.000000000000000	0.000000000000000
0.079000000000000	0.000000000000000	0.000000000000000
0.080000000000000	0.000000000000000	0.000000000000000
0.081000000000000	0.000000000000000	0.000000000000000
0.082000000000000	0.000000000000000	0.000000000000000
0.083000000000000	0.000000000000000	0.000000000000000
0.084000000000000	0.000000000000000	0.000000000000000
0.085000000000000	0.000000000000000	0.000000000000000
0.086000000000000	0.000000000000000	0.000000000000000
0.087000000000000	0.000000000000000	0.000000000000000
0.088000000000000	0.000000000000000	0.000000000000000
0.089000000000000	0.000000000000000	0.000000000000000
0.090000000000000	0.000000000000000	0.000000000000000
0.091000000000000	0.000000000000000	0.000000000000000
0.092000000000000	0.000000000000000	0.000000000000000
0.093000000000000	0.000000000000000	0.000000000000000
0.094000000000000	0.000000000000000	0.000000000000000
0.095000000000000	0.000000000000000	0.000000000000000
0.096000000000000	0.000000000000000	0.000000000000000
0.097000000000000	0.000000000000000	0.000000000000000
0.098000000000000	0.000000000000000	0.000000000000000
0.099000000000000	0.000000000000000	0.000000000000000
0.100000000000000	0.000000000000000	0.000000000000000
0.101000000000000	0.000000000000000	0.000000000000000
0.102000000000000	0.000000000000000	0.000000000000000
0.103000000000000	0.000000000000000	0.000000000000000
0.104000000000000	0.000000000000000	0.000000000000000
0.105000000000000	-0.001245806236000	0.064269733876000
0.106000000000000	-0.000479115213000	3.622236808887000
0.107000000000000	0.004534546655000	8.489986137966000
0.108000000000000	0.015138034449000	14.365399948747999
0.109000000000000	0.032128174746000	20.697427201362000
0.110000000000000	0.056067140033000	26.759885445495001
0.111000000000000	0.086995632913000	31.828743575783001
0.112000000000000	0.123214976398000	35.457838914314003
0.113000000000000	0.161479358477000	37.701845651078997
0.114000000000000	0.199241934853000	39.061879100439000
0.115000000000000	0.236728022333000	40.124005918088997
0.116000000000000	0.276402275849000	41.188865422242003
0.117000000000000	0.319415273851000	42.244500272365997
0.118000000000000	0.363614435828000	43.259048114492003
0.119000000000000	0.406789339184000	44.392539101154000
0.120000000000000	0.450104186076000	45.864420127010000
0.121000000000000	0.496197380543000	47.686788813082998
0.122000000000000	0.545509965212000	49.613890465510998
0.123000000000000	0.596560179414000	51.321285290691002
0.124000000000000	0.648593686064000	52.565257963039002
0.125000000000000	0.701878053823000	53.211595224592003
0.126000000000000	0.755960518749000	53.234726828880000
0.127000000000000	0.809391502059000	52.741224455455999
0.128000000000000	0.861169435594000	51.928246001532003
0.129000000000000	0.911488938574000	50.927536301384997
0.130000000000000	0.961258405814000	49.656277922003000
0.131000000000000	1.011007387114000	47.855029301700000
0.132000000000000	1.059676021257000	45.345212137148998
0.133000000000000	1.105037063212000	42.317833088999002
0.134000000000000	1.145731978397000	39.397879464836997
0.135000000000000	1.182401227755000	37.400174029017002
0.136000000000000	1.217122890037000	36.929818158924000
0.137000000000000	1.252398770798000	38.063943686854003
0.138000000000000	1.290491003636000	40.270610843093003
0.139000000000000	1.332649329432000	42.599950574106003
0.140000000000000	1.378255211228000	44.074550878605997
0.141000000000000	1.424944682325000	44.103448784222998
0.142000000000000	1.469866346693000	42.701124020442002
0.143000000000000	1.511162214967000	40.385304696193003
0.144000000000000	1.548759903208000	37.824969918013998
0.145000000000000	1.583975605861000	35.473682637856001
0.146000000000000	1.618117924835000	33.421001524611000
0.147000000000000	1.651261301752000	31.514919929900000
0.148000000000000	1.682471572314000	29.594757164402999
0.149000000000000	1.710981381577000	27.616927526342000
0.150000000000000	1.736985122288000	25.603346223770000
0.151000000000000	1.761478023989000	23.540110200198999
0.152000000000000	1.784866095132000	21.392906126042000
0.153000000000000	1.806010612153000	19.233934180607999
0.154000000000000	1.823771866003000	17.295385566926001
0.155000000000000	1.838897648878000	15.827436065764999
0.156000000000000	1.853290149327000	14.884068044952000
0.157000000000000	1.867968197807000	14.259530776388999
0.158000000000000	1.882656740724000	13.630330344817001
0.159000000000000	1.896691365143000	12.759952181090000
0.160000000000000	1.909247528784000	11.604457998530000
0.161000000000000	1.919822742941000	10.267308475713000
0.162000000000000	1.928966077179000	8.872045183301999
0.163000000000000	1.937184656682000	7.474092415064000
0.164000000000000	1.944034659808000	6.064324171231000
0.165000000000000	1.949212909663000	4.607087333482000
0.166000000000000	1.953113791615000	3.059652080191000
0.167000000000000	1.955799377878000	1.397449253654000
0.168000000000000	1.956609550877000	-0.341238476618000
0.169000000000000	1.955266480443000	-2.041923416512000
0.170000000000000	1.952190849975000	-3.560106511042000
0.171000000000000	1.947760190674000	-4.780940365159000
0.172000000000000	1.942469906312000	-5.635737888726000
0.173000000000000	1.936874328173000	-6.066180958984000
0.174000000000000	1.930784711260000	-5.988325183648000
0.175000000000000	1.923903352635000	-5.351664891678000
0.176000000000000	1.917270750592000	-4.318151270540000
0.177000000000000	1.913009617339000	-3.392115291419000
0.178000000000000	1.912044261710000	-3.247176512190000
0.179000000000000	1.912287533636000	-4.226059065099000
0.180000000000000	1.909928187353000	-5.857380944799000
0.181000000000000	1.902880636539000	-6.825859259487000
0.182000000000000	1.893066079256000	-5.499861612152000
0.183000000000000	1.885506171590000	-0.682268203074000
0.184000000000000	1.885530848968000	7.871465368533000
0.185000000000000	1.897184973233000	19.384149232618000
0.186000000000000	1.923131371697000	32.365604353289001
0.187000000000000	1.964000184305000	45.119199095608003
0.188000000000000	2.017664678500000	56.254628509249997
0.189000000000000	2.080492611674000	65.006367567588001
0.190000000000000	2.149657187471000	71.243251555816997
0.191000000000000	2.223527238257000	75.255911192043001
0.192000000000000	2.300199742433000	77.511889199644997
0.193000000000000	2.377635750466000	78.464804619616004
0.194000000000000	2.455300520274000	78.407148461041999
0.195000000000000	2.533471885670000	77.416834486107007
0.196000000000000	2.611185954070000	75.473943573902005
0.197000000000000	2.686349766456000	72.670350136626993
0.198000000000000	2.757336319997000	69.308910772743999
0.199000000000000	2.824091670627000	65.801356023807003
0.200000000000000	2.887674096948000	62.492697249536000
0.201000000000000	2.948793453767000	59.595699283976998
0.202000000000000	3.007520158264000	57.267997673974001
0.203000000000000	3.063861212888000	55.703620150370000
0.204000000000000	3.118233666752000	55.105290451355003
0.205000000000000	3.172028857100000	55.530806336895999
0.206000000000000	3.227052335618000	56.734525405550002
0.207000000000000	3.284273810718000	58.141560094402998
0.208000000000000	3.343758089802000	59.001646486349998
0.209000000000000	3.404672177072000	58.670403205855003
0.210000000000000	3.464739793176000	56.896902265721003
0.211000000000000	3.521088246802000	53.947804021103998
0.212000000000000	3.572423968603000	50.452439263731002
0.213000000000000	3.619663945400000	47.055620908858003
0.214000000000000	3.664250640824000	44.126854246655000
0.215000000000000	3.706847496800000	41.698089689518000
0.216000000000000	3.747689803754000	39.595151845795002
0.217000000000000	3.786977918045000	37.631772149381000
0.218000000000000	3.824515924535000	35.770638337653999
0.219000000000000	3.859649793640000	34.182783330489997
0.220000000000000	3.892137164709000	33.139770881366999
0.221000000000000	3.923114716681000	32.759040735756003
0.222000000000000	3.954750726842000	32.781509055557997
0.223000000000000	3.988385397303000	32.609456379975001
0.224000000000000	4.023007731609000	31.645529489672001
0.225000000000000	4.055740617251000	29.686256472861000
0.226000000000000	4.084026477918000	27.027963557321002
0.227000000000000	4.107644627285000	24.172613418318999
0.228000000000000	4.128543757956000	21.384045977568000
0.229000000000000	4.148606369373000	18.494053014595998
0.230000000000000	4.167522463149000	15.134635474836999
0.231000000000000	4.182954294157000	11.184822647395000
0.232000000000000	4.192792605556000	7.038757192459000
0.233000000000000	4.196726352619000	3.472594237702000
0.234000000000000	4.196342988885000	1.211717311265000
0.235000000000000	4.194748857261000	0.504922467835000
0.236000000000000	4.194857788685000	0.989915892847000
0.237000000000000	4.197263203602000	1.913661026724000
0.238000000000000	4.200713732520000	2.507887119319000
0.239000000000000	4.204098620140000	2.257173326295000
0.240000000000000	4.206713937812000	0.978004757961000
0.241000000000000	4.207557794807000	-1.200151564320000
0.242000000000000	4.205551879665000	-3.878352839891000
0.243000000000000	4.199998374336000	-6.484055428190000
0.244000000000000	4.190995817434000	-8.467560928512000
0.245000000000000	4.179915853074000	-9.563965377395000
0.246000000000000	4.168778705359000	-9.979808705630001
0.247000000000000	4.158981585319000	-10.343820740873999
0.248000000000000	4.150340737697000	-11.382172513619000
0.249000000000000	4.140639941022000	-13.478318926330999
0.250000000000000	4.127076319831000	-16.400640942443999
0.251000000000000	4.108569711248000	-19.392425196045000
0.252000000000000	4.086010305710000	-21.569432916907999
0.253000000000000	4.061356757306000	-22.384247656829999
0.254000000000000	4.037195123933000	-21.913701651078000
0.255000000000000	4.015747327729000	-20.827496121741000
0.256000000000000	3.997272926632000	-20.039539135016000
0.257000000000000	3.979814338829000	-20.220665873215001
0.258000000000000	3.960808690018000	-21.456485474375999
0.259000000000000	3.938598192167000	-23.247658189584001
0.260000000000000	3.912954690287000	-24.836119888816999
0.261000000000000	3.885182558781000	-25.665706922411999
0.262000000000000	3.857552103971000	-25.723018821067999
0.263000000000000	3.832044592360000	-25.551345917387000
0.264000000000000	3.808667976853000	-25.899098481225000
0.265000000000000	3.784857309948000	-27.213692791509001
0.266000000000000	3.757821997316000	-29.327306225118001
0.267000000000000	3.727102863453000	-31.518019033087999
0.268000000000000	3.694131982841000	-32.808203123714001
0.269000000000000	3.660576644976000	-32.243139124456000
0.270000000000000	3.628162227015000	-29.062816053174000
0.271000000000000	3.599712437669000	-22.844536419322999
0.272000000000000	3.579167977186000	-13.641246138971001
0.273000000000000	3.570213741129000	-2.014165679574000
0.274000000000000	3.574905404781000	11.112923028628000
0.275000000000000	3.593124587326000	24.680024412895001
0.276000000000000	3.624014617032000	37.617798690584998
0.277000000000000	3.667646183797000	48.854961818249997
0.278000000000000	3.723421563029000	57.410394913361998
0.279000000000000	3.787619677613000	62.711037550367003
0.280000000000000	3.854368950578000	64.929886184709005
0.281000000000000	3.919108624541000	64.960887689565993
0.282000000000000	3.980991664514000	63.931019652998998
0.283000000000000	4.042104018270000	62.607525698639002
0.284000000000000	4.104147310353000	61.174297717150999
0.285000000000000	4.165978834182000	59.482750221471001
0.286000000000000	4.225070043311000	57.432219390160000
0.287000000000000	4.280861578724000	55.110937164082003
0.288000000000000	4.334803838405000	52.712475568197000
0.289000000000000	4.387347373557000	50.490800311641998
0.290000000000000	4.437355458631000	48.826511700818997
0.291000000000000	4.484595916070000	48.205691853399998
0.292000000000000	4.530794399608000	48.977590386437001
0.293000000000000	4.578390186490000	51.026783249322001
0.294000000000000	4.629554896692000	53.615665707216003
0.295000000000000	4.685414918058000	55.562532503866002
0.296000000000000	4.744736015966000	55.736613493359002
0.297000000000000	4.803382266844000	53.628367303258997
0.298000000000000	4.856360523052000	49.608405691658000
0.299000000000000	4.901780321189000	44.649991757312002
0.300000000000000	4.941745478340000	39.737662487420003
0.301000000000000	4.978780658785000	35.466350871450999
0.302000000000000	5.013266120123000	32.093812437882001
0.303000000000000	5.044502820515000	29.824934367232000
0.304000000000000	5.072762283112000	28.937520876347001
0.305000000000000	5.099843327541000	29.609108733774999
0.306000000000000	5.128154130798000	31.613966200861999
0.307000000000000	5.159842659868000	34.154779351351998
0.308000000000000	5.196107716872000	36.006898118195998
0.309000000000000	5.235711549399000	35.981829415275001
0.310000000000000	5.274470384696000	33.493373441387000
0.311000000000000	5.307644169327000	28.864552898372999
0.312000000000000	5.332958148478000	23.148364981488999
0.313000000000000	5.351191709057000	17.592976897222002
0.314000000000000	5.364291083495000	13.110243454020001
0.315000000000000	5.373966816796000	10.004482670887000
0.316000000000000	5.381991039946000	7.987165648961000
0.317000000000000	5.389759575082000	6.403944194132000
0.318000000000000	5.397240185050000	4.600653088617000
0.319000000000000	5.402981599436000	2.300375122980000
0.320000000000000	5.404849617561000	-0.220635205504000
0.321000000000000	5.401819864831000	-2.325348389622000
0.322000000000000	5.395867629917000	-3.494957056252000
0.323000000000000	5.390800484564000	-3.726053722569000
0.324000000000000	5.388446484990000	-3.492922736842000
0.325000000000000	5.387034408651000	-3.333807761435000
0.326000000000000	5.383957594416000	-3.502830358270000
0.327000000000000	5.379025227487000	-4.009583424256000
0.328000000000000	5.373872034015000	-4.895045604810000
0.329000000000000	5.369032712775000	-6.360487544207000
0.330000000000000	5.363148484215000	-8.606860881135001
0.331000000000000	5.354338889039000	-11.584544057878000
0.332000000000000	5.341185212601000	-14.915762267213999
0.333000000000000	5.323485459393000	-18.064030552304001
0.334000000000000	5.302750097470000	-20.608522507623000
0.335000000000000	5.280871576723000	-22.398200972946000
0.336000000000000	5.258307328699000	-23.486901203391000
0.337000000000000	5.234440051546000	-23.982752120952998
0.338000000000000	5.209526420184000	-24.009479766032001
0.339000000000000	5.185141918624000	-23.781054871843001
0.340000000000000	5.162105772727000	-23.614868890073001
0.341000000000000	5.139323415064000	-23.809423859132998
0.342000000000000	5.115462700508000	-24.518866100057998
0.343000000000000	5.090377450499000	-25.746708778645001
0.344000000000000	5.064221024614000	-27.402585011166000
0.345000000000000	5.036341164236000	-29.320207808717999
0.346000000000000	5.005830830559000	-31.263749832620999
0.347000000000000	4.972760552928000	-33.006572399465000
0.348000000000000	4.938453671863000	-34.440571828536001
0.349000000000000	4.904236933148000	-35.555539950845002
0.350000000000000	4.870091198416000	-36.219535647451998
0.351000000000000	4.835075168924000	-35.925842373277000
0.352000000000000	4.799075118665000	-33.783607410408997
0.353000000000000	4.764414156345000	-28.866467260817998
0.354000000000000	4.735736093224000	-20.734114108919002
0.355000000000000	4.717753821828000	-9.788443536604000
0.356000000000000	4.713557768422000	2.757471113308000
0.357000000000000	4.724324461649000	15.281372539624000
0.358000000000000	4.748577839957000	26.332899402448000
0.359000000000000	4.782415046703000	35.115259401450999
0.360000000000000	4.821937157017000	41.611476869857000
0.361000000000000	4.865157491899000	46.299967222409997
0.362000000000000	4.911849191827000	49.684633969419998
0.363000000000000	4.962295878014000	51.976254646698003
0.364000000000000	5.015788666260000	53.104348211363998
0.365000000000000	5.070282790118000	52.965761349386000
0.366000000000000	5.123637802643000	51.664383704343003
0.367000000000000	5.174405825189000	49.563474668348000
0.368000000000000	5.222091985691000	47.151011355930002
0.369000000000000	5.267335272886000	44.849939520649997
0.370000000000000	5.310931248309000	42.915282412223000
0.371000000000000	5.353073525827000	41.457462475425999
0.372000000000000	5.393773287566000	40.512452871389002
0.373000000000000	5.433699542253000	40.078553027216998
0.374000000000000	5.474126905841000	40.141374474297002
0.375000000000000	5.514940779207000	40.720442520105003
0.376000000000000	5.554983412881000	41.841745276223001
0.377000000000000	5.595349694575000	43.339693320553998
0.378000000000000	5.638644622385000	44.651407799936997
0.379000000000000	5.685416750476000	44.920181254124998
0.380000000000000	5.733305382885000	43.465473574964001
0.381000000000000	5.778166011740000	40.279690833601002
0.382000000000000	5.816400674489000	36.123348892625998
0.383000000000000	5.847828951412000	32.102332389280001
0.384000000000000	5.875740436732000	29.055905309631001
0.385000000000000	5.903241009783000	27.239922698731998
0.386000000000000	5.930524826320000	26.462349226188000
0.387000000000000	5.956736115481000	26.382161344741000
0.388000000000000	5.982718181740000	26.654316397561001
0.389000000000000	6.010060638527000	26.946892715600999
0.390000000000000	6.038455939164000	27.020583092256999
0.391000000000000	6.065881824794000	26.842815596645998
0.392000000000000	6.091291017676000	26.522406164094999
0.393000000000000	6.115764349745000	26.028722613835999
0.394000000000000	6.140787349650000	24.958991247814001
0.395000000000000	6.166234517436000	22.632135092241999
0.396000000000000	6.190058467787000	18.508358732887999
0.397000000000000	6.208816220754000	12.659059495460999
0.398000000000000	6.219172223042000	5.950902677438000
0.399000000000000	6.220291961509000	-0.222548654166000
0.400000000000000	6.214274396548000	-4.540039756356000
0.401000000000000	6.204946561647000	-6.352237084332000
0.402000000000000	6.196569284678000	-5.957617763124000
0.403000000000000	6.191721527859000	-4.419901594008000
0.404000000000000	6.190204264047000	-3.045828980895000
0.405000000000000	6.190078224800000	-2.816805996912000
0.406000000000000	6.188646965904000	-4.059265370951000
0.407000000000000	6.183682526698000	-6.473964317146000
0.408000000000000	6.175004653223000	-9.430796391680000
0.409000000000000	6.163436487776000	-12.301543471424999
0.410000000000000	6.148984322391000	-14.665992213398001
0.411000000000000	6.132205582398000	-16.392000619752999
0.412000000000000	6.115085831647000	-17.611746789531999
0.413000000000000	6.098374276575000	-18.551751313364001
0.414000000000000	6.080435012626000	-19.290743508578998
0.415000000000000	6.060014374341000	-19.694566086894000
0.416000000000000	6.038315781378000	-19.646252323906001
0.417000000000000	6.017710714307000	-19.342070258427000
0.418000000000000	5.999224006363000	-19.320568537779000
0.419000000000000	5.981608022376000	-20.162780580168999
0.420000000000000	5.962507404148000	-22.110979287664001
0.421000000000000	5.939932590819000	-24.893757054822998
0.422000000000000	5.912941765363000	-27.858773313651000
0.423000000000000	5.882077808500000	-30.310776536323001
0.424000000000000	5.849235311223000	-31.847592972209998
0.425000000000000	5.816258339500000	-32.506141684783003
0.426000000000000	5.783819359881000	-32.667143525745999
0.427000000000000	5.751779618824000	-32.823624628879003
0.428000000000000	5.719613484687000	-33.362924109836001
0.429000000000000	5.686495579483000	-34.445178404473999
0.430000000000000	5.651780822963000	-35.984928966741002
0.431000000000000	5.615011726758000	-37.713968022707000
0.432000000000000	5.575727841675000	-39.314593357573003
0.433000000000000	5.534322397844000	-40.605104381300997
0.434000000000000	5.492437736805000	-41.678239911581002
0.435000000000000	5.451324214330000	-42.833485793626998
0.436000000000000	5.409855660859000	-44.285526586427999
0.437000000000000	5.365545409400000	-45.893578127273003
0.438000000000000	5.317968051152000	-47.180739452959997
0.439000000000000	5.269490547202000	-47.587746950426997
0.440000000000000	5.222618326664000	-46.637044145394000
0.441000000000000	5.178033193751000	-43.852330493324999
0.442000000000000	5.135463877739000	-38.674624044580000
0.443000000000000	5.096702341293000	-30.699818126577000
0.444000000000000	5.066991551891000	-20.172004683259999
0.445000000000000	5.051764971537000	-8.247589813673001
0.446000000000000	5.052429926018000	3.365939389129000
0.447000000000000	5.065743293379000	13.234902576973999
0.448000000000000	5.086043592894000	20.868930170327999
0.449000000000000	5.109061204384000	26.707986429689999
0.450000000000000	5.135075699580000	31.472412615039001
0.451000000000000	5.167058871406000	35.476762915649999
0.452000000000000	5.205630434147000	38.498753291988997
0.453000000000000	5.247597242085000	40.203052793841003
0.454000000000000	5.289237568068000	40.597506828184997
0.455000000000000	5.329216021774000	40.098043379120000
0.456000000000000	5.367981141041000	39.261603598362001
0.457000000000000	5.406138614801000	38.507033585681000
0.458000000000000	5.443977252996000	38.010737469272001
0.459000000000000	5.481489803271000	37.737002633917001
0.460000000000000	5.518831160912000	37.501300088130002
0.461000000000000	5.556554947941000	37.051201401813003
0.462000000000000	5.594576811424000	36.211407951452998
0.463000000000000	5.631457690797000	35.056767533551998
0.464000000000000	5.665640209727000	33.947453532537999
0.465000000000000	5.697260378999000	33.305970622912000
0.466000000000000	5.728431965612000	33.262207117674002
0.467000000000000	5.761523748906000	33.478940838950997
0.468000000000000	5.796756547510000	33.351978799618998
0.469000000000000	5.831971675723000	32.443526889879003
0.470000000000000	5.864874904669000	30.800451424944999
0.471000000000000	5.894423764227000	28.929470267593999
0.472000000000000	5.921025509405000	27.486838398027999
0.473000000000000	5.946625146639000	26.926364151946999
0.474000000000000	5.973104477610000	27.330028251157000
0.475000000000000	6.000733532907000	28.456818482330998
0.476000000000000	6.029376834962000	29.861703516658999
0.477000000000000	6.059594526487000	30.964863328829001
0.478000000000000	6.091614032584000	31.127782813875001
0.479000000000000	6.124134350642000	29.835888763785999
0.480000000000000	6.154482376296000	26.930856758110998
0.481000000000000	6.180131469039000	22.712406091729999
0.482000000000000	6.200021333514000	17.812339024863000
0.483000000000000	6.214444476291000	12.931183777530000
0.484000000000000	6.224300857507000	8.613461577951000
0.485000000000000	6.230583578534000	5.164414448529000
0.486000000000000	6.234135902100000	2.688293379413000
0.487000000000000	6.235746837256000	1.167806308640000
0.488000000000000	6.236329406552000	0.521409148893000
0.489000000000000	6.236471613936000	0.610946971299000
0.490000000000000	6.236415719203000	1.187991007232000
0.491000000000000	6.237104866789000	1.812231283471000
0.492000000000000	6.239621863731000	1.862621573269000
0.493000000000000	6.243110201901000	0.746823402211000
0.494000000000000	6.244948040765000	-1.775546412423000
0.495000000000000	6.242609686033000	-5.400372166975000
0.496000000000000	6.234563914013000	-9.395652543392000
0.497000000000000	6.221063368557000	-12.986087336536000
0.498000000000000	6.204601293440000	-15.758568602157000
0.499000000000000	6.187842618158000	-17.785106896369001
0.500000000000000	6.170908386529000	-19.365320328012999
0.501000000000000	6.152016500461000	-20.643793977981002
0.502000000000000	6.130161729224000	-21.484670516743002
0.503000000000000	6.106475579500000	-21.709095887126999
0.504000000000000	6.083788330208000	-21.407127566959002
0.505000000000000	6.063956977652000	-20.948793384948001
0.506000000000000	6.045398288439000	-20.655658135974001
0.507000000000000	6.025178322787000	-20.504777921494998
0.508000000000000	6.003024589091000	-20.220409438215999
0.509000000000000	5.981247337588000	-19.659232855319001
0.510000000000000	5.961435660455000	-19.080814250722000
0.511000000000000	5.943242036910000	-19.065952727347000
0.512000000000000	5.925481232695000	-20.188348119594000
0.513000000000000	5.906367282516000	-22.668418559273999
0.514000000000000	5.883470117114000	-26.184044162643001
0.515000000000000	5.854974981894000	-29.952124978956999
0.516000000000000	5.821041795166000	-33.093240865996002
0.517000000000000	5.784064626782000	-35.101008013032001
0.518000000000000	5.747289821599000	-36.100038749931997
0.519000000000000	5.712172048395000	-36.680276735587000
0.520000000000000	5.677545784950000	-37.416125340364999
0.521000000000000	5.641217246032000	-38.441871128373002
0.522000000000000	5.601593725199000	-39.416472875822997
0.523000000000000	5.559305712061000	-39.901167683296997
0.524000000000000	5.517342795687000	-39.827507830141997
0.525000000000000	5.478172884890000	-39.630116469062003
0.526000000000000	5.441123667160000	-39.900626707310998
0.527000000000000	5.403168182740000	-40.862689382081001
0.528000000000000	5.362274963289000	-42.113049700767000
0.529000000000000	5.318992619524000	-42.781895905505998
0.530000000000000	5.274994218556000	-41.912253141789002
0.531000000000000	5.232523564127000	-38.801111686383997
0.532000000000000	5.194523150966000	-33.194415088732001
0.533000000000000	5.163754875242000	-25.334191173116000
0.534000000000000	5.142506672709000	-15.876660818894999
0.535000000000000	5.132082305032000	-5.711450773626000
0.536000000000000	5.132240976875000	4.257455815847000
0.537000000000000	5.142087676286000	13.292258191990999
0.538000000000000	5.160470909872000	20.923294141018001
0.539000000000000	5.185523762890000	26.977969909041999
0.540000000000000	5.215255382892000	31.538874349450001
0.541000000000000	5.248447290350000	34.832049520966997
0.542000000000000	5.284237254039000	37.086332881419999
0.543000000000000	5.321598078407000	38.419116037934998
0.544000000000000	5.359974262667000	38.783648740022997
0.545000000000000	5.399225346156000	38.022558286459997
0.546000000000000	5.438153139784000	36.057129422810000
0.547000000000000	5.474273354511000	33.115466481980000
0.548000000000000	5.505679557569000	29.793754766713999
0.549000000000000	5.532439114550000	26.846707660041002
0.550000000000000	5.556320726867000	24.843565324107001
0.551000000000000	5.579654579032000	23.948490642288998
0.552000000000000	5.603840574522000	23.972409616682000
0.553000000000000	5.628819107865000	24.612840811000002
0.554000000000000	5.654159025378000	25.661323684208000
0.555000000000000	5.680084877104000	27.031410185407001
0.556000000000000	5.707321498479000	28.644440921908000
0.557000000000000	5.736359540464000	30.307246147013000
0.558000000000000	5.767209821710000	31.670956145971999
0.559000000000000	5.799677460509000	32.287871714799003
0.560000000000000	5.833152147895000	31.763311231269000
0.561000000000000	5.866115641971000	29.976267303617998
0.562000000000000	5.896355128170000	27.262557418202000
0.563000000000000	5.921907748298000	24.388670520485000
0.564000000000000	5.942600879845000	22.221054238588000
0.565000000000000	5.961096449240000	21.234367820014999
0.566000000000000	5.981067151196000	21.212595074597001
0.567000000000000	6.003698004767000	21.405525360875998
0.568000000000000	6.027255255510000	21.028371307762999
0.569000000000000	6.049637444009000	19.727007310162001
0.570000000000000	6.069264245291000	17.725070265170000
0.571000000000000	6.084910369562000	15.618168506872999
0.572000000000000	6.097246091225000	13.954740387241999
0.573000000000000	6.108959395057000	12.862937037759000
0.574000000000000	6.121887909880000	11.998289226107000
0.575000000000000	6.135184062275000	10.853119660160999
0.576000000000000	6.146599117037000	9.145998107655000
0.577000000000000	6.154698327186000	6.961302836924000
0.578000000000000	6.159547286828000	4.578268546052000
0.579000000000000	6.162030182847000	2.198888223775000
0.580000000000000	6.162909745167000	-0.186601749587000
0.581000000000000	6.162187181202000	-2.719405886973000
0.582000000000000	6.159137368645000	-5.474078496703000
0.583000000000000	6.152782611706000	-8.311483089148000
0.584000000000000	6.142648007189000	-10.901044765780000
0.585000000000000	6.129569593860000	-12.894602637486001
0.586000000000000	6.115291405738000	-14.105559268367999
0.587000000000000	6.100866154401000	-14.552896136856001
0.588000000000000	6.086337544371000	-14.380182840754999
0.589000000000000	6.071992415673000	-13.772223724183000
0.590000000000000	6.058515633554000	-12.934233792963999
0.591000000000000	6.046137436155000	-12.092368668511000
0.592000000000000	6.034538952103000	-11.475178526078000
0.593000000000000	6.023302263609000	-11.289714309756000
0.594000000000000	6.012223759668000	-11.699585487542000
0.595000000000000	6.000844982497000	-12.777351765228000
0.596000000000000	5.988057724189000	-14.433615703838999
0.597000000000000	5.972781121708000	-16.397833743442000
0.598000000000000	5.954428050881000	-18.331626171865999
0.599000000000000	5.933658215581000	-20.044740127939001
0.600000000000000	5.912523191087000	-21.633050146268001
0.601000000000000	5.891656619428000	-23.355773233872000
0.602000000000000	5.869024264731000	-25.317394339564000
0.603000000000000	5.842898966910000	-27.263907411464999
0.604000000000000	5.813646729984000	-28.703876419501000
0.605000000000000	5.782836453131000	-29.239831837653998
0.606000000000000	5.752515435977000	-28.830807316337001
0.607000000000000	5.724216273388000	-27.808402837290998
0.608000000000000	5.697788678557000	-26.680517767333001
0.609000000000000	5.671958907592000	-25.914817440587999
0.610000000000000	5.645964568979000	-25.868090068535999
0.611000000000000	5.620001145156000	-26.825257673298999
0.612000000000000	5.593711612735000	-28.968290527434000
0.613000000000000	5.565057178517000	-32.210257416701999
0.614000000000000	5.531701681386000	-36.059624415553003
0.615000000000000	5.492901418211000	-39.715126262981002
0.616000000000000	5.449794644767000	-42.386177711187003
0.617000000000000	5.404751085300000	-43.630058940582998
0.618000000000000	5.360330224888000	-43.480309420542000
0.619000000000000	5.318056975288000	-42.289186167512000
0.620000000000000	5.277960257859000	-40.403006983148998
0.621000000000000	5.239496858664000	-37.896741755937001
0.622000000000000	5.203155723601000	-34.518290368532000
0.623000000000000	5.170548829509000	-29.810023585031001
0.624000000000000	5.142783565458000	-23.306739154808000
0.625000000000000	5.120827150459000	-14.801416301352999
0.626000000000000	5.107769944069000	-4.665245379792000
0.627000000000000	5.107648952975000	5.999482329478000
0.628000000000000	5.121305894005000	15.654025329904000
0.629000000000000	5.145124462821000	22.998194856803000
0.630000000000000	5.173627691579000	27.557169163880001
0.631000000000000	5.202807880584000	29.751609983689999
0.632000000000000	5.231577725451000	30.462267912565999
0.633000000000000	5.260507712633000	30.471691198655002
0.634000000000000	5.290144734413000	30.159571919185002
0.635000000000000	5.320536223722000	29.556900980782999
0.636000000000000	5.350750910122000	28.609533833112000
0.637000000000000	5.379330710599000	27.413210219498001
0.638000000000000	5.406059231033000	26.270222511989001
0.639000000000000	5.431623264134000	25.589275662995998
0.640000000000000	5.456204696033000	25.723373281998999
0.641000000000000	5.480653213709000	26.792044160035001
0.642000000000000	5.507161900875000	28.544387692375000
0.643000000000000	5.536981706673000	30.382534629782000
0.644000000000000	5.569190284263000	31.580356111943999
0.645000000000000	5.602136281218000	31.560553518974000
0.646000000000000	5.634537197555000	30.086822242692001
0.647000000000000	5.664903674678000	27.353183147060999
0.648000000000000	5.691298676881000	23.977913800113999
0.649000000000000	5.712709248570000	20.843838082344998
0.650000000000000	5.730187016626000	18.769043060560001
0.651000000000000	5.746263144505000	18.151205903226000
0.652000000000000	5.763551417119000	18.807588664400999
0.653000000000000	5.783643769273000	20.128577090021999
0.654000000000000	5.806367960335000	21.459821037805000
0.655000000000000	5.829828401997000	22.460121754734999
0.656000000000000	5.852235170631000	23.172815403539001
0.657000000000000	5.874090085770000	23.771454784435999
0.658000000000000	5.897410902770000	24.246950904645999
0.659000000000000	5.922638510037000	24.348846306298000
0.660000000000000	5.947837681517000	23.785311356291999
0.661000000000000	5.971151075057000	22.408255437066000
0.662000000000000	5.992359751992000	20.209989390729000
0.663000000000000	6.011553412686000	17.241011031043001
0.664000000000000	6.027917898373000	13.619060665259999
0.665000000000000	6.040301494435000	9.620037142531000
0.666000000000000	6.047898737272000	5.710175079263000
0.667000000000000	6.050903383155000	2.433351877072000
0.668000000000000	6.050797992733000	0.207157778039000
0.669000000000000	6.049346870683000	-0.840254854966000
0.670000000000000	6.047781540100000	-0.908045126304000
0.671000000000000	6.046748259913000	-0.457527505790000
0.672000000000000	6.046526452516000	-0.104415451642000
0.673000000000000	6.047342920794000	-0.467777846893000
0.674000000000000	6.048610055830000	-1.930490001538000
0.675000000000000	6.047950536137000	-4.364153194518000
0.676000000000000	6.042630502166000	-7.035732125485000
0.677000000000000	6.032403057411000	-8.883149158965001
0.678000000000000	6.020162593401000	-9.048109450738000
0.679000000000000	6.009920106981000	-7.288674374307000
0.680000000000000	6.004332594020000	-3.976070856309000
0.681000000000000	6.003676553253000	0.263644140146000
0.682000000000000	6.007049638477000	4.932056489970000
0.683000000000000	6.014316155792000	9.797140791292000
0.684000000000000	6.026502804307000	14.810934263241000
0.685000000000000	6.044362588560000	20.010296608859999
0.686000000000000	6.067283727948000	25.492246751863000
0.687000000000000	6.094443640196000	31.343699030439002
0.688000000000000	6.126643368791000	37.422573936650998
0.689000000000000	6.165917028671000	43.140905530331999
0.690000000000000	6.212941998762000	47.540767744737003
0.691000000000000	6.265265673883000	49.740033170460002
0.692000000000000	6.318236675681000	49.459973548297000
0.693000000000000	6.367738987433000	47.230739069904999
0.694000000000000	6.412345481014000	44.127301561218999
0.695000000000000	6.452900955733000	41.247232978711999
0.696000000000000	6.491137846111000	39.273902959756001
0.697000000000000	6.528958834368000	38.333044887843997
0.698000000000000	6.567314069993000	38.131257533221003
0.699000000000000	6.605908516630000	38.213813576652001
0.700000000000000	6.644463883367000	38.166390465540999
0.701000000000000	6.682967439225000	37.703058811364002
0.702000000000000	6.720823290440000	36.690518463826997
0.703000000000000	6.757024879629000	35.143592243363003
0.704000000000000	6.791113934697000	33.182069039034999
0.705000000000000	6.823320529468000	30.975598856175999
0.706000000000000	6.853717563992000	28.742059509575000
0.707000000000000	6.881840816620000	26.799840251126000
0.708000000000000	6.907708989334000	25.587903273729001
0.709000000000000	6.932504694008000	25.593043248840999
0.710000000000000	6.957688251354000	27.208621554604001
0.711000000000000	6.984613231032000	30.564530615713000
0.712000000000000	7.015505611541000	35.366851097097999
0.713000000000000	7.053291634904000	40.868678057026997
0.714000000000000	7.098908023112000	46.115108996770999
0.715000000000000	7.149820242261000	50.382674943684997
0.716000000000000	7.202858493504000	53.480344447695998
0.717000000000000	7.256979685125000	55.671532554405999
0.718000000000000	7.312424099849000	57.329976993297997
0.719000000000000	7.369497119079000	58.627779718596997
0.720000000000000	7.428523444932000	59.447648935022997
0.721000000000000	7.489230041385000	59.533639587304002
0.722000000000000	7.550240217307000	58.775351309336997
0.723000000000000	7.609770121832000	57.448872257003998
0.724000000000000	7.666545077338000	56.243642615742999
0.725000000000000	7.720899341109000	56.023409541092001
0.726000000000000	7.775161112366000	57.442596985004002
0.727000000000000	7.832001645227000	60.631756746367003
0.728000000000000	7.893528668084000	65.107280491327998
0.729000000000000	7.961592770891000	69.949207356624996
0.730000000000000	8.036344668854000	74.208123919608994
0.731000000000000	8.115048896433001	77.368691136267998
0.732000000000000	8.194135552203001	79.553008217552005
0.733000000000000	8.272535121520001	81.260355963663002
0.734000000000000	8.352435714745001	82.849904334838996
0.735000000000000	8.436178528932000	84.251930420657999
0.736000000000000	8.523007029218000	85.160810963745007
0.737000000000000	8.609871066835000	85.449027763917996
0.738000000000000	8.694958625280000	85.347462186694997
0.739000000000000	8.779082660566999	85.260815568758005
0.740000000000000	8.863688231682000	85.479501091445002
0.741000000000000	8.949222882026000	86.058843907780002
0.742000000000000	9.035579420610000	86.876742602820002
0.743000000000000	9.123005926381000	87.745726200969997
0.744000000000000	9.212058421794000	88.535622636168995
0.745000000000000	9.302337892196000	89.318982934991993
0.746000000000000	9.392335881328000	90.445587811628002
0.747000000000000	9.481690430469000	92.378998406470004
0.748000000000000	9.572641496494001	95.310736472054998
0.749000000000000	9.668393576767000	98.856181761520006
0.750000000000000	9.770364957962000	102.154739809744000
0.751000000000000	9.876777778068000	104.357004904574000
0.752000000000000	9.983749821724000	105.115305627197000
0.753000000000000	10.088586172403000	104.684472736187000
0.754000000000000	10.191509506209000	103.610186186885000
0.755000000000000	10.293690644238000	102.340381799663010
0.756000000000000	10.395372165567000	101.069939005780990
0.757000000000000	10.496061626259999	99.823950377393999
0.758000000000000	10.595258375918000	98.588740764254993
0.759000000000000	10.693132301189999	97.364209312908997
0.760000000000000	10.789982648425999	96.154520424029002
0.761000000000000	10.885261567979001	94.938509242419997
0.762000000000000	10.978731036789000	93.611656490350995
0.763000000000000	11.071417313460000	91.937830255552996
0.764000000000000	11.163660184962000	89.631054275942006
0.765000000000000	11.253508394914000	86.576537815875000
0.766000000000000	11.338507942061000	82.975797384035999
0.767000000000000	11.418304936812000	79.221988109090006
0.768000000000000	11.494631915058999	75.621669173605000
0.769000000000000	11.569102959091000	72.277462913562999
0.770000000000000	11.641215462180000	69.249135606105000
0.771000000000000	11.709105700497000	66.747375818142004
0.772000000000000	11.772905269481999	65.055973238346994
0.773000000000000	11.835691052747000	64.235901284609994
0.774000000000000	11.900131845316000	63.984129628158001
0.775000000000000	11.965889232797000	63.853892825909000
0.776000000000000	12.030604188924000	63.589145890426998
0.777000000000000	12.092659794165000	63.166998575948000
0.778000000000000	12.153283507732001	62.487454447905002
0.779000000000000	12.215136059650000	61.102602247378002
0.780000000000000	12.277961320408000	58.386385967187003
0.781000000000000	12.337537700894000	54.052073388235002
0.782000000000000	12.389980777212999	48.511823024161998
0.783000000000000	12.434617038312000	42.743191139465999
0.784000000000000	12.472781540289001	37.813550687705998
0.785000000000000	12.506672438934000	34.432297363678998
0.786000000000000	12.538773208212000	32.758693666534000
0.787000000000000	12.571023796691000	32.485028008283003
0.788000000000000	12.604610865845000	33.106530447810002
0.789000000000000	12.639787677140999	34.246744337726000
0.790000000000000	12.675675787470000	35.872036955280002
0.791000000000000	12.711538781610001	38.233501504358003
0.792000000000000	12.748788716075000	41.526701607226002
0.793000000000000	12.790610257065000	45.525400880707998
0.794000000000000	12.838962288469000	49.537231985001000
0.795000000000000	12.892556593840000	52.754206219328999
0.796000000000000	12.948118077821000	54.683300503254003
0.797000000000000	13.003227995882000	55.282816497420001
0.798000000000000	13.057702800267000	54.764528623049998
0.799000000000000	13.112020373717000	53.349768758642000
0.800000000000000	13.165145808444001	51.221834032452001
0.801000000000000	13.215433470899001	48.619349236619001
0.802000000000000	13.262476651495000	45.878859691012998
0.803000000000000	13.306738476499000	43.372324475809002
0.804000000000000	13.348740387403000	41.424510999090003
0.805000000000000	13.389048548418000	40.267451487830002
0.806000000000000	13.428487666626999	40.013141574350001
0.807000000000000	13.468065748548000	40.619956019139003
0.808000000000000	13.508623335317001	41.862297084802002
0.809000000000000	13.550977943046000	43.338830298547002
0.810000000000000	13.595696993771000	44.563349660607003
0.811000000000000	13.641913506530001	45.135755252019003
0.812000000000000	13.687718980323000	44.892950012013003
0.813000000000000	13.732362123721000	43.934420369881003
0.814000000000000	13.776174018770000	42.560457698486999
0.815000000000000	13.818694467164001	41.234223882852000
0.816000000000000	13.859134072590001	40.547633929294001
0.817000000000000	13.898026307365001	41.066189879410999
0.818000000000000	13.937788895041001	43.061786427325004
0.819000000000000	13.981566448835000	46.342786803384001
0.820000000000000	14.030509334153001	50.351132934121999
0.821000000000000	14.083480876950000	54.426733680336000
0.822000000000000	14.139811885003001	57.995494333724999
0.823000000000000	14.199845681063000	60.615272495710002
0.824000000000000	14.262708603989999	62.014582878772003
0.825000000000000	14.325848353750001	62.170256579060002
0.826000000000000	14.387423893491000	61.296603591310998
0.827000000000000	14.447391045048001	59.687734771060001
0.828000000000000	14.505687469792999	57.537837752917000
0.829000000000000	14.561612137103999	54.865682430202000
0.830000000000000	14.615058760923000	51.555954892949003
0.831000000000000	14.665877000266001	47.497505715255997
0.832000000000000	14.712471570978000	42.774587958582003
0.833000000000000	14.753035730141001	37.776351922357001
0.834000000000000	14.787642773351999	33.109279237918003
0.835000000000000	14.817987177408000	29.387514287251999
0.836000000000000	14.845542903855000	27.077522591960001
0.837000000000000	14.871141516440000	26.437557439892998
0.838000000000000	14.896174016767000	27.444621422644001
0.839000000000000	14.922887027317000	29.670029837561000
0.840000000000000	14.953412302743001	32.240876804925001
0.841000000000000	14.988460315786000	34.057252856978998
0.842000000000000	15.026114672399000	34.248821626401998
0.843000000000000	15.062292819279000	32.601937534747996
0.844000000000000	15.093634887445999	29.629411881736001
0.845000000000000	15.119959645531999	26.217451665264001
0.846000000000000	15.143002695151999	23.136655634425001
0.847000000000000	15.164043877875001	20.767545806870000
0.848000000000000	15.184000416498000	19.144740076007999
0.849000000000000	15.203324942082000	18.178169608887998
0.850000000000000	15.221289938949999	17.828285584934999
0.851000000000000	15.237749603405000	18.070711869320998
0.852000000000000	15.254565824677000	18.689877041542001
0.853000000000000	15.273697480727000	19.162148602536000
0.854000000000000	15.294732565807999	18.836448425368999
0.855000000000000	15.314913266927000	17.294147564065000
0.856000000000000	15.331606464423000	14.563500492388000
0.857000000000000	15.344073961661000	11.026677783524001
0.858000000000000	15.352602259050000	7.158548162019000
0.859000000000000	15.357278435026000	3.319699375275000
0.860000000000000	15.358315935624001	-0.310815348059000
0.861000000000000	15.356457088947000	-3.687004412955000
0.862000000000000	15.351973436324000	-6.772957312780000
0.863000000000000	15.343978451644000	-9.439230694720999
0.864000000000000	15.331973926148001	-11.523972081823000
0.865000000000000	15.317722458414000	-13.063813438694000
0.866000000000000	15.303949742285999	-14.441947417262000
0.867000000000000	15.290883816219001	-16.200925464762999
0.868000000000000	15.275729433278000	-18.630668179880001
0.869000000000000	15.255980416127001	-21.530237794725998
0.870000000000000	15.231813922090000	-24.364287186824999
0.871000000000000	15.204970150328000	-26.626786200586000
0.872000000000000	15.176817966777000	-28.087916989991999
0.873000000000000	15.148035591097001	-28.809594842285001
0.874000000000000	15.118925942774000	-29.039180340283998
0.875000000000000	15.089758956648000	-29.110869711932001
0.876000000000000	15.060844132014999	-29.380363614227999
0.877000000000000	15.031727998416001	-30.159672068409002
0.878000000000000	15.001388001372000	-31.650799825488999
0.879000000000000	14.969186696076999	-33.906157174531998
0.880000000000000	14.934471538447999	-36.814523789905998
0.881000000000000	14.896547549046000	-40.089202619241000
0.882000000000000	14.855335874651001	-43.254521580091001
0.883000000000000	14.810964900586001	-45.653690706604003
0.884000000000000	14.763951994543000	-46.521627858792002
0.885000000000000	14.716322184315000	-45.150516453888997
0.886000000000000	14.671098695991001	-41.104324328657000
0.887000000000000	14.631178731082001	-34.394649371534001
0.888000000000000	14.599404440044999	-25.557534555688001
0.889000000000000	14.578416841289000	-15.585350669575000
0.890000000000000	14.569402237053000	-5.668685624120000
0.891000000000000	14.570708363779000	3.186996223352000
0.892000000000000	14.578808903790000	10.429760098272000
0.893000000000000	14.591548918199001	15.903947355407000
0.894000000000000	14.609065014419000	19.574900988225000
0.895000000000000	14.631108248580000	21.387659205184999
0.896000000000000	14.654903528733000	21.424045918164001
0.897000000000000	14.676605324207999	20.115802172167001
0.898000000000000	14.694553057854000	18.178910594095999
0.899000000000000	14.709869336610000	16.267169834442001
0.900000000000000	14.724234868503000	14.663367176569000
0.901000000000000	14.738652155798000	13.282401579987001
0.902000000000000	14.753105796753999	11.975547810799000
0.903000000000000	14.765967864825001	10.877366495422001
0.904000000000000	14.775649835235001	10.473116515233000
0.905000000000000	14.783431549797999	11.264456378704001
0.906000000000000	14.792943275914000	13.282659644898001
0.907000000000000	14.807028104375000	15.879672326124000
0.908000000000000	14.825841687839000	17.996675202553000
0.909000000000000	14.847270486576001	18.718001980798000
0.910000000000000	14.868208748812000	17.739807398781000
0.911000000000000	14.885739609020000	15.485929786669001
0.912000000000000	14.898726396632000	12.837772076486999
0.913000000000000	14.908562366691999	10.677508029636000
0.914000000000000	14.917391478479001	9.542355167778000
0.915000000000000	14.926275268806000	9.551483359420001
0.916000000000000	14.935962209155999	10.533517192065000
0.917000000000000	14.947667463890999	12.212022496233001
0.918000000000000	14.961905579726000	14.387481891983001
0.919000000000000	14.978175085198000	17.067751487342999
0.920000000000000	14.996103989106000	20.438564913762999
0.921000000000000	15.016479434346000	24.621169183745000
0.922000000000000	15.041561562152999	29.362996969044001
0.923000000000000	15.073372558543999	33.941469156796998
0.924000000000000	15.111459053120001	37.435822600748999
0.925000000000000	15.152765076258000	39.202649301937001
0.926000000000000	15.193383415896999	39.181614146072000
0.927000000000000	15.231157123188000	37.788717705948002
0.928000000000000	15.266401578919000	35.517191503630002
0.929000000000000	15.299944295483000	32.607105734973999
0.930000000000000	15.331721411084001	29.043486430072999
0.931000000000000	15.360542560779001	24.838331832281000
0.932000000000000	15.384462534406000	20.331674247342001
0.933000000000000	15.402403370158000	16.251973853022001
0.934000000000000	15.415252801143000	13.465671521615000
0.935000000000000	15.425465635421000	12.568051073870000
0.936000000000000	15.436223827261999	13.564212248558000
0.937000000000000	15.450091670019001	15.821195675065001
0.938000000000000	15.468125307739999	18.320107169063998
0.939000000000000	15.489828445419001	20.095469702976001
0.940000000000000	15.512897666524999	20.656595866345999
0.941000000000000	15.534345223644999	20.159727146436001
0.942000000000000	15.552921746096001	19.208054161025000
0.943000000000000	15.569675764175001	18.406466834999001
0.944000000000000	15.586591738620999	17.992210307526001
0.945000000000000	15.604801069763001	17.789629152362000
0.946000000000000	15.623497233646001	17.449826301430001
0.947000000000000	15.641107854159999	16.714777757450001
0.948000000000000	15.657316300718000	15.509655028754000
0.949000000000000	15.672590573091000	13.911785659993001
0.950000000000000	15.686378213265000	12.139697434592000
0.951000000000000	15.697663101618000	10.559233751821999
0.952000000000000	15.706640805268000	9.592594585524999
0.953000000000000	15.714683015763001	9.518819731644999
0.954000000000000	15.723412274893001	10.296904104767000
0.955000000000000	15.733915426159999	11.533251683813001
0.956000000000000	15.746341381445999	12.602132222456000
0.957000000000000	15.760174473628000	12.852109548987000
0.958000000000000	15.774270433854999	11.827498284552000
0.959000000000000	15.786444362427000	9.430421393898000
0.960000000000000	15.794362594292000	5.926180437633000
0.961000000000000	15.797286683608000	1.754276682674000
0.962000000000000	15.796016917969000	-2.725996951595000
0.963000000000000	15.791243615917001	-7.342015575012000
0.964000000000000	15.782438698681000	-11.998547775322001
0.965000000000000	15.768497705308000	-16.512422972858001
0.966000000000000	15.749150037315999	-20.597184477698001
0.967000000000000	15.725425655949000	-24.027461113529998
0.968000000000000	15.699106495819001	-26.817275616235001
0.969000000000000	15.671331737641999	-29.231426750440001
0.970000000000000	15.641776982193999	-31.615031815154001
0.971000000000000	15.609619638570001	-34.189136371859000
0.972000000000000	15.574450959762000	-36.956294720232002
0.973000000000000	15.536099028033000	-39.738459939397003
0.974000000000000	15.494586356053000	-42.289934897389998
0.975000000000000	15.450497029504000	-44.425438905820002
0.976000000000000	15.404612703323000	-46.117066014018000
0.977000000000000	15.357236971722999	-47.535764081319002
0.978000000000000	15.308673236809000	-49.033394419910998
0.979000000000000	15.259586375221000	-51.033496587636002
0.980000000000000	15.209541769915001	-53.789635780297999
0.981000000000000	15.156099547270999	-57.107325497226000
0.982000000000000	15.097013783263000	-60.288623983881998
0.983000000000000	15.033038343976999	-62.452030265501001
0.984000000000000	14.967559937310000	-63.028838941876003
0.985000000000000	14.903786356076999	-62.048665946043002
0.986000000000000	14.843091009490999	-60.031132343061003
0.987000000000000	14.785178461444000	-57.649525904576002
0.988000000000000	14.729024316789999	-55.464563554199003
0.989000000000000	14.674436386985001	-53.862720628185997
0.990000000000000	14.621891954314000	-53.083481100946003
0.991000000000000	14.570354450150001	-53.172232649290997
0.992000000000000	14.517465626176000	-53.900839879054999
0.993000000000000	14.462072439227001	-54.849318554457000
0.994000000000000	14.404860673599000	-55.698898411431998
0.995000000000000	14.347186625069000	-56.535120791326001
0.996000000000000	14.290277111378000	-57.891172645230000
0.997000000000000	14.234057882848999	-60.414420053626998
0.998000000000000	14.175479255731000	-64.322623034087002
0.999000000000000	14.109873538357000	-69.076684722473004
1.000000000000000	14.035795018402000	-73.624302907390003
1.001000000000000	13.956974664099000	-77.052066827759006
1.002000000000000	13.878298354939000	-79.021997402042004
1.003000000000000	13.801231227020001	-79.569773874527996
1.004000000000000	13.724032062718001	-78.539864957795004
1.005000000000000	13.645637928073000	-75.327407471211998
1.006000000000000	13.568952910905001	-69.252230806059003
1.007000000000000	13.500247835812999	-60.212085486573002
1.008000000000000	13.444761948387001	-48.981527105338998
1.009000000000000	13.403514462327999	-36.900717765476003
1.010000000000000	13.374575316103000	-25.275931677408000
1.011000000000000	13.355836196219000	-14.974121858325001
1.012000000000000	13.346047794123001	-6.375664964951000
1.013000000000000	13.344073409033999	0.490830340690000
1.014000000000000	13.348071765637000	5.828313807883000
1.015000000000000	13.355919333297001	9.972840829403999
1.016000000000000	13.366464822747000	13.233001100059001
1.017000000000000	13.380066865230001	15.703932580621000
1.018000000000000	13.397290220465001	17.238388696865002
1.019000000000000	13.417078128788001	17.687142041419001
1.020000000000000	13.436686652369000	17.251738104756001
1.021000000000000	13.453483451400000	16.608885867836999
1.022000000000000	13.467281700481999	16.607377471940001
1.023000000000000	13.481160601317001	17.727062452967999
1.024000000000000	13.498965226951000	19.759267830279999
1.025000000000000	13.521538129859000	21.995513349319999
1.026000000000000	13.546238260321999	23.715192569401001
1.027000000000000	13.570319593042999	24.483274673720999
1.028000000000000	13.593685765644000	24.051261507347000
1.029000000000000	13.617586489463999	22.162884039748999
1.030000000000000	13.641149522505000	18.663270650626000
1.031000000000000	13.660352555298999	13.865694319570000
1.032000000000000	13.671258197178000	8.701052932234999
1.033000000000000	13.674159843024000	4.326996614476000
1.034000000000000	13.673586771580000	1.469102996913000
1.035000000000000	13.673854066367999	0.100765488731000
1.036000000000000	13.675499298420000	-0.274618541664000
1.037000000000000	13.676568782015000	-0.093969127687000
1.038000000000000	13.676148423543999	0.506283840728000
1.039000000000000	13.675505936375000	1.500277972993000
1.040000000000000	13.676660411073000	2.664912872372000
1.041000000000000	13.680577328298000	3.519535116310000
1.042000000000000	13.686167263705000	3.576679658984000
1.043000000000000	13.690885457527999	2.656386768684000
1.044000000000000	13.692604081193000	0.964013610944000
1.045000000000000	13.691136505889000	-1.139069159300000
1.046000000000000	13.687900496333000	-3.445792177118000
1.047000000000000	13.683799225385000	-5.994226481564000
1.048000000000000	13.677879674849001	-8.867923751393001
1.049000000000000	13.668544175391000	-11.921449000295000
1.050000000000000	13.655152998160000	-14.692184386574000
1.051000000000000	13.638200465120001	-16.569162638681000
1.052000000000000	13.619337884004000	-17.096466648991001
1.053000000000000	13.600905693792001	-16.230046325756000
1.054000000000000	13.584545624715000	-14.425255165547000
1.055000000000000	13.571015474565000	-12.532951159325000
1.056000000000000	13.560526029450999	-11.535852847950000
1.057000000000000	13.551695315625000	-12.174721875923000
1.058000000000000	13.541076160296999	-14.600732847790001
1.059000000000000	13.525226582783000	-18.289925840231000
1.060000000000000	13.503063881197001	-22.356376150609002
1.061000000000000	13.475957207264999	-26.102041585180000
1.062000000000000	13.446558801708001	-29.417089279526000
1.063000000000000	13.416790029335999	-32.714744797651001
1.064000000000000	13.385355066129000	-36.435699048427999
1.065000000000000	13.348538846125001	-40.548069792475999
1.066000000000000	13.304518737764001	-44.511243291348002
1.067000000000000	13.255590897529000	-47.723460074397998
1.068000000000000	13.205484767686000	-49.979628436916002
1.069000000000000	13.155588805968000	-51.502729998084000
1.070000000000000	13.104774572817000	-52.611544115458003
1.071000000000000	13.051918456078999	-53.431815739149997
1.072000000000000	12.997397640847000	-53.907135098478001
1.073000000000000	12.942528101388000	-54.003353531412998
1.074000000000000	12.888457049433001	-53.847665789677997
1.075000000000000	12.835393717443999	-53.679114497797002
1.076000000000000	12.782172800940000	-53.711161800809997
1.077000000000000	12.727703374587000	-54.091454665823001
1.078000000000000	12.672664803295000	-54.993768985147000
1.079000000000000	12.617640831701999	-56.668421570955999
1.080000000000000	12.561347026178000	-59.303026179866002
1.081000000000000	12.502080248944001	-62.774822804522003
1.082000000000000	12.438387188203000	-66.509021612531996
1.083000000000000	12.369219101305999	-69.599772043098994
1.084000000000000	12.295764934700999	-71.198061506242993
1.085000000000000	12.221541763295001	-70.974333722983999
1.086000000000000	12.149982024409001	-69.346961448464000
1.087000000000000	12.082532934575999	-67.297966161831994
1.088000000000000	12.018324001339000	-65.888016200910002
1.089000000000000	11.955111906427000	-65.764140022570004
1.090000000000000	11.890507803110999	-66.911929687161006
1.091000000000000	11.822706533112999	-68.747419416702996
1.092000000000000	11.751064279610000	-70.499487790168004
1.093000000000000	11.677020437213001	-71.706224131111000
1.094000000000000	11.603540077205000	-72.532188057043996
1.095000000000000	11.531914334220000	-73.652850512872007
1.096000000000000	11.460186471823000	-75.751359648722001
1.097000000000000	11.385362891347000	-78.986729345051998
1.098000000000000	11.305632698418000	-82.778682984867004
1.099000000000000	11.220822498407999	-85.968051388250998
1.100000000000000	11.132468810018000	-87.186567502838002
1.101000000000000	11.043646892595000	-85.249241130770997
1.102000000000000	10.958142648695000	-79.470264192257005
1.103000000000000	10.880098199342999	-69.877342861931993
1.104000000000000	10.814152236895000	-57.285967512778001
1.105000000000000	10.764114468279001	-43.133086745912003
1.106000000000000	10.730628151015001	-29.028026712170000
1.107000000000000	10.711082293445999	-16.204245388852001
1.108000000000000	10.702146021542999	-5.201772014704000
1.109000000000000	10.701710869279999	4.044545815561000
1.110000000000000	10.708965922431000	11.844064327366000
1.111000000000000	10.723429194264000	18.396029012644998
1.112000000000000	10.744235709147000	23.625184794191000
1.113000000000000	10.770290819289000	27.228074992738001
1.114000000000000	10.799955796981999	28.867005199453999
1.115000000000000	10.830573863978000	28.416171253525000
1.116000000000000	10.859331135573999	26.138841378045999
1.117000000000000	10.884384516877001	22.702631522002999
1.118000000000000	10.904795876620000	19.024793154417001
1.119000000000000	10.920594908033999	16.004552996084001
1.120000000000000	10.933663004414001	14.243666761240000
1.121000000000000	10.946703609913000	13.897015006989999
1.122000000000000	10.960750062541001	14.727452770855001
1.123000000000000	10.975758781331001	16.263321789590002
1.124000000000000	10.992687202915000	17.918660136732001
1.125000000000000	11.012255990791999	19.096552335047001
1.126000000000000	11.033192181175000	19.357253552972999
1.127000000000000	11.053313358780001	18.581215785137999
1.128000000000000	11.071122336426001	16.970992839606001
1.129000000000000	11.086435407979000	14.876251597783000
1.130000000000000	11.099838295182000	12.599644711429001
1.131000000000000	11.111460302762000	10.334721800375000
1.132000000000000	11.121056832224999	8.237238552558001
1.133000000000000	11.128674882240000	6.524630328111000
1.134000000000000	11.134605285410000	5.515418057625000
1.135000000000000	11.139473596626001	5.578118862546000
1.136000000000000	11.144254486115999	6.986581397657000
1.137000000000000	11.150425804549000	9.709634780264000
1.138000000000000	11.160403891967000	13.244918938876999
1.139000000000000	11.176031534155999	16.668479924218001
1.140000000000000	11.196174268521000	18.956780114625001
1.141000000000000	11.217511482954000	19.388123531298000
1.142000000000000	11.237457312275000	17.756293905279001
1.143000000000000	11.254703312257000	14.345553492683999
1.144000000000000	11.267611201859999	9.805258698976999
1.145000000000000	11.274508280277001	4.990271886662000
1.146000000000000	11.275539385351999	0.720684467409000
1.147000000000000	11.272632045832999	-2.500890846017000
1.148000000000000	11.268042356826999	-4.641456184364000
1.149000000000000	11.263029303626000	-6.039765714080000
1.150000000000000	11.257279916298000	-7.143092047353000
1.151000000000000	11.249860130498000	-8.294950029300001
1.152000000000000	11.240538722010999	-9.707769004885000
1.153000000000000	11.230068072387001	-11.534834122144000
1.154000000000000	11.218911444953999	-13.842870553733000
1.155000000000000	11.205405072870001	-16.451863592060999
1.156000000000000	11.187001662370999	-18.885438639385999
1.157000000000000	11.164249323669999	-20.651330171982000
1.158000000000000	11.141034809285999	-21.662440359005000
1.159000000000000	11.119915779160999	-22.341701221426000
1.160000000000000	11.099406001176000	-23.268604224362999
1.161000000000000	11.076511620594999	-24.747705317342000
1.162000000000000	11.050126367652000	-26.726137504442999
1.163000000000000	11.021278478890000	-29.041395679712998
1.164000000000000	10.991208909954000	-31.633855762349000
1.165000000000000	10.959665102771000	-34.475165937200003
1.166000000000000	10.925011709368000	-37.330668895277000
1.167000000000000	10.885975733314000	-39.674589433893999
1.168000000000000	10.843166954581999	-40.932355158298002
1.169000000000000	10.799566205106000	-40.887422205607002
1.170000000000000	10.758764290035000	-39.878503369888001
1.171000000000000	10.721408002045999	-38.571491083212997
1.172000000000000	10.685039075894000	-37.514015796498001
1.173000000000000	10.647797385351000	-36.899338371313000
1.174000000000000	10.610138482166001	-36.698232436647999
1.175000000000000	10.573142210781000	-36.908048434610997
1.176000000000000	10.536718241228000	-37.614216429309998
1.177000000000000	10.499704163301001	-38.839340663668999
1.178000000000000	10.460752962032000	-40.386127424298003
1.179000000000000	10.418908522845999	-41.869386338547997
1.180000000000000	10.374562620920001	-42.960158199013001
1.181000000000000	10.329714208148999	-43.667229461265002
1.182000000000000	10.285924963567000	-44.407040080938998
1.183000000000000	10.242408107483000	-45.774979203956001
1.184000000000000	10.197145364524999	-48.191463175503998
1.185000000000000	10.148623499667000	-51.666100027432002
1.186000000000000	10.095504244675000	-55.783440526661003
1.187000000000000	10.036707905982000	-59.894122726643999
1.188000000000000	9.972838629677000	-63.445726225279998
1.189000000000000	9.906165604048001	-66.290727211743004
1.190000000000000	9.838874479145000	-68.731526380855001
1.191000000000000	9.771377770103999	-71.188431030028994
1.192000000000000	9.701977399160001	-73.674465330884999
1.193000000000000	9.628388351167001	-75.476298226812006
1.194000000000000	9.550507125488000	-75.348672696791994
1.195000000000000	9.472303157704999	-72.142917161558003
1.196000000000000	9.400099936475000	-65.416179977081001
1.197000000000000	9.338548605351001	-55.590878193028999
1.198000000000000	9.288980894121000	-43.665193003344001
1.199000000000000	9.251512983390001	-30.839651195028999
1.200000000000000	9.227087693682000	-18.321028114808001
1.201000000000000	9.216120708057000	-7.208963807406000
1.202000000000000	9.216431883208999	1.721186952786000
1.203000000000000	9.223969972359001	8.274317427494999
1.204000000000000	9.235220768094001	12.878169246313000
1.205000000000000	9.248718652347000	16.301046630411999
1.206000000000000	9.264740325671999	19.212537638859999
1.207000000000000	9.284117532618000	21.866257995843998
1.208000000000000	9.307007695734001	24.058870023204999
1.209000000000000	9.332399900276000	25.317116194242001
1.210000000000000	9.358993133765001	25.171842153170001
1.211000000000000	9.385571727570000	23.432935438392001
1.212000000000000	9.409956742632000	20.425307073332000
1.213000000000000	9.429410268242000	17.066335249815001
1.214000000000000	9.443107743040001	14.615866141718000
1.215000000000000	9.453295113601000	14.108163652734000
1.216000000000000	9.464192305319999	15.760691632864001
1.217000000000000	9.479885187669000	18.751002957232998
1.218000000000000	9.501942162434000	21.555825089256999
1.219000000000000	9.528427837242999	22.700016271403001
1.220000000000000	9.554905402402000	21.498179979945998
1.221000000000000	9.576801758619000	18.363055778423998
1.222000000000000	9.592146245395000	14.524248533412999
1.223000000000000	9.602325887600999	11.375670459258000
1.224000000000000	9.610206008589000	9.864137772535001
1.225000000000000	9.618141551173000	10.200470596600001
1.226000000000000	9.628087704396000	11.908061759719001
1.227000000000000	9.641852066796000	14.105775936753000
1.228000000000000	9.659255090904001	15.927866173059000
1.229000000000000	9.677760143798000	16.916572035889001
1.230000000000000	9.695291093152999	17.158785525856999
1.231000000000000	9.711563137192000	17.084864476263000
1.232000000000000	9.727091071169999	17.092764186836000
1.233000000000000	9.742814151847000	17.239900799070998
1.234000000000000	9.759666783718000	17.156986328588999
1.235000000000000	9.777616171884001	16.224297505557999
1.236000000000000	9.795312880967000	13.941302366977000
1.237000000000000	9.810032200737000	10.302107703900001
1.238000000000000	9.818808382100000	5.929167309147000
1.239000000000000	9.820987252542000	1.829655897445000
1.240000000000000	9.818713918501000	-1.092119986617000
1.241000000000000	9.814766918453000	-2.448268001488000
1.242000000000000	9.811175881270000	-2.481280790988000
1.243000000000000	9.809198980522000	-1.884843212522000
1.244000000000000	9.808852828811000	-1.474170678577000
1.245000000000000	9.808807224197000	-1.865637576141000
1.246000000000000	9.807461865483999	-3.293101151810000
1.247000000000000	9.803471747988001	-5.615079064512000
1.248000000000000	9.796062428029000	-8.473367092960000
1.249000000000000	9.785418694139001	-11.498863285838000
1.250000000000000	9.772049393945000	-14.448216400271001
1.251000000000000	9.756413090774000	-17.202358917575001
1.252000000000000	9.738652447829001	-19.650543706503001
1.253000000000000	9.718226302537000	-21.575844470934001
1.254000000000000	9.695090725350999	-22.677960314029001
1.255000000000000	9.670688570373001	-22.758221468066001
1.256000000000000	9.647025117188999	-21.927401357259001
1.257000000000000	9.625461896748000	-20.656692789177001
1.258000000000000	9.606297354966999	-19.612273318141000
1.259000000000000	9.588634963686999	-19.362700610625001
1.260000000000000	9.570449581887001	-20.128769572111000
1.261000000000000	9.549814630966001	-21.730387991343999
1.262000000000000	9.526425888678000	-23.752279605521998
1.263000000000000	9.501171743427999	-25.775303390965998
1.264000000000000	9.474494193301000	-27.495419612890998
1.265000000000000	9.445981725599999	-28.725078247214999
1.266000000000000	9.415762545793999	-29.407655682792999
1.267000000000000	9.385494177994000	-29.675843548723002
1.268000000000000	9.356558396638000	-29.817338001044000
1.269000000000000	9.328012264880000	-30.079275525823000
1.270000000000000	9.298175108625999	-30.479133945337999
1.271000000000000	9.266810114285001	-30.832445510279999
1.272000000000000	9.234511705355001	-30.989176046876000
1.273000000000000	9.202232782092001	-31.076452011785999
1.274000000000000	9.171388268655001	-31.529680556435000
1.275000000000000	9.141796742331000	-32.822874969941999
1.276000000000000	9.110324751556000	-35.064466153631002
1.277000000000000	9.073834403846000	-37.829849887675998
1.278000000000000	9.032365660274000	-40.446618770241002
1.279000000000000	8.988355341083000	-42.512953722345998
1.280000000000000	8.944207913054999	-44.199739361271000
1.281000000000000	8.900417430387000	-46.101154887120003
1.282000000000000	8.855141588582001	-48.791314994053998
1.283000000000000	8.806267663094999	-52.427473680826999
1.284000000000000	8.752952673010000	-56.601319231424000
1.285000000000000	8.694828974327001	-60.415666457013998
1.286000000000000	8.631990780781001	-62.713817515271003
1.287000000000000	8.566364333738999	-62.437701741186999
1.288000000000000	8.502297768970999	-59.019709380186001
1.289000000000000	8.444657603135999	-52.591505633639997
1.290000000000000	8.396055028430000	-43.876203914007000
1.291000000000000	8.357318112584000	-33.884714834329003
1.292000000000000	8.329055668074000	-23.642825643702000
1.293000000000000	8.311170116525000	-14.035592896425999
1.294000000000000	8.302675419831999	-5.711470294471000
1.295000000000000	8.301921141897999	1.001015518639000
1.296000000000000	8.306553777684000	6.128462751588000
1.297000000000000	8.314630774279999	9.974874499267999
1.298000000000000	8.325625610937999	12.942970141917000
1.299000000000000	8.339667271329001	15.373177198470000
1.300000000000000	8.356280213349001	17.498260445957001
1.301000000000000	8.374423865281001	19.463039274549999
1.302000000000000	8.393834423384000	21.293204879453999
1.303000000000000	8.415458051090001	22.827776458991998
1.304000000000000	8.439788517458000	23.765831799560001
1.305000000000000	8.465446619439000	23.886806199730000
1.306000000000000	8.490064236460000	23.275111057417998
1.307000000000000	8.512426710292999	22.326352121037001
1.308000000000000	8.533186426817000	21.521575868357001
1.309000000000000	8.553501299573000	21.166049918363001
1.310000000000000	8.574047833120000	21.266579421635001
1.311000000000000	8.595129266929000	21.556659154175001
1.312000000000000	8.616766415968000	21.594286370395000
1.313000000000000	8.638895719627000	20.902251505850000
1.314000000000000	8.660853827700001	19.168145949850000
1.315000000000000	8.680530195904000	16.458949950714000
1.316000000000000	8.695842789171000	13.301045093925000
1.317000000000000	8.706739580776000	10.517549623730000
1.318000000000000	8.714697759489001	8.902512543620000
1.319000000000000	8.721673009768001	8.923008054199000
1.320000000000000	8.729998579002000	10.584381080840000
1.321000000000000	8.741785725569001	13.497499689923000
1.322000000000000	8.758049425450000	17.119370076016001
1.323000000000000	8.778667092076001	21.061224362989002
1.324000000000000	8.802587944633000	25.283056153170001
1.325000000000000	8.828931129973000	30.005953155754000
1.326000000000000	8.858935531287999	35.347539321409997
1.327000000000000	8.895368225690000	40.945843275041000
1.328000000000000	8.939603566401001	45.917569673366998
1.329000000000000	8.990175245487000	49.244240141980001
1.330000000000000	9.043240288851001	50.313988525004000
1.331000000000000	9.094625274465001	49.222986475435000
1.332000000000000	9.142471137704000	46.664941066645000
1.333000000000000	9.186951233224001	43.576768527755000
1.334000000000000	9.228289184693001	40.821060815010000
1.335000000000000	9.266948130218999	39.018171620727003
1.336000000000000	9.304434682542000	38.476832196437996
1.337000000000000	9.342319804995000	39.173458403765999
1.338000000000000	9.381324240113001	40.764836071272001
1.339000000000000	9.422365126362999	42.628604400526001
1.340000000000000	9.466762378897000	43.992922123907000
1.341000000000000	9.513778733346999	44.234334573490003
1.342000000000000	9.559906199261000	43.225112699915002
1.343000000000000	9.602068963090000	41.414897618638001
1.344000000000000	9.640424602172001	39.501661934147002
1.345000000000000	9.677360885311000	37.955355049734997
1.346000000000000	9.714455550388999	36.793428806492997
1.347000000000000	9.751312493770000	35.717072565190001
1.348000000000000	9.787126012076000	34.394976748570002
1.349000000000000	9.821554072853001	32.669305583765997
1.350000000000000	9.853779819372001	30.621943249845000
1.351000000000000	9.883027943570999	28.517836789086001
1.352000000000000	9.909860842514000	26.664170971070000
1.353000000000000	9.935520253328001	25.286890403667002
1.354000000000000	9.960659475591999	24.524123077342001
1.355000000000000	9.985126604565000	24.498080459152000
1.356000000000000	10.009077453660000	25.320648799596999
1.357000000000000	10.033828268324999	26.970687819858000
1.358000000000000	10.060962308420001	29.150290669943001
1.359000000000000	10.091221640229000	31.271060903184001
1.360000000000000	10.124166487418000	32.608881823684001
1.361000000000000	10.158354029487001	32.543252607371002
1.362000000000000	10.191740685820999	30.765631740297000
1.363000000000000	10.222095767272000	27.377604885307999
1.364000000000000	10.247787072756999	22.855091463670000
1.365000000000000	10.267979604125999	17.902011211135001
1.366000000000000	10.282376517185000	13.237163246342000
1.367000000000000	10.292106152434000	9.377587721642000
1.368000000000000	10.299403543385999	6.524575250366000
1.369000000000000	10.305140724506000	4.623704428479000
1.370000000000000	10.308871736470000	3.505470268570000
1.371000000000000	10.311249849468000	2.938594141813000
1.372000000000000	10.313790256927000	2.593410208263000
1.373000000000000	10.316806050865001	2.062677269109000
1.374000000000000	10.319262800705999	0.990023390311000
1.375000000000000	10.320057734364999	-0.802812161414000
1.376000000000000	10.318464909795001	-3.286069198824000
1.377000000000000	10.313797294596000	-6.277014336256000
1.378000000000000	10.305834267894999	-9.515959410570000
1.379000000000000	10.294962329991000	-12.707210650073000
1.380000000000000	10.280967637458000	-15.519590732820999
1.381000000000000	10.263432980603000	-17.622251238513002
1.382000000000000	10.243659088914001	-18.814053828801999
1.383000000000000	10.224056988284000	-19.145672105808998
1.384000000000000	10.205661747801001	-18.872480163138000
1.385000000000000	10.187709331197000	-18.265457925042000
1.386000000000000	10.169563043978000	-17.488579803267999
1.387000000000000	10.151900435545000	-16.649656635440000
1.388000000000000	10.135685277286999	-15.899790092403000
1.389000000000000	10.120755541375001	-15.422639361831999
1.390000000000000	10.105936887225999	-15.334067494814001
1.391000000000000	10.090435137251999	-15.628639895072000
1.392000000000000	10.074539341478999	-16.216750939324999
1.393000000000000	10.058284659271999	-16.973825219533001
1.394000000000000	10.040659530808000	-17.769320525198001
1.395000000000000	10.021475480114001	-18.535722785090002
1.396000000000000	10.002141579521000	-19.357342168790002
1.397000000000000	9.983258858820999	-20.437077964436000
1.398000000000000	9.963316682381000	-21.912359791816002
1.399000000000000	9.940633790020000	-23.711772268996999
1.400000000000000	9.915250897103000	-25.612033046455998
1.401000000000000	9.888445966975000	-27.396114043253000
1.402000000000000	9.860810251406001	-28.907387274601000
1.403000000000000	9.831460820347999	-29.988991131483999
1.404000000000000	9.799920546080999	-30.496081830798001
1.405000000000000	9.767717091357000	-30.464292262019001
1.406000000000000	9.737109672228000	-30.238857035919001
1.407000000000000	9.708897052373001	-30.308274802696001
1.408000000000000	9.681414042362000	-30.866949802727000
1.409000000000000	9.651750161683999	-31.459783875606000
1.410000000000000	9.618734784929000	-31.078515420315000
1.411000000000000	9.584789837032000	-28.727393949059000
1.412000000000000	9.554764089422999	-24.063321705501000
1.413000000000000	9.532879659391000	-17.631698384743999
1.414000000000000	9.520389324288001	-10.545765457146000
1.415000000000000	9.515585723280999	-3.892025013171000
1.416000000000000	9.515909438051001	1.696127256389000
1.417000000000000	9.520082585630000	6.079877810000000
1.418000000000000	9.528000257827999	9.411212207792000
1.419000000000000	9.539206670741001	11.954333603227999
1.420000000000000	9.552526566847000	14.034388159035000
1.421000000000000	9.567126134678000	16.010199686054001
1.422000000000000	9.583041644123000	18.159187413247000
1.423000000000000	9.600964016171000	20.503382716525000
1.424000000000000	9.622196190872000	22.727600726742001
1.425000000000000	9.647435999328000	24.339740542278999
1.426000000000000	9.674950154259999	25.047262259737000
1.427000000000000	9.701263319385999	25.060510730209000
1.428000000000000	9.724407420482001	24.984990469484998
1.429000000000000	9.746338441172000	25.319749008132000
1.430000000000000	9.770938806874000	26.023838702630002
1.431000000000000	9.799160340912000	26.589884250756000
1.432000000000000	9.827951521104000	26.522153950800998
1.433000000000000	9.854502497194000	25.703478770795002
1.434000000000000	9.878991426190000	24.355186284927999
1.435000000000000	9.902337845009001	22.784530813631999
1.436000000000000	9.924232044286001	21.222456081657000
1.437000000000000	9.944306207063001	19.795512858628001
1.438000000000000	9.963070657009000	18.529219881328000
1.439000000000000	9.981199513955000	17.368482681595999
1.440000000000000	9.998656257017000	16.256185872471999
1.441000000000000	10.014629866103000	15.220073044796001
1.442000000000000	10.028652195585000	14.353329612514999
1.443000000000000	10.041702304224000	13.680564787378000
1.444000000000000	10.055113557893000	13.062512103434001
1.445000000000000	10.068752915311000	12.275771177193000
1.446000000000000	10.081494882626000	11.207366539563001
1.447000000000000	10.092515648298001	9.979367663460000
1.448000000000000	10.101410389277000	8.889847790276001
1.449000000000000	10.108460293007999	8.197538674307999
1.450000000000000	10.114981300430999	7.881290872479000
1.451000000000000	10.122575541290001	7.559368306602000
1.452000000000000	10.131670056461999	6.697939615474000
1.453000000000000	10.140328193954000	5.023756067923000
1.454000000000000	10.145492387812000	2.825177038427000
1.455000000000000	10.145814543241000	0.840830056520000
1.456000000000000	10.142830861214000	-0.241274548414000
1.457000000000000	10.140113042013001	-0.294813949096000
1.458000000000000	10.140342243195001	0.142806161871000
1.459000000000000	10.142824955843000	0.252155691474000
1.460000000000000	10.144800633350000	-0.542302477432000
1.461000000000000	10.144031316454999	-2.318545639524000
1.462000000000000	10.139964829858000	-4.783774234792000
1.463000000000000	10.133447321197000	-7.547789453591000
1.464000000000000	10.124936586556000	-10.266772077722999
1.465000000000000	10.113472215452999	-12.630741944654000
1.466000000000000	10.098547711786001	-14.386353544504001
1.467000000000000	10.081996114624999	-15.483261631014001
1.468000000000000	10.066336054643999	-16.156230371231000
1.469000000000000	10.051630940030000	-16.746776984952000
1.470000000000000	10.035776613388000	-17.394206797529002
1.471000000000000	10.017564088335000	-17.930906706163000
1.472000000000000	9.997859613675001	-18.103593520680999
1.473000000000000	9.978537130885000	-17.892344102458999
1.474000000000000	9.960871850468999	-17.622191225190001
1.475000000000000	9.944447277515000	-17.785164075811998
1.476000000000000	9.927644472256000	-18.744479455530001
1.477000000000000	9.908775311078999	-20.555047190881002
1.478000000000000	9.886886427570000	-22.999547757319998
1.479000000000000	9.862096176129001	-25.757191683887999
1.480000000000000	9.834790287381001	-28.547823545785000
1.481000000000000	9.804875442016000	-31.168934697053999
1.482000000000000	9.772491830382000	-33.458692415862998
1.483000000000000	9.738247428388000	-35.247341332951997
1.484000000000000	9.702330108868001	-36.333597657609999
1.485000000000000	9.665045661716000	-36.518681767708003
1.486000000000000	9.628032555155000	-35.692751702456000
1.487000000000000	9.593048594365000	-33.886201256211997
1.488000000000000	9.560659242181000	-31.213617013015998
1.489000000000000	9.531417360749000	-27.754475009513001
1.490000000000000	9.506135807518000	-23.463274008026001
1.491000000000000	9.484959715505999	-18.174942719366999
1.492000000000000	9.468145800706001	-11.762551797544999
1.493000000000000	9.457339288746001	-4.435245934795000
1.494000000000000	9.455283512429000	3.025895152455000
1.495000000000000	9.463472633145001	9.395785273001000
1.496000000000000	9.479583867677000	13.573715743209000
1.497000000000000	9.498281056564000	15.253449766336001
1.498000000000000	9.514720851407001	15.174212105064001
1.499000000000000	9.527115448901000	14.705679843177000
1.500000000000000	9.537566891696001	15.023354293889000
1.501000000000000	9.550522548359000	16.454323838811000
1.502000000000000	9.568800554037001	18.459215176842999
1.503000000000000	9.591233535062999	20.217337990920001
1.504000000000000	9.614342594627001	21.298045055263000
1.505000000000000	9.635729550964999	21.879834518812999
1.506000000000000	9.655940794926000	22.431138834435000
1.507000000000000	9.677213563436000	23.232123213342000
1.508000000000000	9.700856986139000	24.164565477250001
1.509000000000000	9.726326150628999	24.862046674710999
1.510000000000000	9.752209657006000	24.992784568720001
1.511000000000000	9.777486201845001	24.430533095842002
1.512000000000000	9.801743919791001	23.263789822124998
1.513000000000000	9.824454080648000	21.727979084369000
1.514000000000000	9.845031201810000	20.117685968955001
1.515000000000000	9.863670121159000	18.679398109198001
1.516000000000000	9.881130389390000	17.509888422848000
1.517000000000000	9.897893612966000	16.522072705846000
1.518000000000000	9.914199402713001	15.511940840235001
1.519000000000000	9.930137029591000	14.309038939061001
1.520000000000000	9.944965986326000	12.947327866297000
1.521000000000000	9.957454354524000	11.740985363968999
1.522000000000000	9.967769777086000	11.172688764897000
1.523000000000000	9.977876872461000	11.656742071517000
1.524000000000000	9.989439767830000	13.348447751913000
1.525000000000000	10.002895103997000	16.064858965359999
1.526000000000000	10.018984986662000	19.241670214989998
1.527000000000000	10.039246902456000	21.929632915490998
1.528000000000000	10.063905475935000	22.987951787696002
1.529000000000000	10.090194052838999	21.542138089752001
1.530000000000000	10.113522483043999	17.487455084050001
1.531000000000000	10.129746463101000	11.682991631838000
1.532000000000000	10.136880559382000	5.647862633270000
1.533000000000000	10.136225427587000	0.884481757656000
1.534000000000000	10.131761981730000	-1.802378522559000
1.535000000000000	10.127745289174999	-2.595100008470000
1.536000000000000	10.126330119741001	-2.399733195701000
1.537000000000000	10.126633097013000	-2.231787355011000
1.538000000000000	10.126047759044001	-2.679896021288000
1.539000000000000	10.123009772472001	-3.768090134676000
1.540000000000000	10.117923364739999	-5.184228792520000
1.541000000000000	10.111523886796000	-6.588078243713000
1.542000000000000	10.103905566383000	-7.783778633310000
1.543000000000000	10.094893423926001	-8.771903372145999
1.544000000000000	10.084733675418001	-9.776559997881000
1.545000000000000	10.074520876918999	-11.217423818498000
1.546000000000000	10.064521262890000	-13.501750733691001
1.547000000000000	10.052130241345999	-16.673223029946001
1.548000000000000	10.033885385434999	-20.228625546859998
1.549000000000000	10.009594579816000	-23.368547676159999
1.550000000000000	9.982631638414000	-25.508953176359000
1.551000000000000	9.956129523129000	-26.577045169083000
1.552000000000000	9.930359931433999	-26.863028803772998
1.553000000000000	9.904157521328001	-26.677120731285001
1.554000000000000	9.877371705831999	-26.179867215352001
1.555000000000000	9.850908511268001	-25.463076407521001
1.556000000000000	9.825502472017000	-24.692076852101000
1.557000000000000	9.801430473385000	-24.130312261069999
1.558000000000000	9.778481472879999	-24.018520213786999
1.559000000000000	9.755507862908001	-24.403260560917001
1.560000000000000	9.730902005967000	-25.070493303833999
1.561000000000000	9.704117393262999	-25.694720330957001
1.562000000000000	9.676522278421000	-26.123786052717001
1.563000000000000	9.650197065744001	-26.533967931608000
1.564000000000000	9.625127163938000	-27.269104204100000
1.565000000000000	9.598577150503001	-28.519208956370999
1.566000000000000	9.568579529511000	-30.195212753362998
1.567000000000000	9.536409598230000	-32.100996735511998
1.568000000000000	9.503907981317001	-34.109066045966003
1.569000000000000	9.470265787536000	-36.084382276778001
1.570000000000000	9.433490944298001	-37.714061558951002
1.571000000000000	9.393514815124000	-38.571291724619002
1.572000000000000	9.352574159031001	-38.440139788704002
1.573000000000000	9.313423985731999	-37.585055446867003
1.574000000000000	9.277333317740000	-36.673666619895002
1.575000000000000	9.243228303802001	-36.380966173731998
1.576000000000000	9.208406138947000	-36.988119875433000
1.577000000000000	9.170549761380000	-38.301115601485002
1.578000000000000	9.129742920395000	-39.938572731674000
1.579000000000000	9.087889428627999	-41.701601364357003
1.580000000000000	9.045960132156001	-43.673506312481997
1.581000000000000	9.002738621002001	-45.992112977089000
1.582000000000000	8.956224965960001	-48.575168106162998
1.583000000000000	8.905628301018000	-51.094628074592002
1.584000000000000	8.851980655981000	-53.208238543945001
1.585000000000000	8.797156091939000	-54.799191268507002
1.586000000000000	8.742177593866000	-55.995884405132998
1.587000000000000	8.686540557067000	-56.985327270455997
1.588000000000000	8.629437765960001	-57.829515223300000
1.589000000000000	8.570750013244000	-58.458968099525002
1.590000000000000	8.511061313349000	-58.827234301908000
1.591000000000000	8.451544880712000	-59.064899382980002
1.592000000000000	8.392771639622000	-59.484074371025997
1.593000000000000	8.333711638548000	-60.434637542137999
1.594000000000000	8.272909325973000	-62.155746274990001
1.595000000000000	8.209764474818000	-64.732105483062995
1.596000000000000	8.144136993509999	-68.101713089935004
1.597000000000000	8.075385127545999	-72.007237620927000
1.598000000000000	8.002108296608000	-75.921754810446004
1.599000000000000	7.923464044626000	-79.114457438862004
1.600000000000000	7.840880616810000	-80.937275252882003
1.601000000000000	7.757548931984000	-81.169047137052999
1.602000000000000	7.676276217234000	-80.138810588339993
1.603000000000000	7.597872486865000	-78.524714444289003
1.604000000000000	7.521167147048000	-77.012425989337999
1.605000000000000	7.444973009072000	-76.082989885271004
1.606000000000000	7.369373126257000	-75.999617570553994
1.607000000000000	7.294100284939000	-76.843053352737996
1.608000000000000	7.217358162316000	-78.492295943784995
1.609000000000000	7.137478694681000	-80.644455231088997
1.610000000000000	7.054516114150000	-82.970677870779994
1.611000000000000	6.969873916326000	-85.292945102017995
1.612000000000000	6.884503332985000	-87.568232469109006
1.613000000000000	6.797288064279000	-89.672883325910007
1.614000000000000	6.706285852673000	-91.266086046148999
1.615000000000000	6.611984057389000	-91.982719353236007
1.616000000000000	6.517841009820000	-91.815626865278006
1.617000000000000	6.426703307547000	-91.260186635305004
1.618000000000000	6.337853381976000	-91.016135954771002
1.619000000000000	6.248493911666000	-91.518697603193999
1.620000000000000	6.156933939575000	-92.709611399151996
1.621000000000000	6.063348163268000	-94.146272029385997
1.622000000000000	5.968296952834000	-95.241271522808006
1.623000000000000	5.872093183995000	-95.452620468999996
1.624000000000000	5.775639696531000	-94.427465221061993
1.625000000000000	5.680591680018000	-92.146591712055994
1.626000000000000	5.588724534012000	-89.024746334252001
1.627000000000000	5.501370485225000	-85.859106201577006
1.628000000000000	5.418637704605000	-83.560326875163000
1.629000000000000	5.338653117997000	-82.733283554400003
1.630000000000000	5.257965603363000	-83.335792181418995
1.631000000000000	5.173693551893000	-84.685215321735996
1.632000000000000	5.085861560866000	-85.873545523912995
1.633000000000000	4.997370262845000	-86.302553223024006
1.634000000000000	4.911107902221000	-85.909630075145003
1.635000000000000	4.827231215314000	-84.933767565137003
1.636000000000000	4.743902360233000	-83.521071549281004
1.637000000000000	4.660190088358000	-81.604457230874004
1.638000000000000	4.577496473355000	-79.163698529556996
1.639000000000000	4.498502520298000	-76.542698405378999
1.640000000000000	4.424731481165000	-74.415550104608002
1.641000000000000	4.354463882287000	-73.334940156344999
1.642000000000000	4.283488137954000	-73.247463051276000
1.643000000000000	4.208915741613000	-73.467027612641999
1.644000000000000	4.132211045282000	-73.186671347661004
1.645000000000000	4.057572807025000	-72.061949670936997
1.646000000000000	3.987166243138000	-70.331660447800999
1.647000000000000	3.919366560984000	-68.457987613271001
1.648000000000000	3.851987647448000	-66.750827812406996
1.649000000000000	3.785220633737000	-65.325756577456005
1.650000000000000	3.720397125423000	-64.265461108148997
1.651000000000000	3.657581528411000	-63.659623333399999
1.652000000000000	3.595415078169000	-63.454571191363002
1.653000000000000	3.532040415438000	-63.346421870573003
1.654000000000000	3.466963035256000	-62.933588427765997
1.655000000000000	3.402713274505000	-62.029834227179997
1.656000000000000	3.341961979932000	-60.788198019649002
1.657000000000000	3.283717732659000	-59.467863828372003
1.658000000000000	3.225311166959000	-58.125831951515003
1.659000000000000	3.166522304127000	-56.613707447749000
1.660000000000000	3.109484181861000	-54.852967673263997
1.661000000000000	3.055469896128000	-53.035600597563999
1.662000000000000	3.003869879438000	-51.552665482769001
1.663000000000000	2.953755661118000	-50.770694096002998
1.664000000000000	2.904004441043000	-50.851907473323998
1.665000000000000	2.853148971167000	-51.703994095629000
1.666000000000000	2.800847092054000	-53.037191550934999
1.667000000000000	2.747464693923000	-54.442269671734003
1.668000000000000	2.692557191565000	-55.433027773684998
1.669000000000000	2.636044310462000	-55.510857080965998
1.670000000000000	2.579383774017000	-54.324807045763002
1.671000000000000	2.524541077758000	-51.870564584649998
1.672000000000000	2.473377576094000	-48.579335424816001
1.673000000000000	2.427279145171000	-45.188330894971998
1.674000000000000	2.385665097256000	-42.414203167430998
1.675000000000000	2.346000757870000	-40.614046347459997
1.676000000000000	2.306193976165000	-39.677104623604997
1.677000000000000	2.265842860455000	-39.223446252293002
1.678000000000000	2.225463676290000	-38.939016361341999
1.679000000000000	2.185981035739000	-38.792282137394999
1.680000000000000	2.147978350252000	-38.986009917323997
1.681000000000000	2.110382786243000	-39.693598955125999
1.682000000000000	2.071109371004000	-40.804232667367003
1.683000000000000	2.029177673051000	-41.904678324323001
1.684000000000000	1.985596286822000	-42.506348979713998
1.685000000000000	1.942246122958000	-42.302386713296002
1.686000000000000	1.899966937307000	-41.267464435400001
1.687000000000000	1.858820689169000	-39.622639856319999
1.688000000000000	1.819757286004000	-37.769452434116999
1.689000000000000	1.783810248657000	-36.177027929994999
1.690000000000000	1.750161424250000	-35.162080847652000
1.691000000000000	1.716435097815000	-34.676681903574000
1.692000000000000	1.680991317398000	-34.342892452047998
1.693000000000000	1.644620072834000	-33.788429262961003
1.694000000000000	1.609817351966000	-33.007217565159998
1.695000000000000	1.578282169387000	-32.381235685926001
1.696000000000000	1.548681890096000	-32.305489367097003
1.697000000000000	1.517561343515000	-32.774426657052999
1.698000000000000	1.483302292076000	-33.350498442772000
1.699000000000000	1.447817605376000	-33.529152103515997
1.700000000000000	1.413665140875000	-33.103097705136001
1.701000000000000	1.381422193158000	-32.199050319504003
1.702000000000000	1.350314404515000	-31.066104204388999
1.703000000000000	1.319633652364000	-29.910594390547001
1.704000000000000	1.289650199588000	-28.909160381738001
1.705000000000000	1.261542035986000	-28.257262371875001
1.706000000000000	1.235333124474000	-28.058297120302999
1.707000000000000	1.208796754061000	-28.102895268817999
1.708000000000000	1.179849270705000	-27.838207325534999
1.709000000000000	1.149443680234000	-26.711211024379999
1.710000000000000	1.121133227754000	-24.654028966692000
1.711000000000000	1.097625602322000	-22.260283644950000
1.712000000000000	1.078560427934000	-20.460977992968001
1.713000000000000	1.061364821565000	-19.950802504323001
1.714000000000000	1.042894423751000	-20.792632876008000
1.715000000000000	1.021011752318000	-22.449089752705000
1.716000000000000	0.995915473611000	-24.167577553954001
1.717000000000000	0.969519130538000	-25.410410849015001
1.718000000000000	0.943553458358000	-26.024427363971000
1.719000000000000	0.918374825554000	-26.086579674109000
1.720000000000000	0.892991107952000	-25.645708000235000
1.721000000000000	0.866823149360000	-24.647290068924001
1.722000000000000	0.841408267547000	-23.097983390452001
1.723000000000000	0.819014644988000	-21.232816542009001
1.724000000000000	0.799965712028000	-19.441538915957999
1.725000000000000	0.782535229253000	-18.013345661654000
1.726000000000000	0.765108315164000	-16.984354087639002
1.727000000000000	0.747585320980000	-16.242973023150999
1.728000000000000	0.730915505064000	-15.750942168791999
1.729000000000000	0.715748935739000	-15.624914017735000
1.730000000000000	0.701392191617000	-15.989604236144000
1.731000000000000	0.686023077993000	-16.763728429385001
1.732000000000000	0.668303227004000	-17.621238836461998
1.733000000000000	0.648855986720000	-18.196176120857000
1.734000000000000	0.629486816783000	-18.344773097579999
1.735000000000000	0.611319063130000	-18.216182020373999
1.736000000000000	0.594407886185000	-18.066683346750999
1.737000000000000	0.577758027619000	-17.981409786075002
1.738000000000000	0.559778232973000	-17.754319841109002
1.739000000000000	0.540614722697000	-17.055068976055001
1.740000000000000	0.522681885209000	-15.741263595385000
1.741000000000000	0.507682912322000	-14.018803273958000
1.742000000000000	0.495216972480000	-12.322122857248001
1.743000000000000	0.484422864335000	-11.063420629975999
1.744000000000000	0.474710328811000	-10.445960382132000
1.745000000000000	0.464908420073000	-10.412860688749999
1.746000000000000	0.453716959826000	-10.742933726764001
1.747000000000000	0.441336010288000	-11.265078059035000
1.748000000000000	0.429332280032000	-12.030247952454999
1.749000000000000	0.418433111106000	-13.225381416046000
1.750000000000000	0.406824524309000	-14.840295183077000
1.751000000000000	0.391583029616000	-16.420368573118001
1.752000000000000	0.372400110822000	-17.228647945835998
1.753000000000000	0.352526525147000	-16.727541811999000
1.754000000000000	0.335353013981000	-14.946887858577000
1.755000000000000	0.321917822940000	-12.444274737998001
1.756000000000000	0.311903698391000	-9.961949806319000
1.757000000000000	0.304464642388000	-8.066349881248000
1.758000000000000	0.298013461730000	-6.959451207324000
1.759000000000000	0.291372603402000	-6.503384295680000
1.760000000000000	0.284582015604000	-6.392182845562000
1.761000000000000	0.277566407707000	-6.355144141975000
1.762000000000000	0.270087131844000	-6.316741282048000
1.763000000000000	0.263188992281000	-6.465933561070000
1.764000000000000	0.257824330121000	-7.144483327004000
1.765000000000000	0.252411103209000	-8.540370946505000
1.766000000000000	0.243961356241000	-10.414424123806000
1.767000000000000	0.231477867101000	-12.147635342724000
1.768000000000000	0.216978017818000	-13.090081210517001
1.769000000000000	0.202810361841000	-12.896322360070000
1.770000000000000	0.189681319318000	-11.627916801671001
1.771000000000000	0.178226396937000	-9.681460226749000
1.772000000000000	0.170024342934000	-7.641193031039000
1.773000000000000	0.165320387319000	-6.034933389460000
1.774000000000000	0.161622026518000	-5.050123828894000
1.775000000000000	0.156498828644000	-4.455668369602000
1.776000000000000	0.150443563719000	-3.868590145299000
1.777000000000000	0.145472856632000	-3.145639898505000
1.778000000000000	0.142616738367000	-2.542067494849000
1.779000000000000	0.141620070607000	-2.513775045237000
1.780000000000000	0.140968496412000	-3.337937300644000
1.781000000000000	0.138016263954000	-4.851397687930000
1.782000000000000	0.131149805114000	-6.529171082780000
1.783000000000000	0.121689338198000	-7.859178290857000
1.784000000000000	0.112483179260000	-8.676467170302001
1.785000000000000	0.104880214882000	-9.129241351954001
1.786000000000000	0.097441899575000	-9.329437881634000
1.787000000000000	0.088103018455000	-9.092439909578999
1.788000000000000	0.077336300029000	-8.074142331361999
1.789000000000000	0.067915484611000	-6.170392818422000
1.790000000000000	0.062403420510000	-3.760794938492000
1.791000000000000	0.061426612469000	-1.540432656852000
1.792000000000000	0.063145366572000	-0.076031879513000
1.793000000000000	0.064641540686000	0.533153391489000
1.794000000000000	0.064315076630000	0.607273538409000
1.795000000000000	0.063051414278000	0.518750647985000
1.796000000000000	0.062914408614000	0.365627223243000
1.797000000000000	0.064251333737000	-0.019583695195000
1.798000000000000	0.065133741139000	-0.799059390952000
1.799000000000000	0.063796724538000	-1.931103620859000
1.800000000000000	0.060303044132000	-3.237028170658000
1.801000000000000	0.055982528713000	-4.584433395960000
1.802000000000000	0.051705760582000	-5.914851315619000
1.803000000000000	0.046620563938000	-7.064780757070000
1.804000000000000	0.039153330102000	-7.623486552104000
1.805000000000000	0.029434545024000	-7.088727210443000
1.806000000000000	0.020274335466000	-5.269292103409000
1.807000000000000	0.015245679884000	-2.571841383005000
1.808000000000000	0.015460034414000	0.130876265142000
1.809000000000000	0.018902372308000	1.963441051560000
1.810000000000000	0.022916132447000	2.470960668955000
1.811000000000000	0.025916807040000	1.737738831644000
1.812000000000000	0.026901682031000	0.229222676079000
1.813000000000000	0.025408918436000	-1.474935111372000
1.814000000000000	0.022232508834000	-2.913645017940000
1.815000000000000	0.000000000000000	0.000000000000000
1.816000000000000	0.000000000000000	0.000000000000000
1.817000000000000	0.000000000000000	0.000000000000000
1.818000000000000	0.000000000000000	0.000000000000000
1.819000000000000	0.000000000000000	0.000000000000000
1.820000000000000	0.000000000000000	0.000000000000000
1.821000000000000	0.000000000000000	0.000000000000000
1.822000000000000	0.000000000000000	0.000000000000000
1.823000000000000	0.000000000000000	0.000000000000000
1.824000000000000	0.000000000000000	0.000000000000000
1.825000000000000	0.000000000000000	0.000000000000000
1.826000000000000	0.000000000000000	0.000000000000000
1.827000000000000	0.000000000000000	0.000000000000000
1.828000000000000	0.000000000000000	0.000000000000000
1.829000000000000	0.000000000000000	0.000000000000000
1.830000000000000	0.000000000000000	0.000000000000000
1.831000000000000	0.000000000000000	0.000000000000000
1.832000000000000	0.000000000000000	0.000000000000000
1.833000000000000	0.000000000000000	0.000000000000000
1.834000000000000	0.000000000000000	0.000000000000000
1.835000000000000	0.000000000000000	0.000000000000000
1.836000000000000	0.000000000000000	0.000000000000000
1.837000000000000	0.000000000000000	0.000000000000000
1.838000000000000	0.000000000000000	0.000000000000000
1.839000000000000	0.000000000000000	0.000000000000000
1.840000000000000	0.000000000000000	0.000000000000000
1.841000000000000	0.000000000000000	0.000000000000000
1.842000000000000	0.000000000000000	0.000000000000000
1.843000000000000	0.000000000000000	0.000000000000000
1.844000000000000	0.000000000000000	0.000000000000000
1.845000000000000	0.000000000000000	0.000000000000000
1.846000000000000	0.000000000000000	0.000000000000000
1.847000000000000	0.000000000000000	0.000000000000000
1.848000000000000	0.000000000000000	0.000000000000000
1.849000000000000	0.000000000000000	0.000000000000000
1.850000000000000	0.000000000000000	0.000000000000000
1.851000000000000	0.000000000000000	0.000000000000000
1.852000000000000	0.000000000000000	0.000000000000000
1.853000000000000	0.000000000000000	0.000000000000000
1.854000000000000	0.000000000000000	0.000000000000000
1.855000000000000	0.000000000000000	0.000000000000000
1.856000000000000	0.000000000000000	0.000000000000000
1.857000000000000	0.000000000000000	0.000000000000000
1.858000000000000	0.000000000000000	0.000000000000000
1.859000000000000	0.000000000000000	0.000000000000000
1.860000000000000	0.000000000000000	0.000000000000000
1.861000000000000	0.000000000000000	0.000000000000000
1.862000000000000	0.000000000000000	0.000000000000000
1.863000000000000	0.000000000000000	0.000000000000000
1.864000000000000	0.000000000000000	0.000000000000000
1.865000000000000	0.000000000000000	0.000000000000000
1.866000000000000	0.000000000000000	0.000000000000000
1.867000000000000	0.000000000000000	0.000000000000000
1.868000000000000	0.000000000000000	0.000000000000000
1.869000000000000	0.000000000000000	0.000000000000000
1.870000000000000	0.000000000000000	0.000000000000000
1.871000000000000	0.000000000000000	0.000000000000000
1.872000000000000	0.000000000000000	0.000000000000000
1.873000000000000	0.000000000000000	0.000000000000000
1.874000000000000	0.000000000000000	0.000000000000000
1.875000000000000	0.000000000000000	0.000000000000000
1.876000000000000	0.000000000000000	0.000000000000000
1.877000000000000	0.000000000000000	0.000000000000000
1.878000000000000	0.000000000000000	0.000000000000000
1.879000000000000	0.000000000000000	0.000000000000000
1.880000000000000	0.000000000000000	0.000000000000000
1.881000000000000	0.000000000000000	0.000000000000000
1.882000000000000	0.000000000000000	0.000000000000000
1.883000000000000	0.000000000000000	0.000000000000000
1.884000000000000	0.000000000000000	0.000000000000000
1.885000000000000	0.000000000000000	0.000000000000000
1.886000000000000	0.000000000000000	0.000000000000000
1.887000000000000	0.000000000000000	0.000000000000000
1.888000000000000	0.000000000000000	0.000000000000000
1.889000000000000	0.000000000000000	0.000000000000000
1.890000000000000	0.000000000000000	0.000000000000000
1.891000000000000	0.000000000000000	0.000000000000000
1.892000000000000	0.000000000000000	0.000000000000000
1.893000000000000	0.000000000000000	0.000000000000000
1.894000000000000	0.000000000000000	0.000000000000000
1.895000000000000	0.000000000000000	0.000000000000000
1.896000000000000	0.000000000000000	0.000000000000000
1.897000000000000	0.000000000000000	0.000000000000000
1.898000000000000	0.000000000000000	0.000000000000000
1.899000000000000	0.000000000000000	0.000000000000000
1.900000000000000	0.000000000000000	0.000000000000000
1.901000000000000	0.000000000000000	0.000000000000000
1.902000000000000	0.000000000000000	0.000000000000000
1.903000000000000	0.000000000000000	0.000000000000000
1.904000000000000	0.000000000000000	0.000000000000000
1.905000000000000	0.000000000000000	0.000000000000000
1.906000000000000	0.000000000000000	0.000000000000000
1.907000000000000	0.000000000000000	0.000000000000000
1.908000000000000	0.000000000000000	0.000000000000000
1.909000000000000	0.000000000000000	0.000000000000000
1.910000000000000	0.000000000000000	0.000000000000000
1.911000000000000	0.000000000000000	0.000000000000000
1.912000000000000	0.000000000000000	0.000000000000000
1.913000000000000	0.000000000000000	0.000000000000000
1.914000000000000	0.000000000000000	0.000000000000000
1.915000000000000	0.000000000000000	0.000000000000000
1.916000000000000	0.000000000000000	0.000000000000000
1.917000000000000	0.000000000000000	0.000000000000000
1.918000000000000	0.000000000000000	0.000000000000000
1.919000000000000	0.000000000000000	0.000000000000000
1.920000000000000	0.000000000000000	0.000000000000000
1.921000000000000	0.000000000000000	0.000000000000000
1.922000000000000	0.000000000000000	0.000000000000000
1.923000000000000	0.000000000000000	0.000000000000000
1.924000000000000	0.000000000000000	0.000000000000000
1.925000000000000	0.000000000000000	0.000000000000000
1.926000000000000	0.000000000000000	0.000000000000000
1.927000000000000	0.000000000000000	0.000000000000000
1.928000000000000	0.000000000000000	0.000000000000000
1.929000000000000	0.000000000000000	0.000000000000000
1.930000000000000	0.000000000000000	0.000000000000000
1.931000000000000	0.000000000000000	0.000000000000000
1.932000000000000	0.000000000000000	0.000000000000000
1.933000000000000	0.000000000000000	0.000000000000000
1.934000000000000	0.000000000000000	0.000000000000000
1.935000000000000	0.000000000000000	0.000000000000000
1.936000000000000	0.000000000000000	0.000000000000000
1.937000000000000	0.000000000000000	0.000000000000000
1.938000000000000	0.000000000000000	0.000000000000000
1.939000000000000	0.000000000000000	0.000000000000000
1.940000000000000	0.000000000000000	0.000000000000000
1.941000000000000	0.000000000000000	0.000000000000000
1.942000000000000	0.000000000000000	0.000000000000000
1.943000000000000	0.000000000000000	0.000000000000000
1.944000000000000	0.000000000000000	0.000000000000000
1.945000000000000	0.000000000000000	0.000000000000000
1.946000000000000	0.000000000000000	0.000000000000000
1.947000000000000	0.000000000000000	0.000000000000000
1.948000000000000	0.000000000000000	0.000000000000000
1.949000000000000	0.000000000000000	0.000000000000000
1.950000000000000	0.000000000000000	0.000000000000000
1.951000000000000	0.000000000000000	0.000000000000000
1.952000000000000	0.000000000000000	0.000000000000000
1.953000000000000	0.000000000000000	0.000000000000000
1.954000000000000	0.000000000000000	0.000000000000000
1.955000000000000	0.000000000000000	0.000000000000000
1.956000000000000	0.000000000000000	0.000000000000000
1.957000000000000	0.000000000000000	0.000000000000000
1.958000000000000	0.000000000000000	0.000000000000000
1.959000000000000	0.000000000000000	0.000000000000000
1.960000000000000	0.000000000000000	0.000000000000000
1.961000000000000	0.000000000000000	0.000000000000000
1.962000000000000	0.000000000000000	0.000000000000000
1.963000000000000	0.000000000000000	0.000000000000000
1.964000000000000	0.000000000000000	0.000000000000000
1.965000000000000	0.000000000000000	0.000000000000000
1.966000000000000	0.000000000000000	0.000000000000000
1.967000000000000	0.000000000000000	0.000000000000000
1.968000000000000	0.000000000000000	0.000000000000000
1.969000000000000	0.000000000000000	0.000000000000000
1.970000000000000	0.000000000000000	0.000000000000000
1.971000000000000	0.000000000000000	0.000000000000000
1.972000000000000	0.000000000000000	0.000000000000000
1.973000000000000	0.000000000000000	0.000000000000000
1.974000000000000	0.000000000000000	0.000000000000000
1.975000000000000	0.000000000000000	0.000000000000000
1.976000000000000	0.000000000000000	0.000000000000000
1.977000000000000	0.000000000000000	0.000000000000000
1.978000000000000	0.000000000000000	0.000000000000000
1.979000000000000	0.000000000000000	0.000000000000000
1.980000000000000	0.000000000000000	0.000000000000000
1.981000000000000	0.000000000000000	0.000000000000000
1.982000000000000	0.000000000000000	0.000000000000000
1.983000000000000	0.000000000000000	0.000000000000000
1.984000000000000	0.000000000000000	0.000000000000000
1.985000000000000	0.000000000000000	0.000000000000000
1.986000000000000	0.000000000000000	0.000000000000000
1.987000000000000	0.000000000000000	0.000000000000000
1.988000000000000	0.000000000000000	0.000000000000000
1.989000000000000	0.000000000000000	0.000000000000000
1.990000000000000	0.000000000000000	0.000000000000000
1.991000000000000	0.000000000000000	0.000000000000000
1.992000000000000	0.000000000000000	0.000000000000000
1.993000000000000	0.000000000000000	0.000000000000000
1.994000000000000	0.000000000000000	0.000000000000000
1.995000000000000	0.000000000000000	0.000000000000000
1.996000000000000	0.000000000000000	0.000000000000000
1.997000000000000	0.000000000000000	0.000000000000000
1.998000000000000	0.000000000000000	0.000000000000000
1.999000000000000	0.000000000000000	0.000000000000000
2.000000000000000	0.000000000000000	0.000000000000000