Force (and its time derivative) produced by a submaximally-activated cat soleus
muscle in vivo when held at a fixed length and excited using a constant-
frequency stimulation signal of 10 Hz. Experimental data provided by T.G.
Sandercock [1] was filtered using a Butterworth low-pass filter of cut-off
frequency 120 Hz. Please refer to Millard et al. [2] for details.

References:
    1. Perreault, E.J., Heckman, C.J., and Sandercock, T.G., 2003. "Hill
       muscle model errors during movement are greatest within the
       physiologically relevant range of motor unit firing rates". Journal
       of Biomechanics, 36(2), pp. 211--218.
       http://dx.doi.org/10.1016/S0021-9290(02)00332-9.
    2. Millard, M., Uchida, T., Seth, A., and Delp, S.L., 2013. "Flexing
       computational muscle: Modeling and simulation of musculotendon
       dynamics". ASME Journal of Biomechanical Engineering, 135(2),
       p. 021013 (11 pages). http://dx.doi.org/10.1115/1.4023390.

endheader
time_s	force_N	forcedot
0.000000000000000	0.000000000000000	0.000000000000000
0.001000000000000	0.000000000000000	0.000000000000000
0.002000000000000	0.000000000000000	0.000000000000000
0.003000000000000	0.000000000000000	0.000000000000000
0.004000000000000	0.000000000000000	0.000000000000000
0.005000000000000	0.000000000000000	0.000000000000000
0.006000000000000	0.000000000000000	0.000000000000000
0.007000000000000	0.000000000000000	0.000000000000000
0.008000000000000	0.000000000000000	0.000000000000000
0.009000000000000	0.000000000000000	0.000000000000000
0.010000000000000	0.000000000000000	0.000000000000000
0.011000000000000	0.000000000000000	0.000000000000000
0.012000000000000	0.000000000000000	0.000000000000000
0.013000000000000	0.000000000000000	0.000000000000000
0.014000000000000	0.000000000000000	0.000000000000000
0.015000000000000	0.000000000000000	0.000000000000000
0.016000000000000	0.000000000000000	0.000000000000000
0.017000000000000	0.000000000000000	0.000000000000000
0.018000000000000	0.000000000000000	0.000000000000000
0.019000000000000	0.000000000000000	0.000000000000000
0.020000000000000	0.000000000000000	0.000000000000000
0.021000000000000	0.000000000000000	0.000000000000000
0.022000000000000	0.000000000000000	0.000000000000000
0.023000000000000	0.000000000000000	0.000000000000000
0.024000000000000	0.000000000000000	0.000000000000000
0.025000000000000	0.000000000000000	0.000000000000000
0.026000000000000	0.000000000000000	0.000000000000000
0.027000000000000	0.000000000000000	0.000000000000000
0.028000000000000	0.000000000000000	0.000000000000000
0.029000000000000	0.000000000000000	0.000000000000000
0.030000000000000	0.000000000000000	0.000000000000000
0.031000000000000	0.000000000000000	0.000000000000000
0.032000000000000	0.000000000000000	0.000000000000000
0.033000000000000	0.000000000000000	0.000000000000000
0.034000000000000	0.000000000000000	0.000000000000000
0.035000000000000	0.000000000000000	0.000000000000000
0.036000000000000	0.000000000000000	0.000000000000000
0.037000000000000	0.000000000000000	0.000000000000000
0.038000000000000	0.000000000000000	0.000000000000000
0.039000000000000	0.000000000000000	0.000000000000000
0.040000000000000	0.000000000000000	0.000000000000000
0.041000000000000	0.000000000000000	0.000000000000000
0.042000000000000	0.000000000000000	0.000000000000000
0.043000000000000	0.000000000000000	0.000000000000000
0.044000000000000	0.000000000000000	0.000000000000000
0.045000000000000	0.000000000000000	0.000000000000000
0.046000000000000	0.000000000000000	0.000000000000000
0.047000000000000	0.000000000000000	0.000000000000000
0.048000000000000	0.000000000000000	0.000000000000000
0.049000000000000	0.000000000000000	0.000000000000000
0.050000000000000	0.000000000000000	0.000000000000000
0.051000000000000	0.000000000000000	0.000000000000000
0.052000000000000	0.000000000000000	0.000000000000000
0.053000000000000	0.000000000000000	0.000000000000000
0.054000000000000	0.000000000000000	0.000000000000000
0.055000000000000	0.000000000000000	0.000000000000000
0.056000000000000	0.000000000000000	0.000000000000000
0.057000000000000	0.000000000000000	0.000000000000000
0.058000000000000	0.000000000000000	0.000000000000000
0.059000000000000	0.000000000000000	0.000000000000000
0.060000000000000	0.000000000000000	0.000000000000000
0.061000000000000	0.000000000000000	0.000000000000000
0.062000000000000	0.000000000000000	0.000000000000000
0.063000000000000	0.000000000000000	0.000000000000000
0.064000000000000	0.000000000000000	0.000000000000000
0.065000000000000	0.000000000000000	0.000000000000000
0.066000000000000	0.000000000000000	0.000000000000000
0.067000000000000	0.000000000000000	0.000000000000000
0.068000000000000	0.000000000000000	0.000000000000000
0.069000000000000	0.000000000000000	0.000000000000000
0.070000000000000	0.000000000000000	0.000000000000000
0.071000000000000	0.000000000000000	0.000000000000000
0.072000000000000	0.000000000000000	0.000000000000000
0.073000000000000	0.000000000000000	0.000000000000000
0.074000000000000	0.000000000000000	0.000000000000000
0.075000000000000	0.000000000000000	0.000000000000000
0.076000000000000	0.000000000000000	0.000000000000000
0.077000000000000	0.000000000000000	0.000000000000000
0.078000000000000	0.000000000000000	0.000000000000000
0.079000000000000	0.000000000000000	0.000000000000000
0.080000000000000	0.000000000000000	0.000000000000000
0.081000000000000	0.000000000000000	0.000000000000000
0.082000000000000	0.000000000000000	0.000000000000000
0.083000000000000	0.000000000000000	0.000000000000000
0.084000000000000	0.000000000000000	0.000000000000000
0.085000000000000	0.000000000000000	0.000000000000000
0.086000000000000	0.000000000000000	0.000000000000000
0.087000000000000	0.000000000000000	0.000000000000000
0.088000000000000	0.000000000000000	0.000000000000000
0.089000000000000	0.000000000000000	0.000000000000000
0.090000000000000	0.000000000000000	0.000000000000000
0.091000000000000	0.000000000000000	0.000000000000000
0.092000000000000	0.000000000000000	0.000000000000000
0.093000000000000	0.000000000000000	0.000000000000000
0.094000000000000	0.000000000000000	0.000000000000000
0.095000000000000	0.000000000000000	0.000000000000000
0.096000000000000	0.000000000000000	0.000000000000000
0.097000000000000	0.000000000000000	0.000000000000000
0.098000000000000	0.000000000000000	0.000000000000000
0.099000000000000	0.000000000000000	0.000000000000000
0.100000000000000	0.000000000000000	0.000000000000000
0.101000000000000	0.000000000000000	0.000000000000000
0.102000000000000	0.000000000000000	0.000000000000000
0.103000000000000	0.000000000000000	0.000000000000000
0.104000000000000	0.000000000000000	0.000000000000000
0.105000000000000	0.006687483433000	-2.092584316044000
0.106000000000000	0.004104521492000	-1.113330580490000
0.107000000000000	0.002942764847000	1.385635649971000
0.108000000000000	0.005406069530000	5.583229423130000
0.109000000000000	0.012935054870000	11.392934218084999
0.110000000000000	0.026706886435000	18.459851038602999
0.111000000000000	0.048393576377000	26.173522233286000
0.112000000000000	0.079175727226000	33.761972368442997
0.113000000000000	0.118166042164000	40.515440570117001
0.114000000000000	0.162875093603000	46.019861298706999
0.115000000000000	0.211081006002000	50.195963662251998
0.116000000000000	0.261887826706000	53.098192333545001
0.117000000000000	0.315503218684000	54.671471467548997
0.118000000000000	0.371519420009000	54.719535599273001
0.119000000000000	0.427582990389000	53.131374669118998
0.120000000000000	0.480902189560000	50.161313317336003
0.121000000000000	0.529935087092000	46.528236610336997
0.122000000000000	0.574079263395000	43.259312212547002
0.123000000000000	0.613764483849000	41.334564078781000
0.124000000000000	0.651706824148000	41.268031032722000
0.125000000000000	0.692164299309000	42.865650508179002
0.126000000000000	0.737237244307000	45.369142671622001
0.127000000000000	0.785458071371000	47.889160338117001
0.128000000000000	0.834918031641000	49.763529202481998
0.129000000000000	0.885471459991000	50.631283724489997
0.130000000000000	0.937314457452000	50.381468162635002
0.131000000000000	0.988963646699000	49.193412016865999
0.132000000000000	1.037759334062000	47.592759443398002
0.133000000000000	1.082705852650000	46.279110016449998
0.134000000000000	1.125849667794000	45.713372727985998
0.135000000000000	1.170275800162000	45.789321702739002
0.136000000000000	1.217219546117000	45.908335596006999
0.137000000000000	1.265307659824000	45.418454929319999
0.138000000000000	1.312002239495000	44.062063505891999
0.139000000000000	1.355144539758000	42.091030639491002
0.140000000000000	1.394473056208000	39.995904921438999
0.141000000000000	1.432132327783000	38.115618169074999
0.142000000000000	1.469851132002000	36.482667712186000
0.143000000000000	1.506726300720000	34.995993281384997
0.144000000000000	1.541304759687000	33.664208050561001
0.145000000000000	1.573779190381000	32.645955347746003
0.146000000000000	1.605478326688000	32.111484456132999
0.147000000000000	1.637598086445000	32.143760154112996
0.148000000000000	1.670628676772000	32.798537435969003
0.149000000000000	1.704702606565000	34.246876327537997
0.150000000000000	1.740034852690000	36.838809700073000
0.151000000000000	1.777205015298000	40.972896564376001
0.152000000000000	1.818263826474000	46.794381787542001
0.153000000000000	1.866938226535000	53.934250985395998
0.154000000000000	1.925788886807000	61.569555480089001
0.155000000000000	1.993681700626000	68.842358046957003
0.156000000000000	2.067408150131000	75.298722312023997
0.157000000000000	2.145025274738000	80.955181754742995
0.158000000000000	2.226943717668000	85.973801466864003
0.159000000000000	2.314497388069000	90.306557662613997
0.160000000000000	2.407689602811000	93.652287622146005
0.161000000000000	2.504274180762000	95.717282580900005
0.162000000000000	2.601322102756000	96.475956225068003
0.163000000000000	2.697367646717000	96.181215092835004
0.164000000000000	2.792575292991000	95.173254620793003
0.165000000000000	2.887142184165000	93.718851141548001
0.166000000000000	2.980216674428000	91.996597394022004
0.167000000000000	3.070870735140000	90.133470050691002
0.168000000000000	3.159516267950000	88.188735329153005
0.169000000000000	3.246951831823000	86.135779839196999
0.170000000000000	3.332642653673000	83.926599674117000
0.171000000000000	3.415557050706000	81.586481220441996
0.172000000000000	3.495796439350000	79.233327686362003
0.173000000000000	3.574003345467000	77.033176836189000
0.174000000000000	3.650114009669000	75.167774702524000
0.175000000000000	3.724059357897000	73.811062858702996
0.176000000000000	3.796812406384000	73.073498181765004
0.177000000000000	3.869427037573000	72.940352491829998
0.178000000000000	3.942031011336000	73.243675695457995
0.179000000000000	4.014742581682000	73.649357382682993
0.180000000000000	4.088506948473000	73.672692193575003
0.181000000000000	4.163580882199000	72.819831406866001
0.182000000000000	4.237716773723000	70.859690449786996
0.183000000000000	4.307911115127000	68.012509073437997
0.184000000000000	4.373461305214000	64.847297518050993
0.185000000000000	4.435675019565000	61.971622589801001
0.186000000000000	4.495934738036000	59.793895236418003
0.187000000000000	4.555028224621000	58.508412469306997
0.188000000000000	4.613285533542000	58.209177400241003
0.189000000000000	4.671165341135000	58.957289988368998
0.190000000000000	4.730051446423000	60.743392740117997
0.191000000000000	4.792098474435000	63.455195901582996
0.192000000000000	4.858481890325000	66.981730358397996
0.193000000000000	4.928287031886000	71.386326876435007
0.194000000000000	5.000783193067000	76.890564236033995
0.195000000000000	5.077956057046000	83.549567198816007
0.196000000000000	5.163190900950000	90.873377912593995
0.197000000000000	5.258437780578000	97.802215944294005
0.198000000000000	5.362546561516000	103.164344403838000
0.199000000000000	5.471117546730000	106.305480137564000
0.200000000000000	5.579112378079000	107.384464820671000
0.201000000000000	5.684400026979000	107.075844020045000
0.202000000000000	5.788297752042000	105.933681397871990
0.203000000000000	5.893074952196000	103.992020383748990
0.204000000000000	5.998516502566000	100.965830306129010
0.205000000000000	6.100605020000000	96.829006753832999
0.206000000000000	6.195182412482000	92.157500978762997
0.207000000000000	6.282552230149000	87.880355786926998
0.208000000000000	6.366476301799000	84.721045847943003
0.209000000000000	6.449707407729000	82.885761079386000
0.210000000000000	6.532558456194000	82.187415770749993
0.211000000000000	6.614788011445000	82.324473039718001
0.212000000000000	6.696819945751000	83.001747633603998
0.213000000000000	6.779668036976000	83.878284355131001
0.214000000000000	6.864536246907000	84.550399424350005
0.215000000000000	6.951409369047000	84.731011363933007
0.216000000000000	7.038049208800000	84.530564166397994
0.217000000000000	7.122062235621000	84.530314078101995
0.218000000000000	7.204234267497000	85.461548109109998
0.219000000000000	7.288303726742000	87.712698663886997
0.220000000000000	7.377317056172000	91.104904968981998
0.221000000000000	7.471712782914000	95.114475030798999
0.222000000000000	7.570341234943000	99.291319676292005
0.223000000000000	7.671961521144000	103.493390761355000
0.224000000000000	7.776508987940000	107.785593689112010
0.225000000000000	7.885275786505000	112.158384825155000
0.226000000000000	7.999248668525000	116.336818816500990
0.227000000000000	8.117808578085000	119.810228732574000
0.228000000000000	8.239556645098000	122.003058721013010
0.229000000000000	8.363193736777999	122.460261407419000
0.230000000000000	8.486784412050000	121.004007325846000
0.231000000000000	8.607651753140001	117.839034546126000
0.232000000000000	8.723752070094999	113.537861195670000
0.233000000000000	8.834194300045001	108.863179532371010
0.234000000000000	8.939244406625001	104.489569084633000
0.235000000000000	9.040528827041999	100.772018955351000
0.236000000000000	9.139603029408001	97.703083872400995
0.237000000000000	9.236515458710001	95.073004570169005
0.238000000000000	9.330886030729999	92.690414354111994
0.239000000000000	9.422748757662999	90.504500554342997
0.240000000000000	9.511966292390000	88.581011450320005
0.241000000000000	9.598869249808001	86.980912401732994
0.242000000000000	9.684730527247000	85.643597514091994
0.243000000000000	9.770163928022001	84.381290242668996
0.244000000000000	9.854393299860000	82.985965343992007
0.245000000000000	9.936674062634999	81.329467634045997
0.246000000000000	10.017166458855000	79.379544048656001
0.247000000000000	10.095944147072000	77.184088370674004
0.248000000000000	10.172275362475000	74.876185504977002
0.249000000000000	10.245606144031999	72.650973668348001
0.250000000000000	10.316386685445000	70.664907356637002
0.251000000000000	10.385618371785000	68.924518710553002
0.252000000000000	10.454068573083999	67.286312886044996
0.253000000000000	10.521407461134000	65.585953260116995
0.254000000000000	10.586142207072999	63.752302514728001
0.255000000000000	10.647577948316000	61.743599942057003
0.256000000000000	10.707247738523000	59.365405147072003
0.257000000000000	10.766590336656000	56.256369186778997
0.258000000000000	10.823774418820999	52.190704549049997
0.259000000000000	10.875120494912000	47.433832525386002
0.260000000000000	10.919197728195000	42.749987524531001
0.261000000000000	10.957765894828000	39.016393905435997
0.262000000000000	10.993902137974001	36.796890491901998
0.263000000000000	11.029923213370999	36.208823807176003
0.264000000000000	11.066559049768999	37.081628402217000
0.265000000000000	11.104483441293000	39.173520844819997
0.266000000000000	11.145160497542999	42.281298158694000
0.267000000000000	11.189266012530000	46.241819565633001
0.268000000000000	11.236671269424001	50.848616756136003
0.269000000000000	11.288593890659000	55.707526872989000
0.270000000000000	11.346990392704001	60.177502563805000
0.271000000000000	11.411126590539000	63.558970823838003
0.272000000000000	11.477660089403001	65.432492531386998
0.273000000000000	11.544271248194001	65.857241178888003
0.274000000000000	11.610284248993000	65.306040934977005
0.275000000000000	11.674848437455999	64.454822058599007
0.276000000000000	11.737735532716000	63.951576367511002
0.277000000000000	11.800602127348000	64.227108789306001
0.278000000000000	11.865091058658001	65.425628486947005
0.279000000000000	11.931287552717000	67.468915545410994
0.280000000000000	11.999237323365000	70.131210779306997
0.281000000000000	12.070247402292001	73.044777948535000
0.282000000000000	12.145493229543000	75.740904538888998
0.283000000000000	12.223992993045000	77.828838563350999
0.284000000000000	12.303444652892001	79.196386598361002
0.285000000000000	12.382936832722001	80.034753939873994
0.286000000000000	12.463019223673999	80.683148054613994
0.287000000000000	12.543583443259999	81.443538299444000
0.288000000000000	12.624225884801000	82.435975569117005
0.289000000000000	12.706117711041999	83.494346700375999
0.290000000000000	12.790730910567000	84.196575047688000
0.291000000000000	12.877080397152000	84.116261408979000
0.292000000000000	12.962266635982999	83.140650124974997
0.293000000000000	13.044531122689000	81.565203817769998
0.294000000000000	13.124330080740000	79.893765728659005
0.295000000000000	13.202747473540001	78.560722517518997
0.296000000000000	13.280504128085999	77.797176132567998
0.297000000000000	13.358111810640001	77.660732453074999
0.298000000000000	13.435661073687999	78.104740429871995
0.299000000000000	13.513234876033000	78.971623142895993
0.300000000000000	13.591776423196000	79.913145114266001
0.301000000000000	13.672261851341000	80.372349605780997
0.302000000000000	13.754208353518001	79.757371572344994
0.303000000000000	13.835380414013001	77.753210057949005
0.304000000000000	13.912734924511000	74.532131564039005
0.305000000000000	13.984449701440001	70.651946370841998
0.306000000000000	14.051174283396000	66.686111804955999
0.307000000000000	14.114838987282001	62.884602976167997
0.308000000000000	14.176694338919001	59.162142985324998
0.309000000000000	14.236224825896000	55.431119324318999
0.310000000000000	14.291411461895001	51.979584513927001
0.311000000000000	14.340949638635999	49.519501527734000
0.312000000000000	14.386763122592001	48.800307826336002
0.313000000000000	14.433274678168001	50.088287067198003
0.314000000000000	14.483925247431999	52.945050318672997
0.315000000000000	14.539507242934000	56.450747207287002
0.316000000000000	14.599147618576000	59.643317367671997
0.317000000000000	14.661353535144000	61.858990835946003
0.318000000000000	14.724623825585001	62.837155175710997
0.319000000000000	14.787823569424001	62.643030948678003
0.320000000000000	14.850137317149001	61.529425777112003
0.321000000000000	14.910873301395000	59.821987609095999
0.322000000000000	14.969440464465000	57.841275675871998
0.323000000000000	15.025854274279000	55.846621452038001
0.324000000000000	15.080810778550999	54.020744481333999
0.325000000000000	15.134534020973000	52.521470031162998
0.326000000000000	15.186359285005000	51.536664388813001
0.327000000000000	15.236193836615000	51.211949251013003
0.328000000000000	15.285735495520999	51.448581519229997
0.329000000000000	15.337213729181000	51.785873036147002
0.330000000000000	15.390792633208999	51.578119368871000
0.331000000000000	15.444238021212000	50.392878525670000
0.332000000000000	15.495107789321001	48.320736049232003
0.333000000000000	15.542057908558000	45.954699670990998
0.334000000000000	15.585061109671001	44.047613276033999
0.335000000000000	15.625930196194000	43.054378291223003
0.336000000000000	15.667305831696000	42.833155514604996
0.337000000000000	15.710468125955000	42.696302046823000
0.338000000000000	15.754821649142000	41.789425669821000
0.339000000000000	15.798431947711000	39.583434468208999
0.340000000000000	15.838562744470000	36.215417355836998
0.341000000000000	15.873111296336999	32.495446853236999
0.342000000000000	15.902224513739000	29.564966353214999
0.343000000000000	15.928354672757999	28.392155982936998
0.344000000000000	15.954859811623001	29.383269041348001
0.345000000000000	15.984369991367000	32.282285667048001
0.346000000000000	16.018297021605001	36.328980526357000
0.347000000000000	16.057490606672999	40.545094312246000
0.348000000000000	16.101709111580000	44.049752632039997
0.349000000000000	16.148713295377998	46.316062865964000
0.350000000000000	16.196004021173000	47.245034817445003
0.351000000000000	16.242889369880000	47.021003242585998
0.352000000000000	16.289570171573001	45.907663989732001
0.353000000000000	16.335176884835001	44.165327388432999
0.354000000000000	16.378184868037000	42.065042637864003
0.355000000000000	16.418429125597001	39.862030438429997
0.356000000000000	16.457014901181999	37.726580358585998
0.357000000000000	16.494204660567000	35.745596103738997
0.358000000000000	16.529021416814999	33.990744235728997
0.359000000000000	16.561404431151001	32.525363654435999
0.360000000000000	16.593033826727002	31.341420688004000
0.361000000000000	16.624738247532001	30.371570353608998
0.362000000000000	16.655187238518000	29.603174507980999
0.363000000000000	16.683785178265001	29.122914850032000
0.364000000000000	16.712127063320999	29.012193784647000
0.365000000000000	16.741268359934001	29.237277708105999
0.366000000000000	16.770459082544001	29.635835214415000
0.367000000000000	16.799274416823000	29.909589679979000
0.368000000000000	16.828602332197999	29.576547619336001
0.369000000000000	16.858883752465999	28.036626852238999
0.370000000000000	16.888500085809000	24.880256405663001
0.371000000000000	16.914083650102999	20.289008958307999
0.372000000000000	16.932337055074999	15.177102662257001
0.373000000000000	16.942640698373999	10.853212000454000
0.374000000000000	16.948200720475999	8.364629886135001
0.375000000000000	16.953775190428999	7.980189870838000
0.376000000000000	16.962168460988000	9.165935860975001
0.377000000000000	16.973476263651001	10.996906582698999
0.378000000000000	16.987039657800999	12.661325847167999
0.379000000000000	17.001851504125000	13.768356494395000
0.380000000000000	17.015877304739000	14.348599148469001
0.381000000000000	17.028451048712999	14.569810534593000
0.382000000000000	17.041677180166001	14.377183148045001
0.383000000000000	17.056779741001002	13.400432289414001
0.384000000000000	17.071632558765000	11.247768448598000
0.385000000000000	17.082917649601999	7.893722038929000
0.386000000000000	17.088780243272002	3.782768232606000
0.387000000000000	17.089243891441999	-0.416991586834000
0.388000000000000	17.085218682929000	-4.185785785700000
0.389000000000000	17.078062670104000	-7.401755149586000
0.390000000000000	17.069230525115000	-10.339443033919000
0.391000000000000	17.058867113287999	-13.422263433178999
0.392000000000000	17.045410327418001	-16.880550896630002
0.393000000000000	17.027371479671999	-20.547839571836001
0.394000000000000	17.004653272856999	-23.927172824583000
0.395000000000000	16.977887456545002	-26.470735165739001
0.396000000000000	16.948251908496001	-27.923019799563999
0.397000000000000	16.918248413132002	-28.557784424051999
0.398000000000000	16.890171558011001	-29.124339875192000
0.399000000000000	16.863381397303002	-30.439761207320000
0.400000000000000	16.834670724921999	-32.857221830691998
0.401000000000000	16.801270780191999	-35.997020887669997
0.402000000000000	16.763075185595000	-38.905970436316998
0.403000000000000	16.722020922679999	-40.454636072302002
0.404000000000000	16.680077072644000	-39.699549983105001
0.405000000000000	16.639271236096000	-36.140343166089998
0.406000000000000	16.603021624168001	-29.928117153096998
0.407000000000000	16.575388390284001	-21.958672498270001
0.408000000000000	16.558740263114998	-13.666076818452000
0.409000000000000	16.552312649664000	-6.475934543295000
0.410000000000000	16.552516855829001	-1.174112307690000
0.411000000000000	16.555062320539001	2.408374081211000
0.412000000000000	16.557623858311000	5.159090784001000
0.413000000000000	16.560946435965999	8.030411609293999
0.414000000000000	16.567833998550999	11.400171000635000
0.415000000000000	16.580733876315001	14.873733931141000
0.416000000000000	16.599312753143000	17.632438361323999
0.417000000000000	16.620476728820002	19.029797275290001
0.418000000000000	16.640988146771999	18.984873853941000
0.419000000000000	16.659232679521001	17.942072602107000
0.420000000000000	16.675146439656000	16.521218358791000
0.421000000000000	16.689797400663000	15.161081784255000
0.422000000000000	16.704238170879002	13.989645502718000
0.423000000000000	16.718387229434001	12.949710913164999
0.424000000000000	16.731643057113001	12.028421677044999
0.425000000000000	16.743767400772001	11.406736273330999
0.426000000000000	16.754693084227998	11.433627695786001
0.427000000000000	16.764790588413000	12.422454977989000
0.428000000000000	16.775797580961999	14.353433172866000
0.429000000000000	16.790139751154001	16.673638760490999
0.430000000000000	16.808766315296999	18.398309552583999
0.431000000000000	16.830255618054998	18.535625718483999
0.432000000000000	16.851428648667000	16.612841321225002
0.433000000000000	16.868320207368999	12.975373559525000
0.434000000000000	16.878168213908999	8.631240497665001
0.435000000000000	16.881638745191001	4.694750576371000
0.436000000000000	16.882304725503001	1.801882056570000
0.437000000000000	16.882993187983999	-0.078184481410000
0.438000000000000	16.883380614779998	-1.367799938451000
0.439000000000000	16.881914074234999	-2.491082357240000
0.440000000000000	16.878485405254999	-3.718909908704000
0.441000000000000	16.873981827375001	-5.239146000926000
0.442000000000000	16.868361366422999	-7.221261985132000
0.443000000000000	16.860581455070001	-9.766818508488001
0.444000000000000	16.849951533106001	-12.818436788849001
0.445000000000000	16.836209773812001	-16.104399447500001
0.446000000000000	16.818861062041002	-19.139597621147001
0.447000000000000	16.797696441618001	-21.320210975011001
0.448000000000000	16.773924442102000	-22.140824941245000
0.449000000000000	16.750256766233001	-21.440450647346999
0.450000000000000	16.729238627825001	-19.490652970762000
0.451000000000000	16.711657127237999	-16.842639401612999
0.452000000000000	16.697024659008001	-14.058545663503001
0.453000000000000	16.684853034991001	-11.520595045285001
0.454000000000000	16.674824730128002	-9.390912053709000
0.455000000000000	16.666474858878001	-7.665160236330000
0.456000000000000	16.659657015777000	-6.237227582756000
0.457000000000000	16.654533446397998	-4.922576830818000
0.458000000000000	16.650631145161999	-3.444952647634000
0.459000000000000	16.647578911728001	-1.459640253906000
0.460000000000000	16.646331744942000	1.326717476931000
0.461000000000000	16.648150484873000	4.980799888544000
0.462000000000000	16.653891692938998	9.206545591386000
0.463000000000000	16.664723398856999	13.331059395921001
0.464000000000000	16.681361915785001	16.494758888143000
0.465000000000000	16.702015767713998	18.050161863081001
0.466000000000000	16.722427170709999	17.944118420852000
0.467000000000000	16.739206977190999	16.736252891642000
0.468000000000000	16.752751701009998	15.177220218567999
0.469000000000000	16.765720676240999	13.711585299819999
0.470000000000000	16.779336541208998	12.344858127107999
0.471000000000000	16.792362902935999	10.913623720519000
0.472000000000000	16.803146055428002	9.411003623154000
0.473000000000000	16.811475176300998	8.064557400497000
0.474000000000000	16.818329442694001	7.184164518385000
0.475000000000000	16.824703166022001	6.979823105233000
0.476000000000000	16.831252249557000	7.472378996867000
0.477000000000000	16.838735067350999	8.489728537743000
0.478000000000000	16.847907310436000	9.718924155045000
0.479000000000000	16.858772207923000	10.809082108271999
0.480000000000000	16.870675366444999	11.497241468933000
0.481000000000000	16.882937751099000	11.697644776959001
0.482000000000000	16.894836683943002	11.509429260162999
0.483000000000000	16.905715649255999	11.129245453217999
0.484000000000000	16.915565215099999	10.687614125309000
0.485000000000000	16.925039078872000	10.085962643272000
0.486000000000000	16.934676250622999	8.957059981781001
0.487000000000000	16.944002542387999	6.822007584645000
0.488000000000000	16.951136888752000	3.373828786386000
0.489000000000000	16.953475535289002	-1.303822702768000
0.490000000000000	16.949384650104001	-6.744170949046000
0.491000000000000	16.939079609147999	-12.308144437877001
0.492000000000000	16.923571238388998	-17.415142947243002
0.493000000000000	16.903577444465999	-21.647900141950000
0.494000000000000	16.879627057760999	-24.760524797572000
0.495000000000000	16.852429235591998	-26.716517311975000
0.496000000000000	16.823435429884999	-27.799815398678000
0.497000000000000	16.794812298179000	-28.669677387838000
0.498000000000000	16.767326952474001	-30.178033906538001
0.499000000000000	16.738616709696000	-32.968764124201002
0.500000000000000	16.705123138354001	-37.149184025215000
0.501000000000000	16.665184685046999	-42.305177578901997
0.502000000000000	16.619211099838999	-47.805995163067998
0.503000000000000	16.568117598116000	-53.104830882686997
0.504000000000000	16.512600750647000	-57.829392433397999
0.505000000000000	16.452929066254999	-61.699658908529997
0.506000000000000	16.389336749072999	-64.441027007770998
0.507000000000000	16.323301142603999	-65.792545664208006
0.508000000000000	16.257331774188000	-65.547033467649996
0.509000000000000	16.192974057383999	-63.519228507667002
0.510000000000000	16.130808850333000	-59.489277349435000
0.511000000000000	16.072572249177000	-53.271138727572001
0.512000000000000	16.021466409915998	-44.916076206268997
0.513000000000000	15.980337180098999	-34.878555680399998
0.514000000000000	15.950483236207001	-24.007938899172999
0.515000000000000	15.932126824222999	-13.390313179597999
0.516000000000000	15.924981896127999	-4.110711078060000
0.517000000000000	15.927348137257001	3.038658126456000
0.518000000000000	15.935449088307999	7.823753887661000
0.519000000000000	15.945285793288001	10.613512336777999
0.520000000000000	15.955201636119000	12.089904577744999
0.521000000000000	15.966097948491999	12.806022672901999
0.522000000000000	15.979091368150000	12.953959152202000
0.523000000000000	15.993327453951000	12.510153138173999
0.524000000000000	16.006552508235998	11.553900421171001
0.525000000000000	16.017370693225001	10.422701675845000
0.526000000000000	16.026462127035000	9.598521102697999
0.527000000000000	16.035371045786000	9.500013201052999
0.528000000000000	16.044528325881000	10.353064753511999
0.529000000000000	16.054111173858001	12.113968755335000
0.530000000000000	16.066003840160000	14.392451042015001
0.531000000000000	16.082427063044999	16.510035257273000
0.532000000000000	16.102755880246001	17.839422264643002
0.533000000000000	16.123133057831001	18.233072034022001
0.534000000000000	16.140397138851000	18.106252825485999
0.535000000000000	16.155829676951001	18.037497919018001
0.536000000000000	16.172932380731002	18.292710011652002
0.537000000000000	16.192497169391999	18.751295849176000
0.538000000000000	16.212777164017002	19.220771084822999
0.539000000000000	16.232901277286999	19.748020299471001
0.540000000000000	16.253063226319000	20.670834052479002
0.541000000000000	16.273533138346000	22.446529050433000
0.542000000000000	16.295591027606999	25.390313805287001
0.543000000000000	16.321344955602001	29.446093344828000
0.544000000000000	16.352379226935000	34.107623337649997
0.545000000000000	16.389322694248001	38.549591116449001
0.546000000000000	16.431324247961999	41.915828338586998
0.547000000000000	16.476069494752000	43.621258633410001
0.548000000000000	16.520949049651001	43.511110659705999
0.549000000000000	16.563947914324999	41.808668540785000
0.550000000000000	16.604110985365999	38.924314794676000
0.551000000000000	16.641264407859001	35.284479047345002
0.552000000000000	16.675039874650999	31.293543629062000
0.553000000000000	16.704775589110000	27.399768291076999
0.554000000000000	16.730138528022000	24.126408984415001
0.555000000000000	16.751483644248999	21.948849800583002
0.556000000000000	16.770468033836000	21.036367840091000
0.557000000000000	16.790063464578999	21.047300724682000
0.558000000000000	16.812238600057000	21.213239497922999
0.559000000000000	16.835828686894001	20.742366886625000
0.560000000000000	16.857947250342999	19.265172591340001
0.561000000000000	16.876591055605999	16.988339900728999
0.562000000000000	16.891517151910001	14.490891169017999
0.563000000000000	16.903877661286000	12.384405045253001
0.564000000000000	16.915005047903001	11.094269245280000
0.565000000000000	16.925602133289999	10.835709844528999
0.566000000000000	16.936300881653001	11.675879761928000
0.567000000000000	16.948007959603000	13.549720518962999
0.568000000000000	16.961814213141999	16.203965876948001
0.569000000000000	16.979084319531999	19.157338833558999
0.570000000000000	17.000573612634000	21.792288277463001
0.571000000000000	17.025078613518001	23.587677644066002
0.572000000000000	17.050201236437999	24.336398021419001
0.573000000000000	17.074595075571999	24.173834706183001
0.574000000000000	17.098252260515000	23.428340274935000
0.575000000000000	17.121062941428999	22.453365734453001
0.576000000000000	17.142709923426999	21.538859983654000
0.577000000000000	17.163444373434000	20.875775678968999
0.578000000000000	17.183735748404999	20.533876211591998
0.579000000000000	17.203914389043000	20.459105325654001
0.580000000000000	17.224555942127999	20.517232454813001
0.581000000000000	17.246001238392001	20.601099017968998
0.582000000000000	17.267456736275999	20.756456881281999
0.583000000000000	17.287840476229000	21.193585477439999
0.584000000000000	17.307626228435002	22.095494695742001
0.585000000000000	17.328878029772000	23.349120613886999
0.586000000000000	17.353143276362001	24.468181652028001
0.587000000000000	17.379628403902000	24.823165827591001
0.588000000000000	17.405794784097999	23.993099198818999
0.589000000000000	17.429560720449999	21.955483778708000
0.590000000000000	17.450246885757000	19.027569485977001
0.591000000000000	17.467591601797999	15.693007188054001
0.592000000000000	17.481236664823999	12.454336025493999
0.593000000000000	17.491657401740000	9.739417441983001
0.594000000000000	17.499942361993000	7.847985905962000
0.595000000000000	17.506684244416999	6.932165236492000
0.596000000000000	17.512875893044999	6.996582222066000
0.597000000000000	17.520346185638999	7.929646100330000
0.598000000000000	17.529635712169000	9.588453205772000
0.599000000000000	17.539752128267999	11.853968839709999
0.600000000000000	17.551222704314000	14.531212936956999
0.601000000000000	17.566472125891998	17.182382644181001
0.602000000000000	17.586103108323002	19.157307156760002
0.603000000000000	17.607749110229999	19.884999678330001
0.604000000000000	17.628865151844000	19.181833612241999
0.605000000000000	17.648177068315000	17.352135990019001
0.606000000000000	17.664708877738999	15.084322531506000
0.607000000000000	17.677732155510999	13.224909302548999
0.608000000000000	17.688394607410999	12.481376680285001
0.609000000000000	17.699494545766001	13.162219441436999
0.610000000000000	17.712946817182001	15.103720128836001
0.611000000000000	17.729230168053999	17.799369849005000
0.612000000000000	17.748732332397001	20.605525459146001
0.613000000000000	17.771653100786999	22.936277909131000
0.614000000000000	17.796995122207001	24.442602294444999
0.615000000000000	17.822710530634001	25.120384972168001
0.616000000000000	17.847243226999002	25.230009880350000
0.617000000000000	17.870862204567000	25.026218325655002
0.618000000000000	17.894946655380000	24.506745522111000
0.619000000000000	17.920002799991000	23.423379466471001
0.620000000000000	17.944587725382000	21.568228303474001
0.621000000000000	17.966185376792001	19.075517101628002
0.622000000000000	17.983473517711001	16.457257012385000
0.623000000000000	17.997327376112001	14.344857549733000
0.624000000000000	18.009583650488999	13.164304320293001
0.625000000000000	18.021905027037999	12.985794825669000
0.626000000000000	18.035434668871002	13.612061882353000
0.627000000000000	18.050439373968000	14.799367135238001
0.628000000000000	18.066317114484999	16.428154097602999
0.629000000000000	18.082639764246998	18.471862518788001
0.630000000000000	18.100630781585998	20.784406455407002
0.631000000000000	18.122491185142000	22.949062361119001
0.632000000000000	18.148491889888000	24.437102658798000
0.633000000000000	18.175878074850999	25.002930742779998
0.634000000000000	18.201212452076000	24.918651542225000
0.635000000000000	18.223781076550001	24.752463839158999
0.636000000000000	18.246251408130998	24.868858849961999
0.637000000000000	18.271037470458001	25.132200693828000
0.638000000000000	18.297554653050000	25.065585923507999
0.639000000000000	18.323924012490998	24.258075113179999
0.640000000000000	18.348576266217002	22.659302375069998
0.641000000000000	18.370361171831000	20.599767924081998
0.642000000000000	18.389206748768999	18.601280148025001
0.643000000000000	18.405921754484002	17.126023230207000
0.644000000000000	18.421608596829000	16.393630562653001
0.645000000000000	18.437378395494001	16.326456005040999
0.646000000000000	18.453626894248000	16.604067110665000
0.647000000000000	18.470391373527001	16.768212523664001
0.648000000000000	18.487707383267001	16.342311107735998
0.649000000000000	18.504447915092001	14.953551058307999
0.650000000000000	18.518723333581999	12.413388209949000
0.651000000000000	18.529624020395001	8.713165411636000
0.652000000000000	18.536708321630002	3.985039104675000
0.653000000000000	18.538916845372000	-1.483068797086000
0.654000000000000	18.535270667837001	-7.189467269075000
0.655000000000000	18.525301966562999	-12.426449398243999
0.656000000000000	18.509108402239001	-16.450983785872001
0.657000000000000	18.488491470313999	-18.805807331328001
0.658000000000000	18.467144033562001	-19.604526821476000
0.659000000000000	18.448155553311000	-19.507166621119001
0.660000000000000	18.431224842580999	-19.317854940701000
0.661000000000000	18.413491548128999	-19.512555998130999
0.662000000000000	18.393311166741000	-20.101825935954000
0.663000000000000	18.371637261528999	-20.882593781375000
0.664000000000000	18.349884812565001	-21.750993618439001
0.665000000000000	18.328192110943000	-22.772774029667001
0.666000000000000	18.305765285629001	-24.020260531154999
0.667000000000000	18.281866497383000	-25.381584717753999
0.668000000000000	18.256011517110000	-26.506497996113001
0.669000000000000	18.228167029007000	-26.930982543921001
0.670000000000000	18.199812935482001	-26.311281107772999
0.671000000000000	18.173469382615000	-24.601294277885000
0.672000000000000	18.150440831836999	-22.027010536178000
0.673000000000000	18.130431935693998	-18.899594566689998
0.674000000000000	18.113296993862999	-15.455194984242000
0.675000000000000	18.099659314859998	-11.827614938544000
0.676000000000000	18.089591582145999	-8.109142285174000
0.677000000000000	18.082556047503001	-4.442360116658000
0.678000000000000	18.079247983203000	-1.103374403137000
0.679000000000000	18.080690390504000	1.532684723321000
0.680000000000000	18.085232904649001	3.207816064292000
0.681000000000000	18.089634754586001	3.997025296580000
0.682000000000000	18.092792284794001	4.262022939260000
0.683000000000000	18.096040377832999	4.372348156143000
0.684000000000000	18.100221379166999	4.480688019446000
0.685000000000000	18.104535297569999	4.503911455908000
0.686000000000000	18.108704024251999	4.214492389122000
0.687000000000000	18.113492413717001	3.364772103323000
0.688000000000000	18.118014964042001	1.871673514490000
0.689000000000000	18.119703673115001	-0.018968374249000
0.690000000000000	18.117799444324000	-1.779723206086000
0.691000000000000	18.114112102196000	-2.864800645790000
0.692000000000000	18.110305091971000	-2.958944205002000
0.693000000000000	18.106925492100999	-2.058249954321000
0.694000000000000	18.104817428916999	-0.442174643202000
0.695000000000000	18.105166844884000	1.388345093992000
0.696000000000000	18.108131926874002	2.836435871910000
0.697000000000000	18.112879462317999	3.421567099355000
0.698000000000000	18.117926596722999	3.001516269664000
0.699000000000000	18.121095462361001	1.862859303260000
0.700000000000000	18.121293866253001	0.574656560570000
0.701000000000000	18.119545971748000	-0.345313444187000
0.702000000000000	18.117571970873001	-0.734274855981000
0.703000000000000	18.116722877021999	-0.843348593676000
0.704000000000000	18.116958132255000	-1.125991310044000
0.705000000000000	18.116662728369000	-1.933216639815000
0.706000000000000	18.114674383137000	-3.329835526166000
0.707000000000000	18.110878145219999	-5.095002996290000
0.708000000000000	18.104896942281002	-6.826898070456000
0.709000000000000	18.096530425697001	-8.087177703891999
0.710000000000000	18.086912343912999	-8.567919914926000
0.711000000000000	18.077658924799000	-8.215225133962001
0.712000000000000	18.069974523488000	-7.209395047504000
0.713000000000000	18.064557098141002	-5.783694263883000
0.714000000000000	18.060625796295000	-4.009006056890000
0.715000000000000	18.056743837336001	-1.763820728367000
0.716000000000000	18.053865347247999	1.009361612968000
0.717000000000000	18.055063987556000	3.982445985076000
0.718000000000000	18.061600573861000	6.428232454243000
0.719000000000000	18.071274324434000	7.596026324016000
0.720000000000000	18.080870017873998	7.159116297457000
0.721000000000000	18.088284529837001	5.393115555829000
0.722000000000000	18.092260704030998	3.020718809614000
0.723000000000000	18.092480339645999	0.858955772700000
0.724000000000000	18.090566934582998	-0.544404604935000
0.725000000000000	18.089087395246999	-1.084217307567000
0.726000000000000	18.088838514911998	-0.975562579286000
0.727000000000000	18.088630596756001	-0.479988597357000
0.728000000000000	18.088107389910999	0.251040406634000
0.729000000000000	18.088754993662999	1.153651649168000
0.730000000000000	18.091263964248000	2.221911057019000
0.731000000000000	18.094373666583000	3.544113986778000
0.732000000000000	18.097508274317999	5.257972176371000
0.733000000000000	18.102218721587999	7.353185997125000
0.734000000000000	18.110366556940999	9.515520141362000
0.735000000000000	18.122131290580999	11.233398446746000
0.736000000000000	18.135861898620000	12.123121151465000
0.737000000000000	18.149445145817001	12.210881771336000
0.738000000000000	18.161524672601001	11.951707846659000
0.739000000000000	18.171885456908001	11.963942798207000
0.740000000000000	18.181852014682999	12.641784460825001
0.741000000000000	18.194075213760001	13.910102418794001
0.742000000000000	18.210064034392001	15.332397482895001
0.743000000000000	18.228189499193000	16.510587147315999
0.744000000000000	18.246038840368001	17.430764947172001
0.745000000000000	18.263333771311000	18.463518505473999
0.746000000000000	18.281216886311000	20.069946241010999
0.747000000000000	18.300875730171999	22.472494619176000
0.748000000000000	18.323539339751999	25.472065970448998
0.749000000000000	18.350301822451001	28.460727942978998
0.750000000000000	18.381134296157001	30.623889235048999
0.751000000000000	18.414232172361000	31.261067909468998
0.752000000000000	18.446867071353999	30.069618958185998
0.753000000000000	18.476636965314999	27.242641900325001
0.754000000000000	18.501970606190000	23.349829145503001
0.755000000000000	18.522395635306001	19.088867259811000
0.756000000000000	18.538347229705000	15.035445773471000
0.757000000000000	18.550649138912998	11.494452414157999
0.758000000000000	18.560517798035999	8.510692658298000
0.759000000000000	18.568825826046002	6.040854359943000
0.760000000000000	18.574787186312999	4.173790094452000
0.761000000000000	18.577338350188999	3.175080529876000
0.762000000000000	18.577932325650998	3.240075774323000
0.763000000000000	18.580026917969001	4.170816661510000
0.764000000000000	18.585811966161000	5.356050668786000
0.765000000000000	18.594354151131999	6.157690681817000
0.766000000000000	18.602626096432001	6.372355392217000
0.767000000000000	18.608432850694001	6.333754396710000
0.768000000000000	18.612679851460999	6.565495020460000
0.769000000000000	18.617860359828999	7.311843215177000
0.770000000000000	18.625229997489999	8.332233639412999
0.771000000000000	18.634701022634001	9.054704442395000
0.772000000000000	18.645531552068999	8.924284669277000
0.773000000000000	18.656104348608000	7.743333354372000
0.774000000000000	18.664097765346000	5.840968358417000
0.775000000000000	18.668067093865002	3.954830835086000
0.776000000000000	18.669244996038000	2.860698468309000
0.777000000000000	18.670384310195001	2.989805257410000
0.778000000000000	18.673171108199000	4.280853121004000
0.779000000000000	18.678267372564999	6.292135906253000
0.780000000000000	18.686209110690999	8.430728733409000
0.781000000000000	18.696696421172000	10.179026385693000
0.782000000000000	18.708472671968000	11.260186136324000
0.783000000000000	18.720648324062001	11.699396451540000
0.784000000000000	18.732570177806000	11.761349436667000
0.785000000000000	18.743090296188999	11.758755210511000
0.786000000000000	18.752494819151998	11.760598895498999
0.787000000000000	18.763404442986001	11.389444392640000
0.788000000000000	18.776949595484002	10.001790817301000
0.789000000000000	18.789744267515001	7.252622586555000
0.790000000000000	18.796769002394999	3.562458693003000
0.791000000000000	18.796404586026000	-0.011484766537000
0.792000000000000	18.791518665462000	-2.427898559422000
0.793000000000000	18.786358319990999	-3.264160984740000
0.794000000000000	18.783306369670001	-2.808512169309000
0.795000000000000	18.782137822197001	-1.701672881922000
0.796000000000000	18.781721997704999	-0.529258503598000
0.797000000000000	18.781835580936001	0.347622930561000
0.798000000000000	18.782848567727999	0.763468365453000
0.799000000000000	18.784347215796998	0.702326460829000
0.800000000000000	18.785054253523001	0.282891622948000
0.801000000000000	18.784277773397999	-0.313826785372000
0.802000000000000	18.782862933370001	-0.984145828996000
0.803000000000000	18.781893160673999	-1.766410662180000
0.804000000000000	18.780557757838000	-2.748725698608000
0.805000000000000	18.776823093889998	-3.970702722317000
0.806000000000000	18.770716651034999	-5.495406219034000
0.807000000000000	18.764463727894000	-7.525548411364000
0.808000000000000	18.758235018918999	-10.267273308231999
0.809000000000000	18.748754755362999	-13.562831751246000
0.810000000000000	18.733381045148001	-16.705503509020001
0.811000000000000	18.713074382523999	-18.726250332696001
0.812000000000000	18.690853878978000	-18.968086848001999
0.813000000000000	18.669743097600001	-17.538442656872000
0.814000000000000	18.652396323457001	-15.372580254462999
0.815000000000000	18.640082917948000	-13.856033153561000
0.816000000000000	18.630636409834000	-14.149762538635001
0.817000000000000	18.618660380186999	-16.597005256277001
0.818000000000000	18.599815951871001	-20.647771990631000
0.819000000000000	18.574413790891001	-25.359209616855999
0.820000000000000	18.545175043564999	-30.011896206902001
0.821000000000000	18.513230213419000	-34.331005535568998
0.822000000000000	18.477932587853001	-38.264948450974998
0.823000000000000	18.438452790802000	-41.677331590302998
0.824000000000000	18.394514444755000	-44.281186555124997
0.825000000000000	18.347366189357000	-45.849755615778001
0.826000000000000	18.299962794744999	-46.463469013508004
0.827000000000000	18.254492935757000	-46.494064031633002
0.828000000000000	18.210323999892999	-46.271859603267004
0.829000000000000	18.165533553888000	-45.727241621082001
0.830000000000000	18.119623672877001	-44.355637812258003
0.831000000000000	18.074249371663999	-41.558075641235000
0.832000000000000	18.032270660087001	-37.095263558581003
0.833000000000000	17.996568733932001	-31.337811097553001
0.834000000000000	17.968874951202000	-25.159365092579002
0.835000000000000	17.948649722357999	-19.547150403138001
0.836000000000000	17.933455611368998	-15.177109222568999
0.837000000000000	17.920902754480000	-12.206986358840000
0.838000000000000	17.909859589589001	-10.354322635942999
0.839000000000000	17.900006950464999	-9.118491412934001
0.840000000000000	17.891115979325999	-7.973768429318000
0.841000000000000	17.883372488736001	-6.473820846599000
0.842000000000000	17.877424906550999	-4.301221039632000
0.843000000000000	17.873587537266999	-1.320406951009000
0.844000000000000	17.872427208055001	2.324636630066000
0.845000000000000	17.875668048615999	6.124029722454000
0.846000000000000	17.884785290079002	9.306155556817000
0.847000000000000	17.898560423595999	11.230541865084000
0.848000000000000	17.912771619684001	11.839045775448000
0.849000000000000	17.923980959626999	11.741418838233001
0.850000000000000	17.933262107680999	11.804797374568000
0.851000000000000	17.943672498057001	12.608226441763000
0.852000000000000	17.956162433715001	14.185289653331999
0.853000000000000	17.970648378829001	16.095296859885000
0.854000000000000	17.987892545434001	17.634851447178001
0.855000000000000	18.007929378699998	18.120243218140001
0.856000000000000	18.028347912474999	17.227005123419001
0.857000000000000	18.045931110024000	15.218190900100000
0.858000000000000	18.059537081470001	12.867799906861000
0.859000000000000	18.070083709039999	11.119859595749000
0.860000000000000	18.079024712511000	10.708393629051001
0.861000000000000	18.088356009782000	11.913301559717000
0.862000000000000	18.100560352212000	14.511977098501999
0.863000000000000	18.117103700531999	17.927684222558000
0.864000000000000	18.137774365422999	21.498758304668002
0.865000000000000	18.161720314638998	24.712450503134999
0.866000000000000	18.188087114620000	27.279334638291001
0.867000000000000	18.216030672746001	29.047148970102000
0.868000000000000	18.245176193980001	29.857107705973000
0.869000000000000	18.275554153881000	29.491359929057001
0.870000000000000	18.306251314379001	27.811855325185999
0.871000000000000	18.334716735501001	25.012522249930999
0.872000000000000	18.358354000828999	21.733156719181999
0.873000000000000	18.376749058645999	18.847238591292001
0.874000000000000	18.392089970175000	17.030934959522000
0.875000000000000	18.407340397188001	16.442871721482000
0.876000000000000	18.424145105118999	16.752302025803001
0.877000000000000	18.442429143319998	17.452245147098999
0.878000000000000	18.461193833128998	18.184755535447000
0.879000000000000	18.479639622998999	18.848115987153001
0.880000000000000	18.498008943658999	19.470062203047000
0.881000000000000	18.517433355996999	20.030249286886999
0.882000000000000	18.538520398248998	20.431929750007999
0.883000000000000	18.559836935328001	20.617016459854000
0.884000000000000	18.579503026059001	20.602313759632999
0.885000000000000	18.598246765267000	20.306781646716999
0.886000000000000	18.618230932892001	19.385850138915000
0.887000000000000	18.639347366580001	17.395644847383998
0.888000000000000	18.658368877823001	14.246551254106000
0.889000000000000	18.671650680829998	10.510212806719000
0.890000000000000	18.678457625124999	7.226640602081000
0.891000000000000	18.681373803042000	5.327274281162000
0.892000000000000	18.684198867708002	5.133010330144000
0.893000000000000	18.689899077174001	6.299899024241000
0.894000000000000	18.698982710993000	8.204863300670001
0.895000000000000	18.709682622420001	10.416485535224000
0.896000000000000	18.720691375940000	12.851927080462000
0.897000000000000	18.733015808640999	15.531698386846999
0.898000000000000	18.748715429129000	18.226905604890000
0.899000000000000	18.768675670084001	20.369095190332001
0.900000000000000	18.791836073412998	21.321711849785000
0.901000000000000	18.815538293696001	20.793369980590001
0.902000000000000	18.836559408816001	19.061575629119002
0.903000000000000	18.853365454203001	16.820691657356999
0.904000000000000	18.867233439873001	14.770234458133000
0.905000000000000	18.880205135103001	13.273207811836000
0.906000000000000	18.893046102751001	12.316645728989000
0.907000000000000	18.905543805497999	11.712690282300001
0.908000000000000	18.917588728752001	11.325847794636999
0.909000000000000	18.929391912591999	11.197250553125000
0.910000000000000	18.940781738304999	11.548989381943001
0.911000000000000	18.951671041205000	12.661922270759000
0.912000000000000	18.963470035316000	14.647954420043000
0.913000000000000	18.978280916847002	17.251114307929999
0.914000000000000	18.997065498247000	19.850344436783001
0.915000000000000	19.019371967851999	21.699342533679999
0.916000000000000	19.043529476753999	22.264947449284001
0.917000000000000	19.066958930285001	21.460616768952999
0.918000000000000	19.087525796988000	19.630760244868000
0.919000000000000	19.105000878738000	17.308582931265999
0.920000000000000	19.120643006152999	14.954982258776001
0.921000000000000	19.134985651171000	12.885619382518000
0.922000000000000	19.147097336537001	11.355550886026000
0.923000000000000	19.156802399364000	10.584419960742000
0.924000000000000	19.166063509640999	10.636886325735000
0.925000000000000	19.176831854541000	11.323286263916000
0.926000000000000	19.189098575069998	12.272728187785001
0.927000000000000	19.202244330917001	13.108098183618999
0.928000000000000	19.216189242557000	13.573374825684001
0.929000000000000	19.230237004393000	13.565811416803999
0.930000000000000	19.243308629546998	13.087909573729000
0.931000000000000	19.255587362284000	12.153862851954001
0.932000000000000	19.267685042766001	10.752874496815000
0.933000000000000	19.278940214855002	8.954717386460001
0.934000000000000	19.287665491494000	7.055555730496000
0.935000000000000	19.292661098004999	5.531947884749000
0.936000000000000	19.295089193161001	4.729777445185000
0.937000000000000	19.298256166921000	4.543678521700000
0.938000000000000	19.304238866003999	4.454560767082000
0.939000000000000	19.311381374046999	3.972183713873000
0.940000000000000	19.316391193779001	3.089456528541000
0.941000000000000	19.318370164369998	2.333583260298000
0.942000000000000	19.319130095131001	2.425842346325000
0.943000000000000	19.320823216977999	3.894443171787000
0.944000000000000	19.324921956766001	6.881023046365000
0.945000000000000	19.332405668073999	11.101469319727000
0.946000000000000	19.344696903111000	15.857138330268000
0.947000000000000	19.363557998487000	20.151009833536001
0.948000000000000	19.388245529189000	23.020740832354999
0.949000000000000	19.414698638619999	23.972879737677001
0.950000000000000	19.439153341962999	23.182325425660000
0.951000000000000	19.460591944448002	21.283812789532998
0.952000000000000	19.479616327734998	18.961291811304999
0.953000000000000	19.496819346917999	16.666719785668000
0.954000000000000	19.512400031677998	14.597119115320000
0.955000000000000	19.526524652523001	12.838007237781000
0.956000000000000	19.539140290186001	11.517704788651001
0.957000000000000	19.549614509904998	10.833904452424999
0.958000000000000	19.558356423435999	10.886521517175000
0.959000000000000	19.568141532066999	11.448190276239000
0.960000000000000	19.581027871294999	11.961089525393000
0.961000000000000	19.595296417838998	11.859758602388000
0.962000000000000	19.607980149959999	10.936506394562000
0.963000000000000	19.618106360414998	9.414237135779001
0.964000000000000	19.626004116766001	7.725837076136000
0.965000000000000	19.632080935068998	6.238266832206000
0.966000000000000	19.636869998877000	5.087752083877000
0.967000000000000	19.641063483553999	4.151088883892000
0.968000000000000	19.645206126369999	3.139218500885000
0.969000000000000	19.648784825711999	1.778216552135000
0.970000000000000	19.650401482530999	-0.022124601290000
0.971000000000000	19.649537110847000	-2.116067211133000
0.972000000000000	19.646547433776000	-4.180875833213000
0.973000000000000	19.641290858013999	-5.813848612221000
0.974000000000000	19.633872543751998	-6.653582211491000
0.975000000000000	19.625809354444002	-6.533549389801000
0.976000000000000	19.619085129462000	-5.578652911469000
0.977000000000000	19.614933455046000	-4.117670990616000
0.978000000000000	19.613197408935001	-2.427368584082000
0.979000000000000	19.612288695657000	-0.520581092523000
0.980000000000000	19.611306228707999	1.784115409074000
0.981000000000000	19.612135789414999	4.524102741659000
0.982000000000000	19.617428132034000	7.310724495153000
0.983000000000000	19.627304587687000	9.412853172385001
0.984000000000000	19.639483480953000	10.151367460692001
0.985000000000000	19.651063727617998	9.270019235155999
0.986000000000000	19.659974125723000	7.034472212016000
0.987000000000000	19.665603719421000	4.081629110127000
0.988000000000000	19.667709022076998	1.178688559936000
0.989000000000000	19.666194068336001	-1.016750295567000
0.990000000000000	19.662558829736000	-2.176619903471000
0.991000000000000	19.659331956542999	-2.417837611365000
0.992000000000000	19.657738443269000	-2.190407185535000
0.993000000000000	19.657067482430001	-1.973376888550000
0.994000000000000	19.656022876481000	-1.999754942709000
0.995000000000000	19.653917824257000	-2.200710287186000
0.996000000000000	19.650920639687001	-2.358670147388000
0.997000000000000	19.647969472417000	-2.303005894287000
0.998000000000000	19.645992245948001	-1.984620459760000
0.999000000000000	19.644737923643000	-1.410899811652000
1.000000000000000	19.643181740591000	-0.591289201378000
1.001000000000000	19.641436951856001	0.364198629808000
1.002000000000000	19.641502483406999	1.095706581947000
1.003000000000000	19.644851920398999	1.091205994241000
1.004000000000000	19.649313806321999	0.126367574349000
1.005000000000000	19.650412221206000	-1.320191530382000
1.006000000000000	19.646395154120000	-2.171108745315000
1.007000000000000	19.640329709275999	-1.401462997610000
1.008000000000000	19.637095691875999	1.285513785608000
1.009000000000000	19.639870599460998	5.290995836298000
1.010000000000000	19.649125514405000	9.523801073082000
1.011000000000000	19.662961811140001	13.011876820606000
1.012000000000000	19.678600739956000	15.296696338008999
1.013000000000000	19.694521775567999	16.427409885776001
1.014000000000000	19.710577436762001	16.684921673121998
1.015000000000000	19.726617378305001	16.302490182223000
1.016000000000000	19.742352525895999	15.351464294479999
1.017000000000000	19.757653593891000	13.806321428791000
1.018000000000000	19.771702193340001	11.715573857281999
1.019000000000000	19.782756340877999	9.340230963105000
1.020000000000000	19.790065756585001	7.113989331202000
1.021000000000000	19.794995751893001	5.431286532434000
1.022000000000000	19.799165323311001	4.447915340646000
1.023000000000000	19.803047975601999	4.043935673993000
1.024000000000000	19.807035240491000	3.926400648698000
1.025000000000000	19.811793997906001	3.793245097145000
1.026000000000000	19.816751878952999	3.508438908609000
1.027000000000000	19.820159788215001	3.183246737198000
1.028000000000000	19.821713947884000	3.039789666484000
1.029000000000000	19.823372257753000	3.132027457843000
1.030000000000000	19.826660728686001	3.198012510764000
1.031000000000000	19.830797476103001	2.793577925051000
1.032000000000000	19.834076994217000	1.560243258379000
1.033000000000000	19.835536495342001	-0.593160145094000
1.034000000000000	19.834398593684998	-3.453054744212000
1.035000000000000	19.829344831257000	-6.572509176801000
1.036000000000000	19.820037441627999	-9.445670902278000
1.037000000000000	19.808176669037000	-11.729663274543000
1.038000000000000	19.795352071450001	-13.359216609022001
1.039000000000000	19.781579301499001	-14.476419050848000
1.040000000000000	19.766718025452999	-15.285773934990999
1.041000000000000	19.751107283423000	-15.970056635252000
1.042000000000000	19.734977235793000	-16.669992990646001
1.043000000000000	19.718398954840001	-17.457018217230001
1.044000000000000	19.701263203286000	-18.270825686649001
1.045000000000000	19.683092840800999	-18.868591797726999
1.046000000000000	19.663512746281000	-18.873717246719000
1.047000000000000	19.643441457946000	-17.959184700704000
1.048000000000000	19.625112236254999	-16.060345248680001
1.049000000000000	19.610136703407001	-13.444281732413000
1.050000000000000	19.598482562468000	-10.587623441168001
1.051000000000000	19.589808041447998	-7.978502220237000
1.052000000000000	19.583868096861998	-5.961456135250000
1.053000000000000	19.579270907085998	-4.669125493869000
1.054000000000000	19.574532393874001	-4.068580614978000
1.055000000000000	19.570067702728000	-4.093806721112000
1.056000000000000	19.566400773538000	-4.719001176221000
1.057000000000000	19.562133195505002	-5.877562889332000
1.058000000000000	19.555877873825001	-7.340166662301000
1.059000000000000	19.547588991297001	-8.715603996509000
1.060000000000000	19.537614320482000	-9.585483463406000
1.061000000000000	19.526710620006000	-9.679442313399001
1.062000000000000	19.516254493927001	-9.002380116875001
1.063000000000000	19.507744012970999	-7.832663191905000
1.064000000000000	19.501847015766000	-6.543623787989000
1.065000000000000	19.497378454227000	-5.335925542620000
1.066000000000000	19.492642954752998	-4.103708043544000
1.067000000000000	19.487847849045998	-2.581809451493000
1.068000000000000	19.484786113582000	-0.649092560523000
1.069000000000000	19.484946834291001	1.497755989408000
1.070000000000000	19.488309915932000	3.441959231599000
1.071000000000000	19.493517741197000	4.794453623021000
1.072000000000000	19.499341232599001	5.379205874637000
1.073000000000000	19.505212547349000	5.270647462981000
1.074000000000000	19.510591296958001	4.742015672926000
1.075000000000000	19.514967091262001	4.189753660631000
1.076000000000000	19.518475738726998	4.041143695763000
1.077000000000000	19.522145054349000	4.655700307654000
1.078000000000000	19.527068469425000	6.260259834337000
1.079000000000000	19.533877419258001	8.921883268574000
1.080000000000000	19.543485300261999	12.512372232636000
1.081000000000000	19.557225896835000	16.658293871350999
1.082000000000000	19.575980498322998	20.752596417924000
1.083000000000000	19.599556164831998	24.096515951139999
1.084000000000000	19.626469221040001	26.134123447136002
1.085000000000000	19.654278195977000	26.643654519563000
1.086000000000000	19.680885624085001	25.761997833468001
1.087000000000000	19.705745643231001	23.858731920893000
1.088000000000000	19.728882258279000	21.406240084945999
1.089000000000000	19.749177737766001	18.928645070123999
1.090000000000000	19.765894183878999	16.938251553194998
1.091000000000000	19.780696020508000	15.781870392969999
1.092000000000000	19.795736008426999	15.513541737740001
1.093000000000000	19.811693653567001	15.942735390616001
1.094000000000000	19.828443716883999	16.809368881381001
1.095000000000000	19.845785246546001	17.909223280357999
1.096000000000000	19.863823705640002	19.079603508222000
1.097000000000000	19.882981233031000	20.105359952059999
1.098000000000000	19.903535180020999	20.672036573438000
1.099000000000000	19.925300148337001	20.453993727200999
1.100000000000000	19.946920390645001	19.308574746636001
1.101000000000000	19.966012335197998	17.415760562995999
1.102000000000000	19.981367414146000	15.197763896667000
1.103000000000000	19.994206869389998	13.057754943947000
1.104000000000000	20.006186661768002	11.187309122833000
1.105000000000000	20.017193988609002	9.610031637825999
1.106000000000000	20.026251858580000	8.340600931049000
1.107000000000000	20.033479153923999	7.438331968630000
1.108000000000000	20.040121042730000	6.931161761070000
1.109000000000000	20.047200763976001	6.766746632696000
1.110000000000000	20.054467325809998	6.872108829733000
1.111000000000000	20.061284674307998	7.221937397252000
1.112000000000000	20.068125572250000	7.801346215463000
1.113000000000000	20.075729744031001	8.496754473188000
1.114000000000000	20.084259130877999	9.033191642792000
1.115000000000000	20.093849156695999	9.026699534272000
1.116000000000000	20.103805849328999	8.138047342349999
1.117000000000000	20.112071533472999	6.235283113720000
1.118000000000000	20.117049398100001	3.436809000001000
1.119000000000000	20.118525263001999	0.005047965505000
1.120000000000000	20.116544398098998	-3.791481824735000
1.121000000000000	20.110979883224001	-7.724965570032000
1.122000000000000	20.101628477009999	-11.565730962915000
1.123000000000000	20.088118330463999	-15.045197963528000
1.124000000000000	20.070785801469999	-17.899208993302999
1.125000000000000	20.051176012673000	-19.958143243942999
1.126000000000000	20.030650902950001	-21.177297093210001
1.127000000000000	20.009131604377998	-21.590501180756998
1.128000000000000	19.986476892125001	-21.307636658016001
1.129000000000000	19.964455931233001	-20.603422505345002
1.130000000000000	19.945031598770999	-19.930392182407001
1.131000000000000	19.927101065178999	-19.721538641959999
1.132000000000000	19.907820526127999	-20.154602551785000
1.133000000000000	19.886617223416000	-21.141511624972001
1.134000000000000	19.864693016459000	-22.505037362353001
1.135000000000000	19.841855302054000	-24.092530673879001
1.136000000000000	19.817048311499999	-25.749887860447998
1.137000000000000	19.790376151945999	-27.280497734750998
1.138000000000000	19.762474185236002	-28.457616496473999
1.139000000000000	19.733432569278001	-29.058662023063000
1.140000000000000	19.703587471512002	-28.916253351384000
1.141000000000000	19.674386856152999	-27.983267275970000
1.142000000000000	19.647428985544000	-26.334964554376999
1.143000000000000	19.622909185478001	-24.061650942387999
1.144000000000000	19.600086078170001	-21.166504382037999
1.145000000000000	19.579373295661000	-17.623998624675000
1.146000000000000	19.562726357786001	-13.557513922332999
1.147000000000000	19.551489276308001	-9.322748873762000
1.148000000000000	19.544950163648000	-5.397790800134000
1.149000000000000	19.541519121400000	-2.222231963161000
1.150000000000000	19.540308930386001	-0.151905273469000
1.151000000000000	19.541158685208998	0.516346650819000
1.152000000000000	19.543378885967002	-0.367164518487000
1.153000000000000	19.544553434979999	-2.565317026746000
1.154000000000000	19.541413675811999	-5.296923890151000
1.155000000000000	19.532711857016000	-7.447777598197000
1.156000000000000	19.521067089411002	-8.122871625316000
1.157000000000000	19.511125321788999	-7.128935800481000
1.158000000000000	19.505590531142001	-4.974995728974000
1.159000000000000	19.503987614509999	-2.404708977225000
1.160000000000000	19.504561862157999	0.126855991370000
1.161000000000000	19.505948109163000	2.632795020485000
1.162000000000000	19.508388748049001	5.365097080690000
1.163000000000000	19.513700388798998	8.429045985678000
1.164000000000000	19.523242674403001	11.562495641711999
1.165000000000000	19.536852853578999	14.212446732439000
1.166000000000000	19.553260810683000	15.798150687512999
1.167000000000000	19.570647438895001	15.966211464518000
1.168000000000000	19.587238881074999	14.722666782229000
1.169000000000000	19.601573946843999	12.432460518166000
1.170000000000000	19.612729812878001	9.721768871265001
1.171000000000000	19.620506928478999	7.314211097433000
1.172000000000000	19.625604831547001	5.831935178989000
1.173000000000000	19.630003898439000	5.629860930184000
1.174000000000000	19.635719387491999	6.748105242327000
1.175000000000000	19.642984886657999	8.967987026694001
1.176000000000000	19.651944972486000	11.841209993186000
1.177000000000000	19.664659635585000	14.668237164373000
1.178000000000000	19.682332321269001	16.616512358186998
1.179000000000000	19.702265682745001	17.073027841796002
1.180000000000000	19.720290916978001	15.972190535490000
1.181000000000000	19.735079409908000	13.794375182496999
1.182000000000000	19.747419790314002	11.292993538300999
1.183000000000000	19.756887823679001	9.206425717199000
1.184000000000000	19.763188864254001	8.023513319498999
1.185000000000000	19.768835901024001	7.767760743346000
1.186000000000000	19.776679742641001	7.942117081996000
1.187000000000000	19.786477671394000	7.794324468666000
1.188000000000000	19.795774670400998	6.754011139223000
1.189000000000000	19.802496389721000	4.702225506583000
1.190000000000000	19.805853746912000	1.926588178493000
1.191000000000000	19.805894693435000	-1.101418824364000
1.192000000000000	19.802837859012001	-3.932276691204000
1.193000000000000	19.797014817737001	-6.254878299733000
1.194000000000000	19.789147385421000	-7.947767402457000
1.195000000000000	19.780205685422001	-9.078053626205000
1.196000000000000	19.771257143629001	-9.813621945989000
1.197000000000000	19.762532761917999	-10.242608688979001
1.198000000000000	19.752685212399001	-10.225910643692000
1.199000000000000	19.741046781792001	-9.481485506666999
1.200000000000000	19.729929665995002	-7.904702418957000
1.201000000000000	19.722565847123999	-5.815848302327000
1.202000000000000	19.719379306370001	-3.840482501465000
1.203000000000000	19.717947391814999	-2.530364974134000
1.204000000000000	19.716065660203999	-2.109235639152000
1.205000000000000	19.713408893996998	-2.531457749494000
1.206000000000000	19.710393238580000	-3.675947057575000
1.207000000000000	19.706504926659999	-5.424653222198000
1.208000000000000	19.700695357899001	-7.587652654952000
1.209000000000000	19.692644092039000	-9.797733037920001
1.210000000000000	19.682180585312000	-11.482601204579000
1.211000000000000	19.669106963070998	-11.978739707110000
1.212000000000000	19.655041985109001	-10.800982375369999
1.213000000000000	19.643507984763001	-7.933596581751000
1.214000000000000	19.637249911596001	-3.903525666736000
1.215000000000000	19.636511154560001	0.448293370544000
1.216000000000000	19.640068477517001	4.311656599160000
1.217000000000000	19.646783089326000	7.130177193083000
1.218000000000000	19.655544357250999	8.644910997817000
1.219000000000000	19.665029469720999	8.850385226189999
1.220000000000000	19.674239028237999	7.955323329155000
1.221000000000000	19.682147633623000	6.369353731410000
1.222000000000000	19.687493936138999	4.662234984387000
1.223000000000000	19.690262850124000	3.425322994962000
1.224000000000000	19.692018208518000	3.063617005239000
1.225000000000000	19.694511419449999	3.661209538678000
1.226000000000000	19.699016101786000	5.033407378449000
1.227000000000000	19.705786902069001	6.925455799203000
1.228000000000000	19.714118301161001	9.190850221825000
1.229000000000000	19.723898570732999	11.798072537362000
1.230000000000000	19.736135321521999	14.677536998082999
1.231000000000000	19.751878232665000	17.575915963320000
1.232000000000000	19.771137841746999	20.060192612832001
1.233000000000000	19.792810165949000	21.652602556300000
1.234000000000000	19.815531543022001	21.978920553986999
1.235000000000000	19.837944328831000	20.857503917589000
1.236000000000000	19.858587485166002	18.341221984503001
1.237000000000000	19.876126244232001	14.740967947548000
1.238000000000000	19.889232419818001	10.611683202443000
1.239000000000000	19.897023538844000	6.641151766716000
1.240000000000000	19.900314110657000	3.428610089564000
1.241000000000000	19.901281386343999	1.265725867072000
1.242000000000000	19.901555340171999	0.079539449553000
1.243000000000000	19.901649500080001	-0.430141345827000
1.244000000000000	19.901704152617999	-0.581289675230000
1.245000000000000	19.901509419143000	-0.571501309456000
1.246000000000000	19.900668049423999	-0.476878964193000
1.247000000000000	19.899635841792001	-0.354568438402000
1.248000000000000	19.899440587183001	-0.325568928751000
1.249000000000000	19.899929869038999	-0.530620014088000
1.250000000000000	19.899674369511999	-1.014737633810000
1.251000000000000	19.897833274766999	-1.707371243417000
1.252000000000000	19.894901460981998	-2.548033685287000
1.253000000000000	19.891628283239999	-3.615034013079000
1.254000000000000	19.887933070788002	-5.105802889965000
1.255000000000000	19.882828119409002	-7.180373732795000
1.256000000000000	19.875194071336001	-9.800962208071001
1.257000000000000	19.864432929972001	-12.671429015899999
1.258000000000000	19.850413562025999	-15.288542514177999
1.259000000000000	19.833322620762001	-17.080650783732001
1.260000000000000	19.814131026906999	-17.613835169426000
1.261000000000000	19.795113143228001	-16.798769637054001
1.262000000000000	19.778712656936001	-14.960617669515999
1.263000000000000	19.765649393080000	-12.686481567080000
1.264000000000000	19.755164291570999	-10.543031816727000
1.265000000000000	19.746448079680999	-8.853846342728000
1.266000000000000	19.738745933612002	-7.643326424563000
1.267000000000000	19.731289363443000	-6.733225981912000
1.268000000000000	19.724161370566001	-5.921190649476000
1.269000000000000	19.718071864066999	-5.142834955087000
1.270000000000000	19.713054624064000	-4.534330169017000
1.271000000000000	19.708559636863999	-4.392906318224000
1.272000000000000	19.704479729397001	-5.068268371266000
1.273000000000000	19.700629376957998	-6.769006740343000
1.274000000000000	19.694931601042001	-9.310270320283999
1.275000000000000	19.684433295733001	-12.005719604759999
1.276000000000000	19.669062569322001	-13.915645361386000
1.277000000000000	19.651941280418001	-14.348046806313000
1.278000000000000	19.636306492212000	-13.232978324293001
1.279000000000000	19.624057140085998	-11.102687224260000
1.280000000000000	19.615622434411002	-8.737314616628000
1.281000000000000	19.609731205132000	-6.739535381446000
1.282000000000000	19.604597183279999	-5.297961971572000
1.283000000000000	19.599460832860998	-4.249499294155000
1.284000000000000	19.594582051027999	-3.343604379099000
1.285000000000000	19.591038161044001	-2.478412212682000
1.286000000000000	19.589807121582002	-1.714155289867000
1.287000000000000	19.589841096577999	-1.073367337952000
1.288000000000000	19.589170279097001	-0.365979148100000
1.289000000000000	19.587993491652000	0.737226948900000
1.290000000000000	19.588266224811999	2.447835089566000
1.291000000000000	19.591252197532999	4.680175132723000
1.292000000000000	19.597204981817001	7.086233097934000
1.293000000000000	19.606210629664002	9.242263209183999
1.294000000000000	19.617837843122000	10.877873394244000
1.295000000000000	19.630461865415000	12.043602350951000
1.296000000000000	19.642451009334000	13.086264217616000
1.297000000000000	19.654291835959000	14.388492408187000
1.298000000000000	19.668227456781999	16.056303409798002
1.299000000000000	19.685349061675002	17.822229716891002
1.300000000000000	19.704543489601999	19.206647406678002
1.301000000000000	19.724485882934999	19.733394499241001
1.302000000000000	19.744590557946999	19.044457122257999
1.303000000000000	19.763897551277001	16.958424006396999
1.304000000000000	19.780542523057001	13.547466561886999
1.305000000000000	19.792509658842999	9.179982897333000
1.306000000000000	19.798861353105000	4.434958442982000
1.307000000000000	19.800117316634001	-0.088712187813000
1.308000000000000	19.797496350913999	-3.927688526915000
1.309000000000000	19.792200573376000	-6.762104928145000
1.310000000000000	19.784755989272000	-8.316907917056000
1.311000000000000	19.775164919626000	-8.335723015018001
1.312000000000000	19.764901585632000	-6.761037214324000
1.313000000000000	19.757526563323001	-3.998766590184000
1.314000000000000	19.755572453260999	-0.953255289214000
1.315000000000000	19.758211304705000	1.314310347525000
1.316000000000000	19.762708535222998	2.086189556676000
1.317000000000000	19.766201657857000	1.290823932847000
1.318000000000000	19.766532171556001	-0.567435895345000
1.319000000000000	19.763442484410000	-2.760017241565000
1.320000000000000	19.758527238483001	-4.703749362279000
1.321000000000000	19.753100360241000	-6.105817167685000
1.322000000000000	19.746586993047000	-6.884253132503000
1.323000000000000	19.738257299124001	-7.097397857955000
1.324000000000000	19.729865961902000	-7.010737698732000
1.325000000000000	19.723777802735000	-7.105916466157000
1.326000000000000	19.719077641892000	-7.816357731833000
1.327000000000000	19.712303249590999	-9.160791081577001
1.328000000000000	19.701692132948999	-10.668686493665000
1.329000000000000	19.688856872470001	-11.684442704451000
1.330000000000000	19.676149404362000	-11.731390986510000
1.331000000000000	19.664277913406000	-10.657699575335000
1.332000000000000	19.653403598116999	-8.624652146901999
1.333000000000000	19.644767560666001	-6.106573447857000
1.334000000000000	19.639977575774001	-3.862033460944000
1.335000000000000	19.639164689173001	-2.698479689860000
1.336000000000000	19.639869601364001	-3.034548872329000
1.337000000000000	19.637969903477000	-4.567021079106000
1.338000000000000	19.630983603341001	-6.392956029724000
1.339000000000000	19.620479377281001	-7.586267462638000
1.340000000000000	19.610238852554001	-7.798347075653000
1.341000000000000	19.602532456254998	-7.415210581983000
1.342000000000000	19.597022817816999	-7.200126814691000
1.343000000000000	19.592065285402999	-7.739733012857000
1.344000000000000	19.585473673765001	-9.069937746843999
1.345000000000000	19.575321498156999	-10.682025418699000
1.346000000000000	19.561922973722002	-11.874632521104999
1.347000000000000	19.547967328089999	-12.192054885929000
1.348000000000000	19.535569764898000	-11.630356819595001
1.349000000000000	19.524794017489999	-10.520685941332999
1.350000000000000	19.515327587659002	-9.278349599041000
1.351000000000000	19.507147756336000	-8.223622651937999
1.352000000000000	19.499797497391000	-7.516860031481000
1.353000000000000	19.492714310673001	-7.165044594890000
1.354000000000000	19.485605215501000	-7.068183003783000
1.355000000000000	19.478552684040999	-7.072074103857000
1.356000000000000	19.471828926992998	-6.986036742701000
1.357000000000000	19.465078298230999	-6.574819934529000
1.358000000000000	19.458072102407002	-5.600283954598000
1.359000000000000	19.452109276198001	-3.941095835083000
1.360000000000000	19.449041453561001	-1.677936984184000
1.361000000000000	19.449447282285998	0.982550729616000
1.362000000000000	19.452550997793999	3.889579978234000
1.363000000000000	19.457793612340001	7.044994152828000
1.364000000000000	19.465901029897001	10.528591433016000
1.365000000000000	19.477880601502999	14.353930410521000
1.366000000000000	19.493725113457000	18.370763150230001
1.367000000000000	19.513039023394001	22.205412364869002
1.368000000000000	19.536207084817999	25.216721537611999
1.369000000000000	19.563421973208001	26.570669936630001
1.370000000000000	19.592642709659000	25.542726503956999
1.371000000000000	19.619843006147001	21.944210580183000
1.372000000000000	19.641166193543999	16.388819681177999
1.373000000000000	19.654244932510000	10.182945688790999
1.374000000000000	19.658965577157002	4.849484899339000
1.375000000000000	19.658209433168999	1.509252925679000
1.376000000000000	19.656463897390999	0.454513240869000
1.377000000000000	19.656812827162000	1.154523978949000
1.378000000000000	19.659637487401000	2.631729740138000
1.379000000000000	19.663901470176999	3.899620272592000
1.380000000000000	19.668962631652001	4.219738246725000
1.381000000000000	19.674322445390999	3.199523902082000
1.382000000000000	19.678267203219999	0.862060430687000
1.383000000000000	19.678435396493999	-2.322148558796000
1.384000000000000	19.673597592282000	-5.573594074750000
1.385000000000000	19.664602491617000	-8.135399805549000
1.386000000000000	19.653918649209999	-9.608011782167001
1.387000000000000	19.643763700672000	-10.047239598208000
1.388000000000000	19.634470748934000	-9.785299528603000
1.389000000000000	19.625165249508999	-9.181823386043000
1.390000000000000	19.616006930023001	-8.515627440439999
1.391000000000000	19.608315734335001	-7.985777299418000
1.392000000000000	19.601865096318999	-7.660148731563000
1.393000000000000	19.594692050283999	-7.389674287099000
1.394000000000000	19.586350948441002	-6.873339909908000
1.395000000000000	19.578571028614999	-5.893759303832000
1.396000000000000	19.573047048466002	-4.490901717425000
1.397000000000000	19.570197505012001	-2.889373024497000
1.398000000000000	19.569138269151001	-1.267090673533000
1.399000000000000	19.568773563886001	0.391977012566000
1.400000000000000	19.569130026783000	2.220401420696000
1.401000000000000	19.571118601106001	4.242733775827000
1.402000000000000	19.575649167146999	6.201838673900000
1.403000000000000	19.583094565958000	7.584460559168000
1.404000000000000	19.592656826984999	7.855010679159000
1.405000000000000	19.602159307832000	6.766419548970000
1.406000000000000	19.608897790021000	4.539017437836000
1.407000000000000	19.611390425766999	1.763301380926000
1.408000000000000	19.610433156048000	-0.905886311146000
1.409000000000000	19.607674875613000	-3.020153925461000
1.410000000000000	19.603832138847999	-4.395244453583000
1.411000000000000	19.598864124393000	-5.018491614038000
1.412000000000000	19.592881230081002	-4.997582279483000
1.413000000000000	19.586997441912999	-4.615404087060000
1.414000000000000	19.583002410757999	-4.337619099033000
1.415000000000000	19.580943513853001	-4.599644144560000
1.416000000000000	19.578067571797000	-5.468595394421000
1.417000000000000	19.571659806938001	-6.530408682524000
1.418000000000000	19.562131624102001	-7.207947276882000
1.419000000000000	19.552416717128001	-7.271291493357000
1.420000000000000	19.545010611319999	-7.073905385496000
1.421000000000000	19.539911883262999	-7.295272334037000
1.422000000000000	19.534968300007002	-8.400903636546000
1.423000000000000	19.527615144594002	-10.231102044740000
1.424000000000000	19.516087969251998	-12.007307456082000
1.425000000000000	19.500775271344999	-12.762375748707999
1.426000000000000	19.485153146165000	-11.917023460382000
1.427000000000000	19.473132952695000	-9.599467030685000
1.428000000000000	19.465784261254999	-6.501325126051000
1.429000000000000	19.462270602518998	-3.440689930919000
1.430000000000000	19.461711006224000	-0.962682163418000
1.431000000000000	19.462975856498002	0.843189765425000
1.432000000000000	19.464716691225998	2.293413267536000
1.433000000000000	19.466172498780999	3.846155451564000
1.434000000000000	19.468254460630000	5.700051799954000
1.435000000000000	19.473501044323999	7.493154734123000
1.436000000000000	19.483070453229999	8.388483777477999
1.437000000000000	19.494734580591999	7.579456282053000
1.438000000000000	19.504339811219999	4.870199046806000
1.439000000000000	19.507751570463000	0.863828732873000
1.440000000000000	19.503671364113998	-3.426786514844000
1.441000000000000	19.495273730554999	-7.243803204931000
1.442000000000000	19.486084468219001	-10.453928949873999
1.443000000000000	19.475984941134001	-13.332050561106000
1.444000000000000	19.463211752770000	-16.034165035453000
1.445000000000000	19.446734391623000	-18.260819777816000
1.446000000000000	19.426362226430001	-19.364671968966000
1.447000000000000	19.403939697327999	-18.802997496219000
1.448000000000000	19.383407645906999	-16.612513173033999
1.449000000000000	19.367834831599001	-13.555883680389000
1.450000000000000	19.357411950816999	-10.817620706391001
1.451000000000000	19.350140372824001	-9.455757743342000
1.452000000000000	19.343202733403999	-9.942656427275001
1.453000000000000	19.333883900821998	-12.004162714130000
1.454000000000000	19.320344131266999	-14.786506254278001
1.455000000000000	19.302363299260001	-17.260689146893998
1.456000000000000	19.281758682763002	-18.683189796579001
1.457000000000000	19.261476402951001	-18.873194314924000
1.458000000000000	19.243321262982999	-18.142519202736999
1.459000000000000	19.227187821815001	-16.944126315203000
1.460000000000000	19.212251842400999	-15.504198435556001
1.461000000000000	19.197667289995000	-13.695476050248001
1.462000000000000	19.183467913910000	-11.230765692726999
1.463000000000000	19.171595534319000	-8.028974176645001
1.464000000000000	19.164664157042001	-4.450716418816000
1.465000000000000	19.163472592295999	-1.170018861380000
1.466000000000000	19.166010666475000	1.239233061263000
1.467000000000000	19.169277748102001	2.650836914303000
1.468000000000000	19.171954563539000	3.386991183276000
1.469000000000000	19.174492870407001	3.922737207596000
1.470000000000000	19.177628542179999	4.562423941697000
1.471000000000000	19.181868816441000	5.287491994411000
1.472000000000000	19.187540175395000	5.804587883489000
1.473000000000000	19.194504465200001	5.741134787382000
1.474000000000000	19.201615861655998	4.906137221961000
1.475000000000000	19.206965242271000	3.483241387195000
1.476000000000000	19.209476961118000	2.019382803329000
1.477000000000000	19.209702097910998	1.188746655069000
1.478000000000000	19.208863675128999	1.449120667824000
1.479000000000000	19.208535599188998	2.743952245174000
1.480000000000000	19.211006654123999	4.393990630836000
1.481000000000000	19.217676041751002	5.314184279736000
1.482000000000000	19.226516796729999	4.546601882208000
1.483000000000000	19.232917997638999	1.810325955299000
1.484000000000000	19.233288275852001	-2.340947711195000
1.485000000000000	19.226788965838999	-6.885587071061000
1.486000000000000	19.215008711023000	-10.948383907340000
1.487000000000000	19.200939246038999	-14.214220799779000
1.488000000000000	19.186494974995998	-16.859974008569999
1.489000000000000	19.170716070266000	-19.107323274056000
1.490000000000000	19.151478699424999	-20.821540396020001
1.491000000000000	19.128600646267000	-21.531380832101000
1.492000000000000	19.104601979651001	-20.836821496374000
1.493000000000000	19.082930003952999	-18.814072960644001
1.494000000000000	19.065776455676001	-16.060327840134999
1.495000000000000	19.052906885050000	-13.359757078171000
1.496000000000000	19.042435060704001	-11.256791073085999
1.497000000000000	19.032594332407999	-9.851265366538000
1.498000000000000	19.022652006939001	-8.911385704916000
1.499000000000000	19.013268441470000	-8.144914299621000
1.500000000000000	19.005594989289001	-7.376597165874000
1.501000000000000	18.999202601913002	-6.527916076116000
1.502000000000000	18.992612658180001	-5.546685720871000
1.503000000000000	18.986119766571001	-4.470699662286000
1.504000000000000	18.981882598220000	-3.539949499926000
1.505000000000000	18.980693261991000	-3.087645936545000
1.506000000000000	18.980123048283001	-3.187906640063000
1.507000000000000	18.976965513806999	-3.425380880802000
1.508000000000000	18.971197944027999	-3.111079099492000
1.509000000000000	18.966107131752000	-1.791289536610000
1.510000000000000	18.964449315505000	0.416080953364000
1.511000000000000	18.966546738500998	2.904724399605000
1.512000000000000	18.971694097833002	4.926614412400000
1.513000000000000	18.978780081882000	5.928961168953000
1.514000000000000	18.986045917117000	5.743696251653000
1.515000000000000	18.991974466058998	4.612040648326000
1.516000000000000	18.995834466160002	3.069505767844000
1.517000000000000	18.997209923117001	1.729284530555000
1.518000000000000	18.996520994526001	1.008593552664000
1.519000000000000	18.995821444558000	0.902044562947000
1.520000000000000	18.997234400551999	0.984004779010000
1.521000000000000	19.000374666056000	0.721172550216000
1.522000000000000	19.002511650833998	-0.119689255120000
1.523000000000000	19.001474709520000	-1.336056389573000
1.524000000000000	18.997688386671001	-2.550809212992000
1.525000000000000	18.993226456253002	-3.601217414434000
1.526000000000000	18.989337898220001	-4.685071844108000
1.527000000000000	18.985251104759001	-6.171156770270000
1.528000000000000	18.979125464949998	-8.303051832068000
1.529000000000000	18.969685841194000	-11.062312487312999
1.530000000000000	18.956952938455998	-14.231249296111001
1.531000000000000	18.941471914638999	-17.494356465967002
1.532000000000000	18.922925269583001	-20.462345012082999
1.533000000000000	18.900367513803999	-22.709537392803000
1.534000000000000	18.874474011086999	-23.972286696028000
1.535000000000000	18.848349699760000	-24.421196118714001
1.536000000000000	18.824532351222999	-24.695483184579000
1.537000000000000	18.801963696455001	-25.554378937294999
1.538000000000000	18.777556726732001	-27.407525294711998
1.539000000000000	18.749509313853000	-30.108182285706000
1.540000000000000	18.717461606206999	-33.110057495593999
1.541000000000000	18.681621845567001	-35.804897085919002
1.542000000000000	18.643260926722999	-37.822721635001997
1.543000000000000	18.604105530314001	-39.157985986238998
1.544000000000000	18.564861025624001	-40.079134859713001
1.545000000000000	18.525239373295999	-40.901954518300002
1.546000000000000	18.484613538457001	-41.788604017909002
1.547000000000000	18.442393936965999	-42.696611790440997
1.548000000000000	18.398524833244998	-43.493565185043998
1.549000000000000	18.353600507044000	-44.154674963098003
1.550000000000000	18.308370713224999	-44.912066236111997
1.551000000000000	18.263133434878998	-46.246673972509001
1.552000000000000	18.217188067913000	-48.700075634602001
1.553000000000000	18.168597866275000	-52.593426526243000
1.554000000000000	18.115035110718001	-57.807715597662998
1.555000000000000	18.054884133039000	-63.751660836649002
1.556000000000000	17.987390195265000	-69.547304505274994
1.557000000000000	17.913277762631001	-74.364062513204004
1.558000000000000	17.835062302508000	-77.747390650336001
1.559000000000000	17.755311831665999	-79.757138950279000
1.560000000000000	17.675353895674000	-80.830996787575003
1.561000000000000	17.595412161906001	-81.470636967092005
1.562000000000000	17.514804926490001	-81.958014138999999
1.563000000000000	17.432483252503999	-82.288305379142997
1.564000000000000	17.348411352084000	-82.373492540483994
1.565000000000000	17.264521032272000	-82.351431128287999
1.566000000000000	17.182746827612998	-82.686900810124996
1.567000000000000	17.101958033458999	-83.912611044206997
1.568000000000000	17.018597541993000	-86.249065195808996
1.569000000000000	16.930363329791000	-89.494504472310993
1.570000000000000	16.838025104048000	-93.255618341051999
1.571000000000000	16.742840882408998	-97.212559178318003
1.572000000000000	16.643876694970000	-101.177760714710000
1.573000000000000	16.540109845560998	-105.044133278820000
1.574000000000000	16.432708605727001	-108.777680866876000
1.575000000000000	16.323082228642001	-112.381389715392000
1.576000000000000	16.210529192288000	-115.729848565444000
1.577000000000000	16.093267533656000	-118.437180651666000
1.578000000000000	15.971742466726001	-120.007496373154000
1.579000000000000	15.849124598185000	-120.215960596283000
1.580000000000000	15.728072306861000	-119.385419394825010
1.581000000000000	15.609503663151999	-118.320389336378990
1.582000000000000	15.493482856482000	-117.942254065693010
1.583000000000000	15.378083635753001	-118.836309776755000
1.584000000000000	15.259636750369999	-120.974893727740000
1.585000000000000	15.136573736827000	-123.802842319289000
1.586000000000000	15.010335885759000	-126.590463766174000
1.587000000000000	14.881968317758000	-128.755272174043990
1.588000000000000	14.751127396685000	-130.019460536064000
1.589000000000000	14.618811481591999	-130.502997892856000
1.590000000000000	14.487799327234001	-130.749579260682990
1.591000000000000	14.359037794523999	-131.500133793441990
1.592000000000000	14.229946554607000	-133.212036046485990
1.593000000000000	14.097155315907001	-135.675534717213990
1.594000000000000	13.959260958319000	-138.082081068723000
1.595000000000000	13.817499703855001	-139.521534227243000
1.596000000000000	13.675145452402999	-139.539519362537990
1.597000000000000	13.535361338828000	-138.363479330947000
1.598000000000000	13.398898369743000	-136.686794317763000
1.599000000000000	13.264283284615001	-135.246683766464000
1.600000000000000	13.130085322880999	-134.532867269185000
1.601000000000000	12.996006619798001	-134.741599452325000
1.602000000000000	12.861586693377999	-135.839216895208010
1.603000000000000	12.725351446192001	-137.611298927986010
1.604000000000000	12.586238669575000	-139.730072868422010
1.605000000000000	12.444751689579000	-141.879467413647010
1.606000000000000	12.301760761591000	-143.852375471771010
1.607000000000000	12.157370464617999	-145.527109663342000
1.608000000000000	12.011457931679001	-146.766914233661000
1.609000000000000	11.864131824346000	-147.368517396845990
1.610000000000000	11.715870342376000	-147.131604556310010
1.611000000000000	11.567929938116000	-146.012569097990990
1.612000000000000	11.422016809720001	-144.240708464767010
1.613000000000000	11.279289834985001	-142.267162448285010
1.614000000000000	11.139637358217000	-140.523975201286990
1.615000000000000	11.001380935912000	-139.144636605941000
1.616000000000000	10.862624777435000	-137.889092697900990
1.617000000000000	10.723603182174999	-136.382830539569990
1.618000000000000	10.586429622183999	-134.488321919378000
1.619000000000000	10.452808181684000	-132.477498557528010
1.620000000000000	10.322721110822000	-130.848745295719000
1.621000000000000	10.194321666225999	-129.953600751681990
1.622000000000000	10.065145665315001	-129.757996786896000
1.623000000000000	9.934429314998001	-129.921660113454010
1.624000000000000	9.803648548775000	-130.063286746272010
1.625000000000000	9.673977516212000	-129.918178630586000
1.626000000000000	9.544719118668001	-129.288723657048000
1.627000000000000	9.415255204726000	-127.978058974621010
1.628000000000000	9.286794610667000	-125.881732979578000
1.629000000000000	9.161410752408001	-123.142650991668010
1.630000000000000	9.040184020051001	-120.154730219603000
1.631000000000000	8.922477211558000	-117.375270183647000
1.632000000000000	8.807015253018999	-115.114379742680000
1.633000000000000	8.693027665728000	-113.463288406276010
1.634000000000000	8.580117137785001	-112.361972285955010
1.635000000000000	8.468121925224001	-111.697418977285000
1.636000000000000	8.356892762299999	-111.346778977933000
1.637000000000000	8.245744863430000	-111.172512654570990
1.638000000000000	8.134153313040001	-111.037468654207000
1.639000000000000	8.022816989303999	-110.855301701688010
1.640000000000000	7.912649503526000	-110.588698498967010
1.641000000000000	7.803200579406000	-110.142242525094010
1.642000000000000	7.693415434420000	-109.267781054265000
1.643000000000000	7.583554221414000	-107.647649961407000
1.644000000000000	7.475467535276000	-105.132141131957990
1.645000000000000	7.371132708232000	-101.916932485515010
1.646000000000000	7.271460373083000	-98.486092597861003
1.647000000000000	7.176046496587000	-95.351727640441993
1.648000000000000	7.083252381213000	-92.788411848468002
1.649000000000000	6.991354856918000	-90.770216741664001
1.650000000000000	6.900285414773000	-89.153121892879994
1.651000000000000	6.811187185340000	-87.918782600892996
1.652000000000000	6.724187951898000	-87.241544750534999
1.653000000000000	6.638050329360000	-87.332906985571995
1.654000000000000	6.551545012426000	-88.217293056868002
1.655000000000000	6.463573679335000	-89.602271467286997
1.656000000000000	6.373034936701000	-90.922578794623007
1.657000000000000	6.279970790712000	-91.571171358894006
1.658000000000000	6.186302544552000	-91.223440412656004
1.659000000000000	6.094707624972000	-90.033595241895995
1.660000000000000	6.006406781939000	-88.520021563550003
1.661000000000000	5.920357595376000	-87.202600399752995
1.662000000000000	5.834946447663000	-86.262457573887005
1.663000000000000	5.749614613901000	-85.439394285058000
1.664000000000000	5.664258161840000	-84.182716349301003
1.665000000000000	5.578969183534000	-81.972315203766001
1.666000000000000	5.495728574843000	-78.696778434734995
1.667000000000000	5.417788170967000	-74.877347390056002
1.668000000000000	5.346071946808000	-71.518767102238996
1.669000000000000	5.278351102769000	-69.627434615159999
1.670000000000000	5.211427137103000	-69.717734772732001
1.671000000000000	5.142312111593000	-71.607260802891005
1.672000000000000	5.069177505987000	-74.556852461972994
1.673000000000000	4.992232814007000	-77.598483718799002
1.674000000000000	4.912484724247000	-79.843230901650998
1.675000000000000	4.830629072310000	-80.678282613790003
1.676000000000000	4.748197174692000	-79.896419109096001
1.677000000000000	4.668002048900000	-77.765443132220994
1.678000000000000	4.592092318721000	-74.932909630507993
1.679000000000000	4.520170828915000	-72.131980668875002
1.680000000000000	4.450434035870000	-69.867789739672006
1.681000000000000	4.381493994853000	-68.313275765469996
1.682000000000000	4.313410949595000	-67.432318188167002
1.683000000000000	4.246420829505000	-67.138656740452006
1.684000000000000	4.179587115275000	-67.341858275023000
1.685000000000000	4.112041389747000	-67.917900057324005
1.686000000000000	4.043777802673000	-68.699764518897993
1.687000000000000	3.974604163774000	-69.505274545210995
1.688000000000000	3.904322348452000	-70.181457126417996
1.689000000000000	3.833459935332000	-70.651513615236993
1.690000000000000	3.762738562652000	-70.921884784086998
1.691000000000000	3.692469639179000	-71.003190671547998
1.692000000000000	3.622232855142000	-70.787148262566006
1.693000000000000	3.551353542110000	-70.013988443382999
1.694000000000000	3.480564186826000	-68.417074578767995
1.695000000000000	3.412035733092000	-65.949078783901001
1.696000000000000	3.347262051211000	-62.889578549196997
1.697000000000000	3.286272550002000	-59.753277884570998
1.698000000000000	3.228554113583000	-57.098753394748996
1.699000000000000	3.173313557123000	-55.364775698890000
1.700000000000000	3.119169755150000	-54.781236744764001
1.701000000000000	3.064729183661000	-55.350741106995002
1.702000000000000	3.009230706866000	-56.872771492171999
1.703000000000000	2.951977881146000	-58.969240113406002
1.704000000000000	2.891935332373000	-61.119442305592003
1.705000000000000	2.828780723567000	-62.775525623447997
1.706000000000000	2.763828870311000	-63.572721363627998
1.707000000000000	2.699138917096000	-63.505271541646003
1.708000000000000	2.636106751538000	-62.903268378577998
1.709000000000000	2.575002308424000	-62.182590543719002
1.710000000000000	2.514890114773000	-61.519220044744998
1.711000000000000	2.454217710562000	-60.684538243227998
1.712000000000000	2.392576261772000	-59.201149265761003
1.713000000000000	2.332055060822000	-56.736986199481997
1.714000000000000	2.275820278173000	-53.421654729868003
1.715000000000000	2.224852149771000	-49.824449993498000
1.716000000000000	2.177502199446000	-46.673892354697003
1.717000000000000	2.132267922018000	-44.612938692413998
1.718000000000000	2.088921500812000	-44.104314807348999
1.719000000000000	2.046602358501000	-45.332395715621999
1.720000000000000	2.002482983071000	-48.010281786287997
1.721000000000000	1.953430549128000	-51.282899092987002
1.722000000000000	1.898590154532000	-53.975118923536002
1.723000000000000	1.840296648420000	-55.139378998307997
1.724000000000000	1.782865561663000	-54.528919554599000
1.725000000000000	1.729545958536000	-52.620618119276998
1.726000000000000	1.680236388253000	-50.174841118038003
1.727000000000000	1.632799286928000	-47.717914224635003
1.728000000000000	1.585981693864000	-45.365247042413998
1.729000000000000	1.540414792617000	-43.044309523523999
1.730000000000000	1.497694364462000	-40.811943790560001
1.731000000000000	1.458652744395000	-38.935950221387003
1.732000000000000	1.421832578625000	-37.704039507761003
1.733000000000000	1.384861534220000	-37.211401870301998
1.734000000000000	1.347301991062000	-37.345015115852000
1.735000000000000	1.309945304409000	-37.896131706397000
1.736000000000000	1.272374617907000	-38.607290876957997
1.737000000000000	1.233407340720000	-39.149666426922998
1.738000000000000	1.193000406535000	-39.186752817509003
1.739000000000000	1.152665292078000	-38.554067553731997
1.740000000000000	1.114243588520000	-37.381281722041003
1.741000000000000	1.078390782649000	-36.000270543874002
1.742000000000000	1.044274810512000	-34.698045888297003
1.743000000000000	1.010553967275000	-33.535841600982998
1.744000000000000	0.976847731386000	-32.390390656896002
1.745000000000000	0.944240324841000	-31.148584462753998
1.746000000000000	0.913718730374000	-29.843529648499999
1.747000000000000	0.885039774086000	-28.612033274221002
1.748000000000000	0.857586400319000	-27.547889594059999
1.749000000000000	0.831018951406000	-26.594007477573999
1.750000000000000	0.804714331327000	-25.562737363634000
1.751000000000000	0.777952504208000	-24.320908629514999
1.752000000000000	0.752115185654000	-23.063591611759001
1.753000000000000	0.730246563800000	-22.390998946385999
1.754000000000000	0.711866051354000	-22.926608796059000
1.755000000000000	0.691611165825000	-24.697722777703000
1.756000000000000	0.665196646548000	-26.909234123903001
1.757000000000000	0.633963820144000	-28.414119151824000
1.758000000000000	0.602565656368000	-28.445875551684001
1.759000000000000	0.574164148707000	-26.960546392493001
1.760000000000000	0.548875063264000	-24.442258303805001
1.761000000000000	0.525864908753000	-21.547077416097000
1.762000000000000	0.505497272874000	-18.920639651123000
1.763000000000000	0.488481336416000	-17.142586636539999
1.764000000000000	0.473882680728000	-16.584381519965000
1.765000000000000	0.459376686783000	-17.166950425248999
1.766000000000000	0.442390352674000	-18.252121686008000
1.767000000000000	0.421485785410000	-18.900122018710999
1.768000000000000	0.398707288087000	-18.444802273073002
1.769000000000000	0.378747043680000	-16.982244664896001
1.770000000000000	0.364104169891000	-15.318977640372999
1.771000000000000	0.352853941452000	-14.363009154822000
1.772000000000000	0.341250577872000	-14.454439116112001
1.773000000000000	0.326611294493000	-15.172263004246000
1.774000000000000	0.308611225552000	-15.728480386410000
1.775000000000000	0.289971080830000	-15.592901446071000
1.776000000000000	0.274407122405000	-14.820406586162999
1.777000000000000	0.262397847860000	-13.817967974039000
1.778000000000000	0.250982149332000	-12.829491109311000
1.779000000000000	0.238017800912000	-11.696138260852999
1.780000000000000	0.224735155945000	-10.118234250817000
1.781000000000000	0.214077759140000	-8.086816429055000
1.782000000000000	0.207516645260000	-6.018413638428000
1.783000000000000	0.203951537288000	-4.496468089992000
1.784000000000000	0.201234671554000	-3.909091724348000
1.785000000000000	0.197606668661000	-4.294932164031000
1.786000000000000	0.192330740005000	-5.450798527699000
1.787000000000000	0.186049962134000	-7.110929406478000
1.788000000000000	0.179102046043000	-8.984666515430000
1.789000000000000	0.169847909550000	-10.665835077905999
1.790000000000000	0.157078528427000	-11.656821082156000
1.791000000000000	0.142822561893000	-11.633450848741001
1.792000000000000	0.130631131762000	-10.708717569777001
1.793000000000000	0.121816925250000	-9.367177566499001
1.794000000000000	0.114630113530000	-8.109837303303999
1.795000000000000	0.107287938633000	-7.172814853080000
1.796000000000000	0.100213981963000	-6.532495256397000
1.797000000000000	0.094155063117000	-6.052592175688000
1.798000000000000	0.088477457636000	-5.570316987067000
1.799000000000000	0.082695410020000	-4.930251175214000
1.800000000000000	0.077423268592000	-4.056328589550000
1.801000000000000	0.073406458861000	-3.034601562182000
1.802000000000000	0.070934135663000	-2.113730721692000
1.803000000000000	0.069775738665000	-1.598184535730000
1.804000000000000	0.069227105313000	-1.689214116290000
1.805000000000000	0.068116266628000	-2.361308832959000
1.806000000000000	0.065181480460000	-3.360322527081000
1.807000000000000	0.060428207463000	-4.344006588056000
1.808000000000000	0.055106563573000	-5.060436436277000
1.809000000000000	0.049881134588000	-5.416522406856000
1.810000000000000	0.044565008246000	-5.413643799399000
1.811000000000000	0.039271394435000	-5.059612371604000
1.812000000000000	0.034394829933000	-4.346558471503000
1.813000000000000	0.030013341578000	-3.298954051230000
1.814000000000000	0.026568460576000	-2.051162541880000
1.815000000000000	0.025256799017000	-0.872496019849000
1.816000000000000	0.026138483583000	-0.057608079667000
1.817000000000000	0.027223090588000	0.255615478634000
1.818000000000000	0.027038080315000	0.143578659477000
1.819000000000000	0.026302703719000	-0.237252723419000
1.820000000000000	0.025938652301000	-0.797376912343000
1.821000000000000	0.025367804683000	-1.506921517044000
1.822000000000000	0.023623568829000	-2.299398325066000
1.823000000000000	0.000000000000000	0.000000000000000
1.824000000000000	0.000000000000000	0.000000000000000
1.825000000000000	0.000000000000000	0.000000000000000
1.826000000000000	0.000000000000000	0.000000000000000
1.827000000000000	0.000000000000000	0.000000000000000
1.828000000000000	0.000000000000000	0.000000000000000
1.829000000000000	0.000000000000000	0.000000000000000
1.830000000000000	0.000000000000000	0.000000000000000
1.831000000000000	0.000000000000000	0.000000000000000
1.832000000000000	0.000000000000000	0.000000000000000
1.833000000000000	0.000000000000000	0.000000000000000
1.834000000000000	0.000000000000000	0.000000000000000
1.835000000000000	0.000000000000000	0.000000000000000
1.836000000000000	0.000000000000000	0.000000000000000
1.837000000000000	0.000000000000000	0.000000000000000
1.838000000000000	0.000000000000000	0.000000000000000
1.839000000000000	0.000000000000000	0.000000000000000
1.840000000000000	0.000000000000000	0.000000000000000
1.841000000000000	0.000000000000000	0.000000000000000
1.842000000000000	0.000000000000000	0.000000000000000
1.843000000000000	0.000000000000000	0.000000000000000
1.844000000000000	0.000000000000000	0.000000000000000
1.845000000000000	0.000000000000000	0.000000000000000
1.846000000000000	0.000000000000000	0.000000000000000
1.847000000000000	0.000000000000000	0.000000000000000
1.848000000000000	0.000000000000000	0.000000000000000
1.849000000000000	0.000000000000000	0.000000000000000
1.850000000000000	0.000000000000000	0.000000000000000
1.851000000000000	0.000000000000000	0.000000000000000
1.852000000000000	0.000000000000000	0.000000000000000
1.853000000000000	0.000000000000000	0.000000000000000
1.854000000000000	0.000000000000000	0.000000000000000
1.855000000000000	0.000000000000000	0.000000000000000
1.856000000000000	0.000000000000000	0.000000000000000
1.857000000000000	0.000000000000000	0.000000000000000
1.858000000000000	0.000000000000000	0.000000000000000
1.859000000000000	0.000000000000000	0.000000000000000
1.860000000000000	0.000000000000000	0.000000000000000
1.861000000000000	0.000000000000000	0.000000000000000
1.862000000000000	0.000000000000000	0.000000000000000
1.863000000000000	0.000000000000000	0.000000000000000
1.864000000000000	0.000000000000000	0.000000000000000
1.865000000000000	0.000000000000000	0.000000000000000
1.866000000000000	0.000000000000000	0.000000000000000
1.867000000000000	0.000000000000000	0.000000000000000
1.868000000000000	0.000000000000000	0.000000000000000
1.869000000000000	0.000000000000000	0.000000000000000
1.870000000000000	0.000000000000000	0.000000000000000
1.871000000000000	0.000000000000000	0.000000000000000
1.872000000000000	0.000000000000000	0.000000000000000
1.873000000000000	0.000000000000000	0.000000000000000
1.874000000000000	0.000000000000000	0.000000000000000
1.875000000000000	0.000000000000000	0.000000000000000
1.876000000000000	0.000000000000000	0.000000000000000
1.877000000000000	0.000000000000000	0.000000000000000
1.878000000000000	0.000000000000000	0.000000000000000
1.879000000000000	0.000000000000000	0.000000000000000
1.880000000000000	0.000000000000000	0.000000000000000
1.881000000000000	0.000000000000000	0.000000000000000
1.882000000000000	0.000000000000000	0.000000000000000
1.883000000000000	0.000000000000000	0.000000000000000
1.884000000000000	0.000000000000000	0.000000000000000
1.885000000000000	0.000000000000000	0.000000000000000
1.886000000000000	0.000000000000000	0.000000000000000
1.887000000000000	0.000000000000000	0.000000000000000
1.888000000000000	0.000000000000000	0.000000000000000
1.889000000000000	0.000000000000000	0.000000000000000
1.890000000000000	0.000000000000000	0.000000000000000
1.891000000000000	0.000000000000000	0.000000000000000
1.892000000000000	0.000000000000000	0.000000000000000
1.893000000000000	0.000000000000000	0.000000000000000
1.894000000000000	0.000000000000000	0.000000000000000
1.895000000000000	0.000000000000000	0.000000000000000
1.896000000000000	0.000000000000000	0.000000000000000
1.897000000000000	0.000000000000000	0.000000000000000
1.898000000000000	0.000000000000000	0.000000000000000
1.899000000000000	0.000000000000000	0.000000000000000
1.900000000000000	0.000000000000000	0.000000000000000
1.901000000000000	0.000000000000000	0.000000000000000
1.902000000000000	0.000000000000000	0.000000000000000
1.903000000000000	0.000000000000000	0.000000000000000
1.904000000000000	0.000000000000000	0.000000000000000
1.905000000000000	0.000000000000000	0.000000000000000
1.906000000000000	0.000000000000000	0.000000000000000
1.907000000000000	0.000000000000000	0.000000000000000
1.908000000000000	0.000000000000000	0.000000000000000
1.909000000000000	0.000000000000000	0.000000000000000
1.910000000000000	0.000000000000000	0.000000000000000
1.911000000000000	0.000000000000000	0.000000000000000
1.912000000000000	0.000000000000000	0.000000000000000
1.913000000000000	0.000000000000000	0.000000000000000
1.914000000000000	0.000000000000000	0.000000000000000
1.915000000000000	0.000000000000000	0.000000000000000
1.916000000000000	0.000000000000000	0.000000000000000
1.917000000000000	0.000000000000000	0.000000000000000
1.918000000000000	0.000000000000000	0.000000000000000
1.919000000000000	0.000000000000000	0.000000000000000
1.920000000000000	0.000000000000000	0.000000000000000
1.921000000000000	0.000000000000000	0.000000000000000
1.922000000000000	0.000000000000000	0.000000000000000
1.923000000000000	0.000000000000000	0.000000000000000
1.924000000000000	0.000000000000000	0.000000000000000
1.925000000000000	0.000000000000000	0.000000000000000
1.926000000000000	0.000000000000000	0.000000000000000
1.927000000000000	0.000000000000000	0.000000000000000
1.928000000000000	0.000000000000000	0.000000000000000
1.929000000000000	0.000000000000000	0.000000000000000
1.930000000000000	0.000000000000000	0.000000000000000
1.931000000000000	0.000000000000000	0.000000000000000
1.932000000000000	0.000000000000000	0.000000000000000
1.933000000000000	0.000000000000000	0.000000000000000
1.934000000000000	0.000000000000000	0.000000000000000
1.935000000000000	0.000000000000000	0.000000000000000
1.936000000000000	0.000000000000000	0.000000000000000
1.937000000000000	0.000000000000000	0.000000000000000
1.938000000000000	0.000000000000000	0.000000000000000
1.939000000000000	0.000000000000000	0.000000000000000
1.940000000000000	0.000000000000000	0.000000000000000
1.941000000000000	0.000000000000000	0.000000000000000
1.942000000000000	0.000000000000000	0.000000000000000
1.943000000000000	0.000000000000000	0.000000000000000
1.944000000000000	0.000000000000000	0.000000000000000
1.945000000000000	0.000000000000000	0.000000000000000
1.946000000000000	0.000000000000000	0.000000000000000
1.947000000000000	0.000000000000000	0.000000000000000
1.948000000000000	0.000000000000000	0.000000000000000
1.949000000000000	0.000000000000000	0.000000000000000
1.950000000000000	0.000000000000000	0.000000000000000
1.951000000000000	0.000000000000000	0.000000000000000
1.952000000000000	0.000000000000000	0.000000000000000
1.953000000000000	0.000000000000000	0.000000000000000
1.954000000000000	0.000000000000000	0.000000000000000
1.955000000000000	0.000000000000000	0.000000000000000
1.956000000000000	0.000000000000000	0.000000000000000
1.957000000000000	0.000000000000000	0.000000000000000
1.958000000000000	0.000000000000000	0.000000000000000
1.959000000000000	0.000000000000000	0.000000000000000
1.960000000000000	0.000000000000000	0.000000000000000
1.961000000000000	0.000000000000000	0.000000000000000
1.962000000000000	0.000000000000000	0.000000000000000
1.963000000000000	0.000000000000000	0.000000000000000
1.964000000000000	0.000000000000000	0.000000000000000
1.965000000000000	0.000000000000000	0.000000000000000
1.966000000000000	0.000000000000000	0.000000000000000
1.967000000000000	0.000000000000000	0.000000000000000
1.968000000000000	0.000000000000000	0.000000000000000
1.969000000000000	0.000000000000000	0.000000000000000
1.970000000000000	0.000000000000000	0.000000000000000
1.971000000000000	0.000000000000000	0.000000000000000
1.972000000000000	0.000000000000000	0.000000000000000
1.973000000000000	0.000000000000000	0.000000000000000
1.974000000000000	0.000000000000000	0.000000000000000
1.975000000000000	0.000000000000000	0.000000000000000
1.976000000000000	0.000000000000000	0.000000000000000
1.977000000000000	0.000000000000000	0.000000000000000
1.978000000000000	0.000000000000000	0.000000000000000
1.979000000000000	0.000000000000000	0.000000000000000
1.980000000000000	0.000000000000000	0.000000000000000
1.981000000000000	0.000000000000000	0.000000000000000
1.982000000000000	0.000000000000000	0.000000000000000
1.983000000000000	0.000000000000000	0.000000000000000
1.984000000000000	0.000000000000000	0.000000000000000
1.985000000000000	0.000000000000000	0.000000000000000
1.986000000000000	0.000000000000000	0.000000000000000
1.987000000000000	0.000000000000000	0.000000000000000
1.988000000000000	0.000000000000000	0.000000000000000
1.989000000000000	0.000000000000000	0.000000000000000
1.990000000000000	0.000000000000000	0.000000000000000
1.991000000000000	0.000000000000000	0.000000000000000
1.992000000000000	0.000000000000000	0.000000000000000
1.993000000000000	0.000000000000000	0.000000000000000
1.994000000000000	0.000000000000000	0.000000000000000
1.995000000000000	0.000000000000000	0.000000000000000
1.996000000000000	0.000000000000000	0.000000000000000
1.997000000000000	0.000000000000000	0.000000000000000
1.998000000000000	0.000000000000000	0.000000000000000
1.999000000000000	0.000000000000000	0.000000000000000
2.000000000000000	0.000000000000000	0.000000000000000