Force (and its time derivative) produced by a submaximally-activated cat soleus
muscle in vivo when held at a fixed length and excited using a constant
stimulation signal with a mean frequency of 20 Hz. Experimental data provided by
T.G. Sandercock [1] was filtered using a Butterworth low-pass filter of cut-off
frequency 120 Hz. Please refer to Millard et al. [2] for details.

References:
    1. Perreault, E.J., Heckman, C.J., and Sandercock, T.G., 2003. "Hill
       muscle model errors during movement are greatest within the
       physiologically relevant range of motor unit firing rates". Journal
       of Biomechanics, 36(2), pp. 211--218.
       http://dx.doi.org/10.1016/S0021-9290(02)00332-9.
    2. Millard, M., Uchida, T., Seth, A., and Delp, S.L., 2013. "Flexing
       computational muscle: Modeling and simulation of musculotendon
       dynamics". ASME Journal of Biomechanical Engineering, 135(2),
       p. 021013 (11 pages). http://dx.doi.org/10.1115/1.4023390.

endheader
time_s	force_N	forcedot
0.000000000000000	0.000000000000000	0.000000000000000
0.001000000000000	0.000000000000000	0.000000000000000
0.002000000000000	0.000000000000000	0.000000000000000
0.003000000000000	0.000000000000000	0.000000000000000
0.004000000000000	0.000000000000000	0.000000000000000
0.005000000000000	0.000000000000000	0.000000000000000
0.006000000000000	0.000000000000000	0.000000000000000
0.007000000000000	0.000000000000000	0.000000000000000
0.008000000000000	0.000000000000000	0.000000000000000
0.009000000000000	0.000000000000000	0.000000000000000
0.010000000000000	0.000000000000000	0.000000000000000
0.011000000000000	0.000000000000000	0.000000000000000
0.012000000000000	0.000000000000000	0.000000000000000
0.013000000000000	0.000000000000000	0.000000000000000
0.014000000000000	0.000000000000000	0.000000000000000
0.015000000000000	0.000000000000000	0.000000000000000
0.016000000000000	0.000000000000000	0.000000000000000
0.017000000000000	0.000000000000000	0.000000000000000
0.018000000000000	0.000000000000000	0.000000000000000
0.019000000000000	0.000000000000000	0.000000000000000
0.020000000000000	0.000000000000000	0.000000000000000
0.021000000000000	0.000000000000000	0.000000000000000
0.022000000000000	0.000000000000000	0.000000000000000
0.023000000000000	0.000000000000000	0.000000000000000
0.024000000000000	0.000000000000000	0.000000000000000
0.025000000000000	0.000000000000000	0.000000000000000
0.026000000000000	0.000000000000000	0.000000000000000
0.027000000000000	0.000000000000000	0.000000000000000
0.028000000000000	0.000000000000000	0.000000000000000
0.029000000000000	0.000000000000000	0.000000000000000
0.030000000000000	0.000000000000000	0.000000000000000
0.031000000000000	0.000000000000000	0.000000000000000
0.032000000000000	0.000000000000000	0.000000000000000
0.033000000000000	0.000000000000000	0.000000000000000
0.034000000000000	0.000000000000000	0.000000000000000
0.035000000000000	0.000000000000000	0.000000000000000
0.036000000000000	0.000000000000000	0.000000000000000
0.037000000000000	0.000000000000000	0.000000000000000
0.038000000000000	0.000000000000000	0.000000000000000
0.039000000000000	0.000000000000000	0.000000000000000
0.040000000000000	0.000000000000000	0.000000000000000
0.041000000000000	0.000000000000000	0.000000000000000
0.042000000000000	0.000000000000000	0.000000000000000
0.043000000000000	0.000000000000000	0.000000000000000
0.044000000000000	0.000000000000000	0.000000000000000
0.045000000000000	0.000000000000000	0.000000000000000
0.046000000000000	0.000000000000000	0.000000000000000
0.047000000000000	0.000000000000000	0.000000000000000
0.048000000000000	0.000000000000000	0.000000000000000
0.049000000000000	0.000000000000000	0.000000000000000
0.050000000000000	0.000000000000000	0.000000000000000
0.051000000000000	0.000000000000000	0.000000000000000
0.052000000000000	0.000000000000000	0.000000000000000
0.053000000000000	0.000000000000000	0.000000000000000
0.054000000000000	0.000000000000000	0.000000000000000
0.055000000000000	0.000000000000000	0.000000000000000
0.056000000000000	0.000000000000000	0.000000000000000
0.057000000000000	0.000000000000000	0.000000000000000
0.058000000000000	0.000000000000000	0.000000000000000
0.059000000000000	0.000000000000000	0.000000000000000
0.060000000000000	0.000000000000000	0.000000000000000
0.061000000000000	0.000000000000000	0.000000000000000
0.062000000000000	0.000000000000000	0.000000000000000
0.063000000000000	0.000000000000000	0.000000000000000
0.064000000000000	0.000000000000000	0.000000000000000
0.065000000000000	0.000000000000000	0.000000000000000
0.066000000000000	0.000000000000000	0.000000000000000
0.067000000000000	0.000000000000000	0.000000000000000
0.068000000000000	0.000000000000000	0.000000000000000
0.069000000000000	0.000000000000000	0.000000000000000
0.070000000000000	0.000000000000000	0.000000000000000
0.071000000000000	0.000000000000000	0.000000000000000
0.072000000000000	0.000000000000000	0.000000000000000
0.073000000000000	0.000000000000000	0.000000000000000
0.074000000000000	0.000000000000000	0.000000000000000
0.075000000000000	0.000000000000000	0.000000000000000
0.076000000000000	0.000000000000000	0.000000000000000
0.077000000000000	0.000000000000000	0.000000000000000
0.078000000000000	0.000000000000000	0.000000000000000
0.079000000000000	0.000000000000000	0.000000000000000
0.080000000000000	0.000000000000000	0.000000000000000
0.081000000000000	0.000000000000000	0.000000000000000
0.082000000000000	0.000000000000000	0.000000000000000
0.083000000000000	0.000000000000000	0.000000000000000
0.084000000000000	0.000000000000000	0.000000000000000
0.085000000000000	0.000000000000000	0.000000000000000
0.086000000000000	0.000000000000000	0.000000000000000
0.087000000000000	0.000000000000000	0.000000000000000
0.088000000000000	0.000000000000000	0.000000000000000
0.089000000000000	0.000000000000000	0.000000000000000
0.090000000000000	0.000000000000000	0.000000000000000
0.091000000000000	0.000000000000000	0.000000000000000
0.092000000000000	0.000000000000000	0.000000000000000
0.093000000000000	0.000000000000000	0.000000000000000
0.094000000000000	0.000000000000000	0.000000000000000
0.095000000000000	0.000000000000000	0.000000000000000
0.096000000000000	0.000000000000000	0.000000000000000
0.097000000000000	0.000000000000000	0.000000000000000
0.098000000000000	0.000000000000000	0.000000000000000
0.099000000000000	0.000000000000000	0.000000000000000
0.100000000000000	0.000000000000000	0.000000000000000
0.101000000000000	0.000000000000000	0.000000000000000
0.102000000000000	0.000000000000000	0.000000000000000
0.103000000000000	0.000000000000000	0.000000000000000
0.104000000000000	-0.000754126577000	-1.457135509981000
0.105000000000000	-0.001442808750000	-0.070610353362000
0.106000000000000	-0.001070823354000	2.252937872572000
0.107000000000000	0.001451940662000	5.698837465984000
0.108000000000000	0.007902495131000	10.198907443140000
0.109000000000000	0.020353781634000	15.364600035272000
0.110000000000000	0.039707415886000	20.645745212937999
0.111000000000000	0.064472529528000	25.624900816149001
0.112000000000000	0.092404688793000	30.180332068321999
0.113000000000000	0.123340148812000	34.348338504326001
0.114000000000000	0.158866203225000	38.051853320082003
0.115000000000000	0.199498872519000	41.027004034969998
0.116000000000000	0.243431921118000	43.037147104097997
0.117000000000000	0.287846052882000	44.111940945783999
0.118000000000000	0.331183113311000	44.517142304830998
0.119000000000000	0.374247702268000	44.479657582818000
0.120000000000000	0.418743867050000	43.996854071011001
0.121000000000000	0.464567408114000	42.995462630017997
0.122000000000000	0.509076380398000	41.707735724331997
0.123000000000000	0.549753484244000	40.828554568679998
0.124000000000000	0.587348950502000	41.181595971287003
0.125000000000000	0.625821383772000	43.117451609432003
0.126000000000000	0.669144379998000	46.162673207582003
0.127000000000000	0.718376239025000	49.226569327265999
0.128000000000000	0.771645302246000	51.199638351563003
0.129000000000000	0.825729576207000	51.507223741310000
0.130000000000000	0.877608688527000	50.283042027314998
0.131000000000000	0.926008592484000	48.128667148750999
0.132000000000000	0.971535027893000	45.689564401003999
0.133000000000000	1.015256560492000	43.350496539882002
0.134000000000000	1.057727677336000	41.209546092232003
0.135000000000000	1.098774455637000	39.265292506191997
0.136000000000000	1.137670305923000	37.616774436821999
0.137000000000000	1.174107810513000	36.502692945893997
0.138000000000000	1.209284305547000	36.166307336073999
0.139000000000000	1.245031147121000	36.692540854213000
0.140000000000000	1.281956754683000	37.947987491733997
0.141000000000000	1.319929485445000	39.591329621645002
0.142000000000000	1.359512559968000	41.067602757811002
0.143000000000000	1.401429255705000	41.642502347029001
0.144000000000000	1.445207320755000	40.628718003933997
0.145000000000000	1.488190134231000	37.799344367548002
0.146000000000000	1.525974148889000	33.700510282412999
0.147000000000000	1.555810744132000	29.502603100123999
0.148000000000000	1.579476338298000	26.355960043987999
0.149000000000000	1.601409337687000	24.684484447850998
0.150000000000000	1.625146573885000	23.967297365291000
0.151000000000000	1.651716527422000	23.201407571346000
0.152000000000000	1.678969151551000	21.745847025625999
0.153000000000000	1.702666524032000	19.965357401513000
0.154000000000000	1.720610025334000	19.185762497043001
0.155000000000000	1.735617354056000	20.944856441591000
0.156000000000000	1.753920620138000	26.056689191941000
0.157000000000000	1.781367705716000	34.130403542164998
0.158000000000000	1.821014814402000	43.805960147862997
0.159000000000000	1.872680752443000	53.471184825782998
0.160000000000000	1.933662607114000	61.982371112229004
0.161000000000000	2.000774586647000	68.996129286176995
0.162000000000000	2.072404952898000	74.814144668251004
0.163000000000000	2.148607094214000	79.947425149677997
0.164000000000000	2.229797146410000	84.713260738708001
0.165000000000000	2.315923010360000	89.047810736977993
0.166000000000000	2.406764366997000	92.540269329040001
0.167000000000000	2.501748089865000	94.632750756861000
0.168000000000000	2.598796516195000	94.914343072655996
0.169000000000000	2.694629183440000	93.366771216347999
0.170000000000000	2.786827058346000	90.399592585863999
0.171000000000000	2.874935599802000	86.669772668345004
0.172000000000000	2.959515671442000	82.867956298999005
0.173000000000000	3.040732572466000	79.626334891232005
0.174000000000000	3.118346311167000	77.492748999106993
0.175000000000000	3.193271105775000	76.813388503856999
0.176000000000000	3.268287696063000	77.525988397118994
0.177000000000000	3.346129811752000	79.073812904635005
0.178000000000000	3.427286222902000	80.602739364612006
0.179000000000000	3.510075857562000	81.330906636104999
0.180000000000000	3.592220121583000	80.811758814846002
0.181000000000000	3.672247416729000	78.935960689297005
0.182000000000000	3.749900210794000	75.783966229534997
0.183000000000000	3.824912249572000	71.560174637293002
0.184000000000000	3.895407464038000	66.676983443796004
0.185000000000000	3.959285237285000	61.801901821171001
0.186000000000000	4.017181242900000	57.683595343985999
0.187000000000000	4.071819114894000	54.854645055096000
0.188000000000000	4.125154067889000	53.466461930862998
0.189000000000000	4.177975849747000	53.333651995086001
0.190000000000000	4.231096016577000	54.051323632614000
0.191000000000000	4.285551557998000	55.081894224806000
0.192000000000000	4.341761341385000	55.846859021203997
0.193000000000000	4.398747768277000	55.860484760855996
0.194000000000000	4.454846803151000	54.839350412392001
0.195000000000000	4.508940306836000	52.705558168320998
0.196000000000000	4.560231415574000	49.503728436199999
0.197000000000000	4.607981912518000	45.329257366009003
0.198000000000000	4.651625096372000	40.337983363825003
0.199000000000000	4.690023827804000	34.818011015213997
0.200000000000000	4.722041233163000	29.229970396774998
0.201000000000000	4.748234462279000	24.154721231052999
0.202000000000000	4.770253608727000	20.213427302181000
0.203000000000000	4.789339317376000	18.053185730805001
0.204000000000000	4.806558175433000	18.347244695011000
0.205000000000000	4.823939002115000	21.657268940628001
0.206000000000000	4.845366174369000	28.133556835526999
0.207000000000000	4.875849667653000	37.266028843790998
0.208000000000000	4.918796861125000	47.951698026629003
0.209000000000000	4.974162124930000	58.892291457942001
0.210000000000000	5.039591647680000	69.019851078282002
0.211000000000000	5.113213646976000	77.639563164913000
0.212000000000000	5.194597199727000	84.308017827187996
0.213000000000000	5.282864661927000	88.738461468653995
0.214000000000000	5.375268248905000	90.915798072098994
0.215000000000000	5.467902261730000	91.266226502083001
0.216000000000000	5.557862084796000	90.579436981195997
0.217000000000000	5.645352253849000	89.611643039716995
0.218000000000000	5.732809829432000	88.664532068994006
0.219000000000000	5.821591864492000	87.520193666563003
0.220000000000000	5.910345939408000	85.789219165812000
0.221000000000000	5.996577128540000	83.350363478353003
0.222000000000000	6.078903917383000	80.529766771411005
0.223000000000000	6.157285453232000	77.942617157900003
0.224000000000000	6.232452745156000	76.156055730979006
0.225000000000000	6.306304120872000	75.382667028913005
0.226000000000000	6.381100915889000	75.373406673936003
0.227000000000000	6.457405623253000	75.573553489424000
0.228000000000000	6.534163735040000	75.426040192605996
0.229000000000000	6.610037870911000	74.600225853435006
0.230000000000000	6.683876239936000	73.011536024584998
0.231000000000000	6.755341265225000	70.684223989613002
0.232000000000000	6.824872066004000	67.636284621637003
0.233000000000000	6.892084643452000	63.931230912152003
0.234000000000000	6.955158349959000	59.843758008738000
0.235000000000000	7.012650062394000	55.917339890709997
0.236000000000000	7.065303480350000	52.779709039048001
0.237000000000000	7.115391868387000	50.841772968971000
0.238000000000000	7.164812195194000	50.113761550207002
0.239000000000000	7.214493976667000	50.229758242441001
0.240000000000000	7.265168218779000	50.612647040685999
0.241000000000000	7.317213379031000	50.703254504820997
0.242000000000000	7.369356067760000	50.190412428023997
0.243000000000000	7.419228449853000	49.101566027585001
0.244000000000000	7.466020604536000	47.625303741194998
0.245000000000000	7.511323761333000	45.781209242186002
0.246000000000000	7.556362345733000	43.263053214294999
0.247000000000000	7.599666932512000	39.627050538224999
0.248000000000000	7.638636517544000	34.644591239035002
0.249000000000000	7.671524313528000	28.531059792455000
0.250000000000000	7.697394049626000	21.952805358235000
0.251000000000000	7.716045247624000	15.884596763195001
0.252000000000000	7.728338542219000	11.391317218286000
0.253000000000000	7.736419206128000	9.368220727779001
0.254000000000000	7.743695255193000	10.298386447051000
0.255000000000000	7.754123978007000	14.131027706786000
0.256000000000000	7.770812346635000	20.354770156476999
0.257000000000000	7.795206252875000	28.215475183510002
0.258000000000000	7.827811562825000	36.923801559075997
0.259000000000000	7.869151140633000	45.745054657083003
0.260000000000000	7.919604590394000	54.014345023943001
0.261000000000000	7.978420017048000	61.181603058232000
0.262000000000000	8.043577196736001	66.895050644641998
0.263000000000000	8.113161164301999	71.038666109174997
0.264000000000000	8.186118233639000	73.692468127343005
0.265000000000000	8.261262723998000	75.078755393223005
0.266000000000000	8.336793450370999	75.523323332496005
0.267000000000000	8.411556424997000	75.372749220418001
0.268000000000000	8.485805708896001	74.854550398011000
0.269000000000000	8.560238557070001	73.997495519864998
0.270000000000000	8.634626157287000	72.723407230123001
0.271000000000000	8.707527043371000	71.045595443186002
0.272000000000000	8.777685078319999	69.180056429746998
0.273000000000000	8.845187760219000	67.460094210869002
0.274000000000000	8.910951872058000	66.140198166320999
0.275000000000000	8.976150883244999	65.266117203196004
0.276000000000000	9.041514267614000	64.708153337528998
0.277000000000000	9.106383733274001	64.290392356759995
0.278000000000000	9.169808912662999	63.847434909015000
0.279000000000000	9.232376323106999	63.138723193979999
0.280000000000000	9.295198920181999	61.771377227877998
0.281000000000000	9.357613195758001	59.325220759007998
0.282000000000000	9.417271168960999	55.644594776513003
0.283000000000000	9.471831245548000	51.051648701102003
0.284000000000000	9.520127442871001	46.288939162135001
0.285000000000000	9.562659182646000	42.214113380942997
0.286000000000000	9.601267422097999	39.428366057942000
0.287000000000000	9.638355401555000	38.042326857238002
0.288000000000000	9.676043861497000	37.700656748081002
0.289000000000000	9.714930910948000	37.840152298886998
0.290000000000000	9.753889117189001	38.000572077607998
0.291000000000000	9.792000408030001	37.971747211569998
0.292000000000000	9.829534050552001	37.717593616545997
0.293000000000000	9.866554288296999	37.202093991870001
0.294000000000000	9.902821905403000	36.262449692110998
0.295000000000000	9.938639661180000	34.601017042976999
0.296000000000000	9.973328946822001	31.911894084244999
0.297000000000000	10.004555085844000	28.067335095787001
0.298000000000000	10.030641403701001	23.215709197357999
0.299000000000000	10.051417714315001	17.741504499095001
0.300000000000000	10.066878760035999	12.192687836617001
0.301000000000000	10.076701007938000	7.248018356001000
0.302000000000000	10.080999454099000	3.646782844298000
0.303000000000000	10.081586114240000	1.998923919983000
0.304000000000000	10.082009998729999	2.565571911193000
0.305000000000000	10.085331236887001	5.201608208473000
0.306000000000000	10.092826151711000	9.512845049330000
0.307000000000000	10.105107519639001	15.066741037960000
0.308000000000000	10.122889472291000	21.474864130936002
0.309000000000000	10.147158623840999	28.334765934095000
0.310000000000000	10.179018387057001	35.167718018652998
0.311000000000000	10.218369979101000	41.473055451618002
0.312000000000000	10.263583793826999	46.868092605907997
0.313000000000000	10.313036762003000	51.174322062780000
0.314000000000000	10.366149048678000	54.389913277135001
0.315000000000000	10.422392990362001	56.630644914408002
0.316000000000000	10.480035462678000	58.095288790834999
0.317000000000000	10.537582339749999	58.981217234210000
0.318000000000000	10.595615944151000	59.319487474345003
0.319000000000000	10.655143397165000	58.893012276126001
0.320000000000000	10.715188944387000	57.404726380814999
0.321000000000000	10.773292170497999	54.802634672479002
0.322000000000000	10.827354685857999	51.486667773735000
0.323000000000000	10.876699440345000	48.232296404290999
0.324000000000000	10.922141240079000	45.894499743860997
0.325000000000000	10.965486884125999	45.070136468104998
0.326000000000000	11.009051618325000	45.871087088726000
0.327000000000000	11.054964359907000	47.884012737375002
0.328000000000000	11.104195047830000	50.311526336697000
0.329000000000000	11.156337866236999	52.217408487309001
0.330000000000000	11.210364906543999	52.782550300521002
0.331000000000000	11.264754653964999	51.528276220344999
0.332000000000000	11.316934730350001	48.483656471380002
0.333000000000000	11.364193000425001	44.219368264376001
0.334000000000000	11.405348702453001	39.663153501059000
0.335000000000000	11.440948488095000	35.731369136917003
0.336000000000000	11.472919291108999	32.953891060516000
0.337000000000000	11.504022546208001	31.311451515925000
0.338000000000000	11.535843841346001	30.400526330337001
0.339000000000000	11.567484571022000	29.805425156291001
0.340000000000000	11.597237774084000	29.361256357336000
0.341000000000000	11.625148283456999	29.088485688887001
0.342000000000000	11.653091947445001	28.925839766414001
0.343000000000000	11.682197997514001	28.584628016436000
0.344000000000000	11.711348740999000	27.657275140088998
0.345000000000000	11.738648287803001	25.806414245420001
0.346000000000000	11.763138228120001	22.833536592421002
0.347000000000000	11.784547611804999	18.653327182891999
0.348000000000000	11.802038142188000	13.330151448401001
0.349000000000000	11.813781319575000	7.206333002431000
0.350000000000000	11.818114674767999	0.969136396444000
0.351000000000000	11.815092765134001	-4.487906102561000
0.352000000000000	11.806563991992000	-8.367698063856000
0.353000000000000	11.795340138442000	-10.240520167651001
0.354000000000000	11.784544126693000	-10.096594501686001
0.355000000000000	11.776153379764001	-8.148504143178000
0.356000000000000	11.770000426975001	-4.571908343503000
0.357000000000000	11.766135466244000	0.532265867469000
0.358000000000000	11.767636970390001	6.908644477289000
0.359000000000000	11.778319357352000	13.978205462082000
0.360000000000000	11.798096630977000	21.027143321823999
0.361000000000000	11.823777205855000	27.576343840303998
0.362000000000000	11.853678414587000	33.493939739673998
0.363000000000000	11.888509770382999	38.742092684486003
0.364000000000000	11.929144697751999	43.087407418474001
0.365000000000000	11.975251978654001	46.111860013261001
0.366000000000000	12.024771699595000	47.527526594110000
0.367000000000000	12.074205165890000	47.501103098397003
0.368000000000000	12.120511006245000	46.651984202442002
0.369000000000000	12.163836052572000	45.652765238068000
0.370000000000000	12.207420384859001	44.771525054973999
0.371000000000000	12.253232519635000	43.823805346703999
0.372000000000000	12.299154971318000	42.595949241352002
0.373000000000000	12.341837263858000	41.271139285183999
0.374000000000000	12.380804813690000	40.391163330603000
0.375000000000000	12.418697426454999	40.416770082583000
0.376000000000000	12.458347582815000	41.345601570629000
0.377000000000000	12.500549861782000	42.696408430872999
0.378000000000000	12.544444753650000	43.763785646312002
0.379000000000000	12.589134093882000	43.885330902541000
0.380000000000000	12.633908432651999	42.616925094479001
0.381000000000000	12.677043089127000	39.861360733083998
0.382000000000000	12.716076222727001	35.941558728403997
0.383000000000000	12.749460113685000	31.517841359167001
0.384000000000000	12.777372988765000	27.326052773339001
0.385000000000000	12.801555664494000	23.887119512759998
0.386000000000000	12.823734345728999	21.382798211952998
0.387000000000000	12.844129217024999	19.729750282388999
0.388000000000000	12.862828645556000	18.706235938251002
0.389000000000000	12.881098519229001	18.024094454861999
0.390000000000000	12.899615849137000	17.397154745731001
0.391000000000000	12.917410569343000	16.651261467676999
0.392000000000000	12.933668037300000	15.790610013507999
0.393000000000000	12.948889563042000	14.952324398954000
0.394000000000000	12.963492535127999	14.308457266172001
0.395000000000000	12.976766839808000	13.961329636737000
0.396000000000000	12.988838512608000	13.793491353156000
0.397000000000000	13.001634275534000	13.329921797100999
0.398000000000000	13.015773076222001	11.817774273720000
0.399000000000000	13.028922636555000	8.598282424442999
0.400000000000000	13.037822034333001	3.547023406546000
0.401000000000000	13.039800524718000	-2.719535779722000
0.402000000000000	13.033547465251001	-8.989407477086999
0.403000000000000	13.019867027807001	-13.868047240394000
0.404000000000000	13.001513418271999	-16.270188203614001
0.405000000000000	12.982632944911000	-15.773742285108000
0.406000000000000	12.967207318949001	-12.673294761469000
0.407000000000000	12.957300300581000	-7.728766222248000
0.408000000000000	12.953445350975000	-1.786080251626000
0.409000000000000	12.955590688799999	4.502228814040000
0.410000000000000	12.963268795895999	10.736334719743001
0.411000000000000	12.976383542334000	16.644116680646000
0.412000000000000	12.995610415441000	21.926423419165001
0.413000000000000	13.020763260347000	26.239897838465001
0.414000000000000	13.049964823360000	29.339581248123000
0.415000000000000	13.081257554465999	31.234329803143002
0.416000000000000	13.113422119109000	32.213589526937000
0.417000000000000	13.145650975273000	32.736958656751000
0.418000000000000	13.177812612586999	33.258395768473001
0.419000000000000	13.210475329697999	34.059331228251999
0.420000000000000	13.244306084930001	35.148519821866003
0.421000000000000	13.279602444923000	36.256404511922000
0.422000000000000	13.316451415951001	36.922905707356001
0.423000000000000	13.354624494439999	36.678580650443998
0.424000000000000	13.392851322963001	35.302942307271998
0.425000000000000	13.428904032507001	33.053019514142001
0.426000000000000	13.460533283195000	30.665228067329000
0.427000000000000	13.487558431763000	29.012987646856999
0.428000000000000	13.513221192444000	28.587133106000000
0.429000000000000	13.541025813140999	29.189831182565001
0.430000000000000	13.571535167474000	30.080297865540999
0.431000000000000	13.603528632848001	30.416922679748001
0.432000000000000	13.635353692940001	29.655422992266999
0.433000000000000	13.665016229941999	27.697721641335001
0.434000000000000	13.691147007840000	24.791622104167999
0.435000000000000	13.713817375769001	21.317851854958001
0.436000000000000	13.733650726571000	17.655001289066998
0.437000000000000	13.750405736506000	14.215152624536000
0.438000000000000	13.763215893030999	11.529669751673000
0.439000000000000	13.772273722680000	10.170634177620000
0.440000000000000	13.779845921168000	10.464362621016001
0.441000000000000	13.789375203943001	12.214555611348000
0.442000000000000	13.802946853411999	14.694418467354000
0.443000000000000	13.819900121787001	16.922591377126000
0.444000000000000	13.838518230690999	17.993277923091000
0.445000000000000	13.857455394298000	17.268332545233001
0.446000000000000	13.874990521871000	14.447911646959000
0.447000000000000	13.888689573439001	9.612156077490001
0.448000000000000	13.896173102833000	3.235224560867000
0.449000000000000	13.896054266265001	-3.883504358821000
0.450000000000000	13.888259735128001	-10.773142485392000
0.451000000000000	13.873515503091999	-16.479288686808001
0.452000000000000	13.853272117118999	-20.253524858117000
0.453000000000000	13.830005948719000	-21.729426644469999
0.454000000000000	13.807023753117001	-21.018239477778000
0.455000000000000	13.787374170512001	-18.612132791625001
0.456000000000000	13.771953828755001	-15.084579426700000
0.457000000000000	13.759702796233000	-10.788982023420999
0.458000000000000	13.750540654767001	-5.808868462026000
0.459000000000000	13.746381931500000	-0.166625678170000
0.460000000000000	13.748861888011000	5.957501136302000
0.461000000000000	13.757892910142001	12.178742197027001
0.462000000000000	13.772910252202999	17.979191044897998
0.463000000000000	13.793761258877000	22.789814796239000
0.464000000000000	13.819505223717000	26.089578420487001
0.465000000000000	13.847966244288999	27.554392671538000
0.466000000000000	13.877117094440001	27.216336991898999
0.467000000000000	13.905248443022000	25.567452066487999
0.468000000000000	13.930152463222999	23.530861108869001
0.469000000000000	13.950658313901000	22.192159557621000
0.470000000000000	13.969063648461001	22.309375641193999
0.471000000000000	13.989968995759000	23.907265132418999
0.472000000000000	14.015975973679000	26.325351299465002
0.473000000000000	14.045851013214000	28.711634046953002
0.474000000000000	14.077004751414000	30.533726273168998
0.475000000000000	14.108038372485000	31.711923817475000
0.476000000000000	14.139136219235001	32.384094645254997
0.477000000000000	14.171311239756999	32.623533194156998
0.478000000000000	14.204778148697001	32.383892991384002
0.479000000000000	14.237783677929000	31.645222063516002
0.480000000000000	14.268302692360001	30.498219125538000
0.481000000000000	14.296537410647000	29.000052559404001
0.482000000000000	14.323926554179000	26.960478457781999
0.483000000000000	14.350641913553000	23.957049551607000
0.484000000000000	14.375201879285999	19.664267145798998
0.485000000000000	14.395062482847999	14.279999129574000
0.486000000000000	14.407464662977000	8.714677962617000
0.487000000000000	14.411494872068999	4.320476391740000
0.488000000000000	14.410100152884000	2.237472777695000
0.489000000000000	14.408808167278000	2.761133881099000
0.490000000000000	14.411844885270000	5.179813989174000
0.491000000000000	14.420298896948999	8.187192233347000
0.492000000000000	14.432612192313000	10.557130166823001
0.493000000000000	14.445852606482999	11.638255830462001
0.494000000000000	14.457806103213001	11.419557396762000
0.495000000000000	14.467800833484000	10.230231214097000
0.496000000000000	14.475864165702999	8.339099649940000
0.497000000000000	14.482411142216000	5.720988979981000
0.498000000000000	14.487710243736000	2.131153610943000
0.499000000000000	14.490094170766000	-2.565008339170000
0.500000000000000	14.486111177240000	-8.079694148701000
0.501000000000000	14.474117183262001	-13.712523396922000
0.502000000000000	14.456263079214001	-18.669801350937000
0.503000000000000	14.435425606382999	-22.343466713045999
0.504000000000000	14.412153298439000	-24.315764092599998
0.505000000000000	14.386618331428000	-24.259026741185998
0.506000000000000	14.361374050032000	-21.989409749398000
0.507000000000000	14.340076636871000	-17.631001192601001
0.508000000000000	14.324994229928000	-11.665135435396000
0.509000000000000	14.316739536956000	-4.807870219489000
0.510000000000000	14.315521533461000	2.152425905829000
0.511000000000000	14.321662037158999	8.477775067346000
0.512000000000000	14.334394600977999	13.607284727824000
0.513000000000000	14.351348077737001	17.292098146512998
0.514000000000000	14.370370416146001	19.636679722118998
0.515000000000000	14.390694830199999	20.990447891690000
0.516000000000000	14.411841160501000	21.767802807591998
0.517000000000000	14.433081526072000	22.286644383031000
0.518000000000000	14.454531759104000	22.649826250120000
0.519000000000000	14.477270233587999	22.721394047992000
0.520000000000000	14.501383942522001	22.283928259614999
0.521000000000000	14.524915490992999	21.319974835816002
0.522000000000000	14.545859353053000	20.174390126727001
0.523000000000000	14.564419425189000	19.425894121331002
0.524000000000000	14.582392662039000	19.577369199644000
0.525000000000000	14.601325574291000	20.809127543683001
0.526000000000000	14.622206444852001	22.905750181498000
0.527000000000000	14.645757145695001	25.307864824060999
0.528000000000000	14.672487583855000	27.246586252933000
0.529000000000000	14.702282709453000	27.990804021635999
0.530000000000000	14.732745805396000	27.175129693885001
0.531000000000000	14.759816165080000	24.991050817876001
0.532000000000000	14.781863981537001	22.019924114477000
0.533000000000000	14.800804709416999	18.823122837385000
0.534000000000000	14.818263165207000	15.686940893713000
0.535000000000000	14.833358767331999	12.718231804103000
0.536000000000000	14.844925984630001	10.068755305306000
0.537000000000000	14.853204216638000	7.987374336256000
0.538000000000000	14.859140322369999	6.661613809910000
0.539000000000000	14.864243622958000	6.026874735060000
0.540000000000000	14.870313628890001	5.739131698935000
0.541000000000000	14.877538086422000	5.380345054938000
0.542000000000000	14.883963936683999	4.749655591025000
0.543000000000000	14.888063392727000	3.970727389087000
0.544000000000000	14.890491936223000	3.310582245482000
0.545000000000000	14.892475461009001	2.885961827667000
0.546000000000000	14.894356246025000	2.486914536945000
0.547000000000000	14.896372948297000	1.596016620420000
0.548000000000000	14.898524354161999	-0.414413520610000
0.549000000000000	14.898963661001000	-3.960469000755000
0.550000000000000	14.894502739349001	-8.953006134293000
0.551000000000000	14.883235818956001	-14.723589216169000
0.552000000000000	14.865440637880999	-20.200584267650999
0.553000000000000	14.842024346184999	-24.202883946276000
0.554000000000000	14.814263535951000	-25.759870865296001
0.555000000000000	14.785601745385000	-24.435293246796999
0.556000000000000	14.760997109474999	-20.527817458449999
0.557000000000000	14.743628097620000	-14.950622784190999
0.558000000000000	14.733511205154000	-8.804819569235001
0.559000000000000	14.729055890265000	-2.943755378749000
0.560000000000000	14.729214947273000	2.193374317888000
0.561000000000000	14.733817061360000	6.484236790975000
0.562000000000000	14.742362250086000	9.960077368168999
0.563000000000000	14.753872467799001	12.709311185277000
0.564000000000000	14.767730934425000	14.841469161950000
0.565000000000000	14.783572498730001	16.473219646183999
0.566000000000000	14.800769702759000	17.723373479418999
0.567000000000000	14.818786249448999	18.699627974510999
0.568000000000000	14.837624019334999	19.466122272035999
0.569000000000000	14.857364669131000	20.019525650616000
0.570000000000000	14.877696365486001	20.306240044778001
0.571000000000000	14.898288469699001	20.275931739177999
0.572000000000000	14.919029098590000	19.952457510639999
0.573000000000000	14.939460910162000	19.502538637785001
0.574000000000000	14.958627861922000	19.239142067001001
0.575000000000000	14.976427270102000	19.480159324616999
0.576000000000000	14.994623595678000	20.307587749427000
0.577000000000000	15.015130896041001	21.428873176980002
0.578000000000000	15.037884731561000	22.288884378288000
0.579000000000000	15.061563813604000	22.350359982240001
0.580000000000000	15.084809710042000	21.338755115221002
0.581000000000000	15.105893590867000	19.320843451870001
0.582000000000000	15.123452328637001	16.602604563814999
0.583000000000000	15.137897989125999	13.535230546571000
0.584000000000000	15.150166913265000	10.397646586015000
0.585000000000000	15.159783936459000	7.448443920971000
0.586000000000000	15.165983797779999	5.034939619954000
0.587000000000000	15.169475517014000	3.585120222160000
0.588000000000000	15.171706110927000	3.454978493888000
0.589000000000000	15.173816841633000	4.716123474457000
0.590000000000000	15.177547975084000	6.972520719326000
0.591000000000000	15.185644235142000	9.346509873575000
0.592000000000000	15.198777344802000	10.792547914382000
0.593000000000000	15.213056199247999	10.634562178405000
0.594000000000000	15.223652650904000	8.887506360466000
0.595000000000000	15.229659387361000	6.057531619947000
0.596000000000000	15.232952112408000	2.663484561754000
0.597000000000000	15.234061383962000	-1.032157625494000
0.598000000000000	15.231696793710000	-4.936298055652000
0.599000000000000	15.225151194562001	-8.922606937888000
0.600000000000000	15.214368254511999	-12.747801925867000
0.601000000000000	15.199022075991000	-16.128336328021000
0.602000000000000	15.180164039379999	-18.896390762142001
0.603000000000000	15.160372530724000	-21.063521656361001
0.604000000000000	15.140567493103999	-22.636099193722998
0.605000000000000	15.118964713972000	-23.307397633868000
0.606000000000000	15.094169314266001	-22.426261169141000
0.607000000000000	15.068826990437000	-19.441303498831001
0.608000000000000	15.049019661085000	-14.455840346331000
0.609000000000000	15.038678387314000	-8.305590802119999
0.610000000000000	15.036273142095000	-2.054625850182000
0.611000000000000	15.038300099937000	3.565889636659000
0.612000000000000	15.043602681104000	8.264148536136000
0.613000000000000	15.053188681024000	11.914206968872000
0.614000000000000	15.067514304872001	14.364115829238999
0.615000000000000	15.084783829667000	15.567666131025000
0.616000000000000	15.101649884710000	15.815345511645001
0.617000000000000	15.115922267527999	15.685490872827000
0.618000000000000	15.128865246217000	15.655480151176000
0.619000000000000	15.143724382989999	15.749628463286999
0.620000000000000	15.161428091787000	15.628602269883000
0.621000000000000	15.179298077906999	15.056419872865000
0.622000000000000	15.194496128755000	14.260099943399000
0.623000000000000	15.207036120174999	13.834157094430999
0.624000000000000	15.219142424449000	14.330926914394000
0.625000000000000	15.232908810704000	15.919693210927001
0.626000000000000	15.249267851400001	18.312885429752001
0.627000000000000	15.268812764249001	20.893976002980001
0.628000000000000	15.291632057014001	22.924297268846999
0.629000000000000	15.316391403514000	23.762155206492999
0.630000000000000	15.341272471996000	23.042294003834002
0.631000000000000	15.364547105029001	20.767495454420999
0.632000000000000	15.384284118878000	17.294645100334002
0.633000000000000	15.399428736145000	13.223779876744000
0.634000000000000	15.410091641019999	9.226176813000000
0.635000000000000	15.416507609075000	5.863723443600000
0.636000000000000	15.419604127834001	3.439137772539000
0.637000000000000	15.421660899803999	1.941479262617000
0.638000000000000	15.424282427882000	1.177543149378000
0.639000000000000	15.426583567879000	1.035173022048000
0.640000000000000	15.427021732068001	1.603041043818000
0.641000000000000	15.426597158948001	2.947712314168000
0.642000000000000	15.428808434054000	4.757147617510000
0.643000000000000	15.435643693901000	6.287441880983000
0.644000000000000	15.444858620635999	6.734858109624000
0.645000000000000	15.452776488755999	5.677534382254000
0.646000000000000	15.457769707723999	3.207029633137000
0.647000000000000	15.459341302280000	-0.247589919115000
0.648000000000000	15.456677124717000	-4.170465959552000
0.649000000000000	15.449662217413000	-8.143199064230000
0.650000000000000	15.439236651680000	-11.927827050606000
0.651000000000000	15.426005053367000	-15.419142522842000
0.652000000000000	15.409674106909000	-18.494649663773998
0.653000000000000	15.390083390505000	-20.889252400069999
0.654000000000000	15.367936804966000	-22.205729875239999
0.655000000000000	15.344553338002999	-22.054950165083000
0.656000000000000	15.321849423192001	-20.234463375339999
0.657000000000000	15.302279603597000	-16.837701865195999
0.658000000000000	15.287609780545001	-12.226653698479000
0.659000000000000	15.278083167281000	-6.907506435151000
0.660000000000000	15.273613192877001	-1.430964458698000
0.661000000000000	15.274844899809001	3.637181386472000
0.662000000000000	15.281791243027000	7.768043153254000
0.663000000000000	15.292497181663000	10.605361941608001
0.664000000000000	15.304852074931000	12.095635295263000
0.665000000000000	15.317993444964999	12.511323037182001
0.666000000000000	15.330715338548000	12.368169261433000
0.667000000000000	15.341821364699999	12.250295115966001
0.668000000000000	15.352300951907999	12.557161638734000
0.669000000000000	15.364349365070000	13.312014995279000
0.670000000000000	15.378933483820999	14.221606527161001
0.671000000000000	15.395085673691000	14.967239828965999
0.672000000000000	15.410833674459999	15.458691734582001
0.673000000000000	15.425529136990001	15.818410379603000
0.674000000000000	15.440700105695999	16.165199390763000
0.675000000000000	15.457332052885000	16.471467488249999
0.676000000000000	15.474390361011000	16.620067726788001
0.677000000000000	15.491014446910000	16.525271941105999
0.678000000000000	15.507625409078001	16.181610982582001
0.679000000000000	15.524056494022000	15.662193126697000
0.680000000000000	15.539006443855000	15.083867974502001
0.681000000000000	15.552304467353000	14.479919981177000
0.682000000000000	15.565604364425001	13.643646030428000
0.683000000000000	15.580120272869999	12.180192372402001
0.684000000000000	15.594331243589000	9.865002851890999
0.685000000000000	15.604440991499001	7.018777071515000
0.686000000000000	15.608432602618000	4.470365529089000
0.687000000000000	15.608945568504000	3.061463557319000
0.688000000000000	15.610233397281000	3.136695438300000
0.689000000000000	15.613822423043000	4.439234477015000
0.690000000000000	15.619360193918000	6.362003084779000
0.691000000000000	15.627150491072999	8.238155937337000
0.692000000000000	15.636974140771001	9.508754364102000
0.693000000000000	15.647178716431000	9.781795415128000
0.694000000000000	15.656591192057000	8.806734952222000
0.695000000000000	15.664872617752000	6.424201072515000
0.696000000000000	15.671037010771000	2.610220238626000
0.697000000000000	15.673016166841000	-2.366485995466000
0.698000000000000	15.668474045589001	-7.846333964683000
0.699000000000000	15.656446553272000	-12.936847929597000
0.700000000000000	15.638753066408000	-16.902715630044000
0.701000000000000	15.618897433134000	-19.500455309911001
0.702000000000000	15.599118851218000	-20.964672825790000
0.703000000000000	15.579318500783000	-21.659240461311999
0.704000000000000	15.558499733134999	-21.710705009344000
0.705000000000000	15.536589723561001	-20.922219505438999
0.706000000000000	15.515240894212001	-18.978851418554999
0.707000000000000	15.496596811390001	-15.725717067741000
0.708000000000000	15.481920605588000	-11.330448181115001
0.709000000000000	15.472338386678000	-6.298289862141000
0.710000000000000	15.469004527660999	-1.360186784273000
0.711000000000000	15.471622367226001	2.768553951342000
0.712000000000000	15.477972900754001	5.682647482126000
0.713000000000000	15.485344361849000	7.436831798849000
0.714000000000000	15.492575002883999	8.416284768073000
0.715000000000000	15.500287697090000	9.032899225754001
0.716000000000000	15.509143345036000	9.496014368739001
0.717000000000000	15.518848888402999	9.789963912530000
0.718000000000000	15.528946914019000	9.793657678282999
0.719000000000000	15.539425390077000	9.437600944672001
0.720000000000000	15.549943626389000	8.860132644818000
0.721000000000000	15.559176117492999	8.496962819672000
0.722000000000000	15.566108956760001	8.954110317678000
0.723000000000000	15.572601961950999	10.626155630705000
0.724000000000000	15.582810253516000	13.331785575972001
0.725000000000000	15.598776423753000	16.338829059434001
0.726000000000000	15.618674825496999	18.796798430906001
0.727000000000000	15.639613803021000	20.183431514829000
0.728000000000000	15.660166432658000	20.417530502982999
0.729000000000000	15.680126383519999	19.679914631778999
0.730000000000000	15.699230950483001	18.213183968604000
0.731000000000000	15.716954394200000	16.264709927965001
0.732000000000000	15.732479180514000	14.122980809714001
0.733000000000000	15.744765442326999	12.094878238717000
0.734000000000000	15.754281482568000	10.352268127153000
0.735000000000000	15.763363615631000	8.788686068664999
0.736000000000000	15.772976882880000	7.116076207391000
0.737000000000000	15.780967038846001	5.184561450433000
0.738000000000000	15.785211875046000	3.202494223842000
0.739000000000000	15.786471076389001	1.628112754366000
0.740000000000000	15.786611503608000	0.874377215919000
0.741000000000000	15.786532045988000	1.092058325821000
0.742000000000000	15.787084968400000	2.106722272824000
0.743000000000000	15.789574112065999	3.458370098537000
0.744000000000000	15.794317041317001	4.527842613091000
0.745000000000000	15.799973255898999	4.719754598121000
0.746000000000000	15.804821822501999	3.601582053182000
0.747000000000000	15.808019720745000	0.954596850343000
0.748000000000000	15.808677621598999	-3.178864106796000
0.749000000000000	15.804459011471000	-8.405505520893000
0.750000000000000	15.793124539411000	-13.977042852456000
0.751000000000000	15.774953552578999	-19.002937234615001
0.752000000000000	15.752219824338001	-22.778095899042999
0.753000000000000	15.727378976991000	-24.972078941174001
0.754000000000000	15.702197230724000	-25.553472483825001
0.755000000000000	15.677505418683999	-24.562845005275999
0.756000000000000	15.653722420658999	-21.965653620893999
0.757000000000000	15.632015628410000	-17.737304646125001
0.758000000000000	15.614911598628000	-12.116086251832000
0.759000000000000	15.605246637821001	-5.772667017580000
0.760000000000000	15.603922906692000	0.319848892702000
0.761000000000000	15.609169115063001	5.270513981955000
0.762000000000000	15.618163088727000	8.633226267408000
0.763000000000000	15.628458004144999	10.496574835486999
0.764000000000000	15.638701717171999	11.275709536137001
0.765000000000000	15.649191909143999	11.396270071186001
0.766000000000000	15.660556298043000	11.112631422104000
0.767000000000000	15.671930697443001	10.546253496927999
0.768000000000000	15.682129226894000	9.811375531721000
0.769000000000000	15.691532277075000	9.076990434267000
0.770000000000000	15.700825560026001	8.576046037996001
0.771000000000000	15.709411995818000	8.608695971088000
0.772000000000000	15.716952400208999	9.464178139102000
0.773000000000000	15.725300143025001	11.217848067506999
0.774000000000000	15.737231736060000	13.579732088232999
0.775000000000000	15.753227147835000	16.000189713729998
0.776000000000000	15.771217510094001	17.948654766847000
0.777000000000000	15.789795722182999	19.083067715129999
0.778000000000000	15.809214761786000	19.220714288433999
0.779000000000000	15.829144910811999	18.291938026057000
0.780000000000000	15.847712095116000	16.401144323040999
0.781000000000000	15.863017780330001	13.878776921942000
0.782000000000000	15.874641434141999	11.174349958646999
0.783000000000000	15.883385271533999	8.635659479231000
0.784000000000000	15.890332374299000	6.361533001597000
0.785000000000000	15.896296112804000	4.261351921500000
0.786000000000000	15.900920491127000	2.280453247882000
0.787000000000000	15.902697826906000	0.587982304029000
0.788000000000000	15.901385534035001	-0.473933067186000
0.789000000000000	15.899178228922000	-0.648175450006000
0.790000000000000	15.898294093546999	0.032260575308000
0.791000000000000	15.899244487174000	1.277880293735000
0.792000000000000	15.901735032683000	2.731391227533000
0.793000000000000	15.905390238792000	4.108915129463000
0.794000000000000	15.909673158458000	5.190133157305000
0.795000000000000	15.914422085802000	5.701038156825000
0.796000000000000	15.920160451907000	5.236783037700000
0.797000000000000	15.926432231578000	3.373853253369000
0.798000000000000	15.930404595073000	-0.055899919828000
0.799000000000000	15.928906696955000	-4.767933974036000
0.800000000000000	15.921157544419000	-10.092084495966001
0.801000000000000	15.907912677613000	-15.219470408934001
0.802000000000000	15.889673598113999	-19.424977992553000
0.803000000000000	15.867542579654000	-22.189695199110002
0.804000000000000	15.843812868658000	-23.246975983409001
0.805000000000000	15.820553059688001	-22.549976023685002
0.806000000000000	15.798819379402000	-20.183209396949000
0.807000000000000	15.779488582467000	-16.324078411767001
0.808000000000000	15.764228221105000	-11.320942983275000
0.809000000000000	15.754962721009999	-5.792711710547000
0.810000000000000	15.752502823995000	-0.579894582794000
0.811000000000000	15.756100854063000	3.512031543002000
0.812000000000000	15.763505251305000	6.054031718101000
0.813000000000000	15.771589984278000	7.191760267163000
0.814000000000000	15.778215922707000	7.522134082917000
0.815000000000000	15.783555625917000	7.681888090766000
0.816000000000000	15.789669413686999	7.932017258180000
0.817000000000000	15.798261834364000	8.072256319116001
0.818000000000000	15.808352841490001	7.755797596715000
0.819000000000000	15.817357569396000	6.914694455331000
0.820000000000000	15.823849958422000	5.926690880701000
0.821000000000000	15.828311627655999	5.426084992761000
0.822000000000000	15.832298234391001	5.954483794376000
0.823000000000000	15.837433033838000	7.687659266211000
0.824000000000000	15.845401824512001	10.351746696583000
0.825000000000000	15.857868280364000	13.355408361634000
0.826000000000000	15.874531364707000	16.093736499693001
0.827000000000000	15.892760365500999	18.230313122973001
0.828000000000000	15.910858000468000	19.706494119702999
0.829000000000000	15.929682701561999	20.475817992549999
0.830000000000000	15.950330545447001	20.284119118715001
0.831000000000000	15.972037759757001	18.782817964366000
0.832000000000000	15.992035803942001	15.893761904253999
0.833000000000000	16.006962634004999	12.061508317565000
0.834000000000000	16.015646278428001	8.122008725425999
0.835000000000000	16.019942539546999	4.879319648282000
0.836000000000000	16.022251695426998	2.736938777961000
0.837000000000000	16.023925759929998	1.630361113539000
0.838000000000000	16.025873153119999	1.231520196513000
0.839000000000000	16.028315829743999	1.244925307971000
0.840000000000000	16.030257627335001	1.603657385855000
0.841000000000000	16.031033380932001	2.417035768927000
0.842000000000000	16.031958005195001	3.683182542875000
0.843000000000000	16.035317358099000	5.014572443945000
0.844000000000000	16.041795887233999	5.661632476478000
0.845000000000000	16.049457879460999	4.854787340600000
0.846000000000000	16.055219293511001	2.201436836483000
0.847000000000000	16.056630910233999	-2.128329268025000
0.848000000000000	16.052317962625001	-7.476855140093000
0.849000000000000	16.041644821784999	-12.926156775078001
0.850000000000000	16.024856555189999	-17.574322526360000
0.851000000000000	16.003627242307999	-20.796248981420000
0.852000000000000	15.980639430050999	-22.395591391290999
0.853000000000000	15.958120739421000	-22.549951874724002
0.854000000000000	15.936798283176000	-21.574892489322000
0.855000000000000	15.916366885262001	-19.695032612578000
0.856000000000000	15.897159584251000	-17.009781569724002
0.857000000000000	15.880837271014000	-13.638504579321999
0.858000000000000	15.868947913691001	-9.846176317378999
0.859000000000000	15.861691483401000	-6.000652687640000
0.860000000000000	15.858283766479000	-2.417419946211000
0.861000000000000	15.857739624604999	0.744608907232000
0.862000000000000	15.859709834817000	3.458646471683000
0.863000000000000	15.864469986199000	5.747277932508000
0.864000000000000	15.871480310086000	7.638618832068000
0.865000000000000	15.879584860735999	9.150984184648999
0.866000000000000	15.888789435373001	10.249231850261999
0.867000000000000	15.899761311143999	10.824222877002001
0.868000000000000	15.912034007967000	10.799854525499001
0.869000000000000	15.923731108509999	10.313979833044000
0.870000000000000	15.933299371436000	9.760824202286001
0.871000000000000	15.941285978409001	9.586830912918000
0.872000000000000	15.949689199099000	10.002308940690000
0.873000000000000	15.960088193018001	10.876322805610000
0.874000000000000	15.972410667628001	11.895021206448000
0.875000000000000	15.985432164023001	12.805383637272000
0.876000000000000	15.998537180810001	13.519982529187001
0.877000000000000	16.011890109814001	14.036917772470000
0.878000000000000	16.025621065132000	14.299561033554999
0.879000000000000	16.039869971102998	14.131548669829000
0.880000000000000	16.054368120924000	13.296495458263999
0.881000000000000	16.067899427598999	11.640010624569999
0.882000000000000	16.079138960138000	9.216805260518001
0.883000000000000	16.087452967240001	6.330899140166000
0.884000000000000	16.092437268765000	3.484005456321000
0.885000000000000	16.093845671305001	1.242985058488000
0.886000000000000	16.092737164812000	0.039481058157000
0.887000000000000	16.091449579507000	-0.010117377930000
0.888000000000000	16.091740140488000	0.872966812988000
0.889000000000000	16.093794725708999	2.286634567472000
0.890000000000000	16.097142280433999	3.839555742989000
0.891000000000000	16.101821761136001	5.239054692212000
0.892000000000000	16.107864787703001	6.278964038063000
0.893000000000000	16.114440669764001	6.795761808874000
0.894000000000000	16.120996297175999	6.624328286068000
0.895000000000000	16.127707945287000	5.592347122839000
0.896000000000000	16.133792554856999	3.611695208304000
0.897000000000000	16.137004837780999	0.810479801721000
0.898000000000000	16.135434412357000	-2.481696808197000
0.899000000000000	16.129451422967001	-5.968496791727000
0.900000000000000	16.121119187247999	-9.621108943572001
0.901000000000000	16.111331471342002	-13.602561591661001
0.902000000000000	16.098419969578998	-17.868483445963999
0.903000000000000	16.079820255535001	-21.806763325378999
0.904000000000000	16.054964888023999	-24.305720935040000
0.905000000000000	16.026734011020999	-24.278005695556001
0.906000000000000	15.999968338392000	-21.285264528902001
0.907000000000000	15.979093737073001	-15.847959279601000
0.908000000000000	15.966898517968000	-9.263788797276000
0.909000000000000	15.963458739567001	-3.055098819231000
0.910000000000000	15.965897169522000	1.639146013969000
0.911000000000000	15.970714466193000	4.395504442407000
0.912000000000000	15.976164575680000	5.442610794502000
0.913000000000000	15.981573218553001	5.365038676609000
0.914000000000000	15.986093059271001	4.808293615377000
0.915000000000000	15.989631153501000	4.280431392998000
0.916000000000000	15.993140692118001	4.054520808715000
0.917000000000000	15.997252544587001	4.187755200674000
0.918000000000000	16.002012524346000	4.639267950777000
0.919000000000000	16.007102278024998	5.382457516303000
0.920000000000000	16.012139568900999	6.399489665099000
0.921000000000000	16.018241478888999	7.577261635814000
0.922000000000000	16.027225517670001	8.685484641963001
0.923000000000000	16.038288061565002	9.560512949225000
0.924000000000000	16.048756524988999	10.319799160398000
0.925000000000000	16.058046410235001	11.306551328252000
0.926000000000000	16.068174842752999	12.762592676942001
0.927000000000000	16.081071095949000	14.554356823978001
0.928000000000000	16.097016740409000	16.200793938878999
0.929000000000000	16.114922044871999	17.133311181408001
0.930000000000000	16.133158570142999	16.956690033752999
0.931000000000000	16.150316935378001	15.567873222473001
0.932000000000000	16.165365079996999	13.146404191340000
0.933000000000000	16.177487993909999	10.094978648493001
0.934000000000000	16.185978320838998	6.962645521435000
0.935000000000000	16.190597610969998	4.319124505877000
0.936000000000000	16.192438171260001	2.571588571161000
0.937000000000000	16.193547545419001	1.814324800084000
0.938000000000000	16.195284162496002	1.831318494165000
0.939000000000000	16.197774424738999	2.254061995950000
0.940000000000000	16.200771404984000	2.748817163879000
0.941000000000000	16.204123859332000	3.120199229094000
0.942000000000000	16.207516007022001	3.311757549814000
0.943000000000000	16.210446735731999	3.326543426051000
0.944000000000000	16.212802904261999	3.096796360905000
0.945000000000000	16.215277011402002	2.385630250967000
0.946000000000000	16.218157977520999	0.846636129024000
0.947000000000000	16.219666388448999	-1.744806818166000
0.948000000000000	16.217112727922000	-5.278361454415000
0.949000000000000	16.209445500320001	-9.322541799165000
0.950000000000000	16.197227835059000	-13.347172898178000
0.951000000000000	16.181254007379000	-16.950048429237999
0.952000000000000	16.162552255082002	-19.924066709887001
0.953000000000000	16.142234742717001	-22.142937900012999
0.954000000000000	16.120255015154999	-23.369580193705001
0.955000000000000	16.096184140346001	-23.181804723862999
0.956000000000000	16.071731023594001	-21.147972139574001
0.957000000000000	16.050384128501999	-17.141910387233999
0.958000000000000	16.034821255444001	-11.536431014371001
0.959000000000000	16.026180713454998	-5.148238349239000
0.960000000000000	16.024851389481999	0.992084408344000
0.961000000000000	16.030242251869002	5.933329840654000
0.962000000000000	16.040057372107999	9.081484966385000
0.963000000000000	16.051479478998999	10.367322730766000
0.964000000000000	16.062534702798001	10.221206502669000
0.965000000000000	16.071732053487001	9.355568352574000
0.966000000000000	16.078869987259999	8.440830440015001
0.967000000000000	16.085792016572999	7.837008670531000
0.968000000000000	16.093838959528998	7.557508259968000
0.969000000000000	16.102140390475000	7.467706470123000
0.970000000000000	16.109686026837000	7.497160256100000
0.971000000000000	16.116953340908999	7.682066570854000
0.972000000000000	16.124756640026000	8.092202076560000
0.973000000000000	16.133253085541000	8.784794990198000
0.974000000000000	16.142418509803999	9.806062815449000
0.975000000000000	16.152263349331001	11.161353061810001
0.976000000000000	16.163100779333998	12.715601669160000
0.977000000000000	16.175955069492002	14.098952520050000
0.978000000000000	16.191304940734000	14.753833100896999
0.979000000000000	16.207760189575001	14.171340052758000
0.980000000000000	16.222979764628999	12.188500942083000
0.981000000000000	16.234893282649001	9.145005150417999
0.982000000000000	16.241967559624999	5.782710345508000
0.983000000000000	16.244237016311001	2.917130128729000
0.984000000000000	16.244140125508000	1.064806481262000
0.985000000000000	16.244463332511000	0.289775170266000
0.986000000000000	16.245663016876001	0.373362147092000
0.987000000000000	16.246715501436000	1.099471941592000
0.988000000000000	16.247664885121001	2.356093115085000
0.989000000000000	16.249784538236000	4.003695422450000
0.990000000000000	16.254222483029000	5.720931077455000
0.991000000000000	16.261369399911000	7.030148734814000
0.992000000000000	16.270457841184001	7.515216597389000
0.993000000000000	16.279290921773001	7.064733855938000
0.994000000000000	16.285652099941998	5.920032345539000
0.995000000000000	16.289390564230001	4.453000714237000
0.996000000000000	16.292017501966999	2.859819768002000
0.997000000000000	16.294264216790001	1.045486165391000
0.998000000000000	16.294933763764000	-1.242705080428000
0.999000000000000	16.292621229565999	-4.218095234738000
1.000000000000000	16.287304461413999	-7.938294447061000
1.001000000000000	16.278682161374999	-12.227865902198999
1.002000000000000	16.265029769207999	-16.609935308644001
1.003000000000000	16.245576692474000	-20.363084994929000
1.004000000000000	16.222105896574998	-22.766805735264001
1.005000000000000	16.197411864803001	-23.379035807238999
1.006000000000000	16.173757727651999	-22.143338454034001
1.007000000000000	16.152563697660000	-19.311289064753002
1.008000000000000	16.134575496993001	-15.325098861077000
1.009000000000000	16.120997019263001	-10.757067284402000
1.010000000000000	16.113333523542000	-6.237671018704000
1.011000000000000	16.110997036318999	-2.273994180237000
1.012000000000000	16.111519490694999	0.952841098481000
1.013000000000000	16.113472260138000	3.596603912732000
1.014000000000000	16.117113624697001	5.911929647870000
1.015000000000000	16.123073378609998	7.970505635964000
1.016000000000000	16.131637982343999	9.543506209396000
1.017000000000000	16.142531786519999	10.218532595975001
1.018000000000000	16.154638614355999	9.687387820429001
1.019000000000000	16.165794145200000	8.056420975986001
1.020000000000000	16.173490236705000	5.972706703925000
1.021000000000000	16.176842324833000	4.409960217219000
1.022000000000000	16.177937422427998	4.185207914336000
1.023000000000000	16.180491649808999	5.527519690774000
1.024000000000000	16.187110264670999	8.015285536148999
1.025000000000000	16.197807615900000	10.890336862345000
1.026000000000000	16.210907512291001	13.447486151669001
1.027000000000000	16.225485872103999	15.214450623016001
1.028000000000000	16.241800308174000	15.934297602653000
1.029000000000000	16.258974599628001	15.549342966994001
1.030000000000000	16.274702004616000	14.243254420384000
1.031000000000000	16.287532765961000	12.398500626075000
1.032000000000000	16.297630077087000	10.392138009266001
1.033000000000000	16.306090141784999	8.375506959281999
1.034000000000000	16.314041847770000	6.257454509832000
1.035000000000000	16.320991218993001	3.941204246272000
1.036000000000000	16.324733886297000	1.600265476309000
1.037000000000000	16.324218347074002	-0.306441348415000
1.038000000000000	16.321180699801001	-1.335193937954000
1.039000000000000	16.318287941881000	-1.396828850469000
1.040000000000000	16.317295766716999	-0.817947592169000
1.041000000000000	16.318473225146999	-0.075087170493000
1.042000000000000	16.320185820854999	0.554456827441000
1.043000000000000	16.320335309849000	1.092766610770000
1.044000000000000	16.319289885276000	1.592259900314000
1.045000000000000	16.319813559637002	1.774232511273000
1.046000000000000	16.323149688173000	1.018246958170000
1.047000000000000	16.326601734377000	-1.197528646528000
1.048000000000000	16.325811828746001	-4.808877461561000
1.049000000000000	16.318403873468998	-9.103619543430000
1.050000000000000	16.305000758885001	-13.136835855508000
1.051000000000000	16.287988063486001	-16.257724276914999
1.052000000000000	16.270002226648000	-18.340930173947999
1.053000000000000	16.252321212089999	-19.588656912097999
1.054000000000000	16.234176183030002	-20.108590478661998
1.055000000000000	16.214376033514998	-19.648251483056001
1.056000000000000	16.193420555275001	-17.739872182243001
1.057000000000000	16.174202762945001	-14.153707001010000
1.058000000000000	16.160830356527001	-9.264030468707000
1.059000000000000	16.155370972874000	-3.983512240737000
1.060000000000000	16.156188808294999	0.693310150396000
1.061000000000000	16.160439593027998	4.153127043456000
1.062000000000000	16.166339617679998	6.302760794545000
1.063000000000000	16.172909682777000	7.385049899111000
1.064000000000000	16.179878615920000	7.700851535333000
1.065000000000000	16.187710237905002	7.461995411664000
1.066000000000000	16.196045133531001	6.854346325554000
1.067000000000000	16.203002294007000	6.178218127343000
1.068000000000000	16.207563529253999	5.823261008376000
1.069000000000000	16.211402823318000	6.019466733603000
1.070000000000000	16.217044275028002	6.617526629928000
1.071000000000000	16.225244542976000	7.179918832923000
1.072000000000000	16.234691234669999	7.350265381461000
1.073000000000000	16.243239542645000	7.182264187912000
1.074000000000000	16.249662295297998	7.139237261313000
1.075000000000000	16.254908768439002	7.756651789514000
1.076000000000000	16.261380218250999	9.233607589130999
1.077000000000000	16.271115835669001	11.264751578524001
1.078000000000000	16.284496201281002	13.217288053326000
1.079000000000000	16.299905961623999	14.480334023545000
1.080000000000000	16.315135214485998	14.700032022664001
1.081000000000000	16.329292594881998	13.764749006635000
1.082000000000000	16.342354060818000	11.670694528232000
1.083000000000000	16.353665433490001	8.491610903664000
1.084000000000000	16.361761077572002	4.509195382582000
1.085000000000000	16.364981204589998	0.347325561671000
1.086000000000000	16.362757967663001	-3.082255051895000
1.087000000000000	16.356525912416998	-4.863771990559000
1.088000000000000	16.349094877237000	-4.449385590971000
1.089000000000000	16.343661880189000	-1.915325493783000
1.090000000000000	16.342807134325000	2.026673718499000
1.091000000000000	16.347645091562001	6.264109157307000
1.092000000000000	16.357536953968001	9.658777993063000
1.093000000000000	16.370278997848999	11.399732472818000
1.094000000000000	16.383233971334001	11.189180641708999
1.095000000000000	16.394197956033000	9.208252351744999
1.096000000000000	16.401614682685000	5.918554586236000
1.097000000000000	16.404855817885998	1.815595270998000
1.098000000000000	16.403876842469000	-2.747131964099000
1.099000000000000	16.398957352379998	-7.578305809912000
1.100000000000000	16.390104980164001	-12.502654922164000
1.101000000000000	16.376187336368002	-17.162113396626001
1.102000000000000	16.356394364429999	-20.966118587170001
1.103000000000000	16.332176746603000	-23.292335303106999
1.104000000000000	16.306701445127999	-23.788807032156999
1.105000000000000	16.282806685949001	-22.515709814181001
1.106000000000000	16.261646094924000	-19.839690392788000
1.107000000000000	16.243545745871000	-16.235571285641001
1.108000000000000	16.229118502525001	-12.175966918123001
1.109000000000000	16.218976850160999	-8.121781969197000
1.110000000000000	16.213384695982999	-4.501188804647000
1.111000000000000	16.211708619243002	-1.606818997890000
1.112000000000000	16.212131737970001	0.519322862950000
1.113000000000000	16.213075847772000	2.068376319208000
1.114000000000000	16.214719075807999	3.279220560875000
1.115000000000000	16.218169061371999	4.246868851426000
1.116000000000000	16.223386114021999	4.908420228206000
1.117000000000000	16.229100678702000	5.187597724096000
1.118000000000000	16.234584065718000	5.130574567424000
1.119000000000000	16.240120251815000	4.952291545444000
1.120000000000000	16.245621810660001	5.033070247988000
1.121000000000000	16.250157558108999	5.842900328334000
1.122000000000000	16.254065508458002	7.694424409937000
1.123000000000000	16.260590453056999	10.410059536559000
1.124000000000000	16.273245322367000	13.257212709859999
1.125000000000000	16.291227420157998	15.370127363909999
1.126000000000000	16.309565125567001	16.333511040849000
1.127000000000000	16.325020943754001	16.342350608377998
1.128000000000000	16.339086621463998	15.811989459726000
1.129000000000000	16.354032570950999	14.926798964297999
1.130000000000000	16.369484748453001	13.591124573773000
1.131000000000000	16.383446137069999	11.708295361827000
1.132000000000000	16.394238787269000	9.398379382997000
1.133000000000000	16.401579580855000	6.945649410426000
1.134000000000000	16.406653299281000	4.602927187352000
1.135000000000000	16.410531598792002	2.499906263369000
1.136000000000000	16.412823723993998	0.734399997933000
1.137000000000000	16.412816737791999	-0.509522491384000
1.138000000000000	16.411028042314001	-0.994600662956000
1.139000000000000	16.408936627559001	-0.600886088349000
1.140000000000000	16.408065855796998	0.529875974573000
1.141000000000000	16.409374741063001	2.001827681056000
1.142000000000000	16.412776883490000	3.313030565942000
1.143000000000000	16.417199926517998	4.028557113737000
1.144000000000000	16.421494180958000	3.864702519057000
1.145000000000000	16.425193849363001	2.679283079529000
1.146000000000000	16.427847951438000	0.467323696096000
1.147000000000000	16.427887970425001	-2.584893229801000
1.148000000000000	16.423517024397999	-6.080907192892000
1.149000000000000	16.414674702526000	-9.535913653912999
1.150000000000000	16.402774977941000	-12.569750362020001
1.151000000000000	16.388893169071999	-14.993356417168000
1.152000000000000	16.373191139917001	-16.736313164670999
1.153000000000000	16.355737410069999	-17.739738928999000
1.154000000000000	16.337326312098000	-17.935613357291000
1.155000000000000	16.319280699465999	-17.295270589169998
1.156000000000000	16.302516443902999	-15.860226559917001
1.157000000000000	16.287462972255000	-13.729041665117000
1.158000000000000	16.274847919608000	-11.035719372041999
1.159000000000000	16.265395061829999	-7.935521257125000
1.160000000000000	16.259103659207000	-4.593002242104000
1.161000000000000	16.255863421922999	-1.192354062787000
1.162000000000000	16.255938909400999	2.019027186130000
1.163000000000000	16.259440666561002	4.705993328899000
1.164000000000000	16.265988100727998	6.512453800613000
1.165000000000000	16.274442938358000	7.222908106629000
1.166000000000000	16.282766981656000	6.919057625459000
1.167000000000000	16.289185529362001	5.990415648471000
1.168000000000000	16.293637328218999	4.954828618678000
1.169000000000000	16.297245539934998	4.215212665672000
1.170000000000000	16.300824230959002	3.929122043070000
1.171000000000000	16.304743488336001	4.044837508982000
1.172000000000000	16.309292759440002	4.429857969163000
1.173000000000000	16.314498556760000	5.003228087711000
1.174000000000000	16.320324641959001	5.821325921381000
1.175000000000000	16.326689681687999	7.077405738840000
1.176000000000000	16.333312941742999	8.966796886973000
1.177000000000000	16.341170314170000	11.429454906248999
1.178000000000000	16.352978859139998	13.953941943104001
1.179000000000000	16.369947104651001	15.713037411682000
1.180000000000000	16.389364414824001	16.046638869704001
1.181000000000000	16.406815509506998	14.906992783402000
1.182000000000000	16.419876766977001	12.848191336159999
1.183000000000000	16.429344384256002	10.572977818472999
1.184000000000000	16.437541113150999	8.465755153061000
1.185000000000000	16.445729419279999	6.508780717520000
1.186000000000000	16.452875720540000	4.575109045409000
1.187000000000000	16.457096353430000	2.746687686099000
1.188000000000000	16.458269035937999	1.350284884409000
1.189000000000000	16.458100841352000	0.738968256310000
1.190000000000000	16.458088225960001	1.064778891573000
1.191000000000000	16.458864075426000	2.187744928006000
1.192000000000000	16.460999268727999	3.681253861472000
1.193000000000000	16.465284019652000	4.889604831077000
1.194000000000000	16.471814210575999	5.090920721910000
1.195000000000000	16.478816413943999	3.784898490456000
1.196000000000000	16.483035770482001	0.953151625091000
1.197000000000000	16.482034631792001	-2.929651045039000
1.198000000000000	16.475709512731001	-7.174781843657000
1.199000000000000	16.465145809262001	-11.239328472151000
1.200000000000000	16.451422452974999	-14.909601759016001
1.201000000000000	16.435556575243002	-18.206250538142999
1.202000000000000	16.417491973101999	-21.099295255744000
1.203000000000000	16.395943540975999	-23.261195790755000
1.204000000000000	16.370841876581999	-24.093519683438998
1.205000000000000	16.344643554664000	-23.050850498635000
1.206000000000000	16.320819031744001	-20.016980169336001
1.207000000000000	16.301964324850999	-15.458237551098000
1.208000000000000	16.289177960385000	-10.286606523583000
1.209000000000000	16.282687270998998	-5.536163541356000
1.210000000000000	16.281833817403999	-1.967728733941000
1.211000000000000	16.283845803750999	0.269604780276000
1.212000000000000	16.284955699602001	1.692132756657000
1.213000000000000	16.284281799546001	3.082330662279000
1.214000000000000	16.284977328629999	4.850132826658000
1.215000000000000	16.290498424555999	6.695010902580000
1.216000000000000	16.300546748757000	7.892394325115000
1.217000000000000	16.311475539884000	7.932265968268000
1.218000000000000	16.320105443839999	6.937283436579000
1.219000000000000	16.325678231613001	5.572356401119000
1.220000000000000	16.328957263763002	4.619281653895000
1.221000000000000	16.331663950347998	4.566191359080000
1.222000000000000	16.335950683196000	5.448529263453000
1.223000000000000	16.342633571092001	6.972074181731000
1.224000000000000	16.350911572706998	8.755307916180000
1.225000000000000	16.360345540337001	10.474368533527000
1.226000000000000	16.371495742667999	11.859461036024999
1.227000000000000	16.384575531090000	12.681789758838001
1.228000000000000	16.398517185248998	12.831692669849000
1.229000000000000	16.411494120497998	12.395777299156000
1.230000000000000	16.422635198173001	11.585710018106001
1.231000000000000	16.432864361387001	10.551171358090000
1.232000000000000	16.443259869858000	9.290726790039001
1.233000000000000	16.453303450503000	7.792670053715000
1.234000000000000	16.461322947538999	6.261355009066000
1.235000000000000	16.466066152307000	5.141587983646000
1.236000000000000	16.468397017758999	4.830686070632000
1.237000000000000	16.471490315107001	5.307523314454000
1.238000000000000	16.477721218833000	6.050222980191000
1.239000000000000	16.486018283532001	6.354201117607000
1.240000000000000	16.493752211335000	5.766027377948000
1.241000000000000	16.499536545293999	4.286483042024000
1.242000000000000	16.502993341046999	2.284754693913000
1.243000000000000	16.503782371033001	0.282714456163000
1.244000000000000	16.502004010046999	-1.271875236322000
1.245000000000000	16.498709195823000	-2.205818145819000
1.246000000000000	16.495318566816000	-2.734781320524000
1.247000000000000	16.492404983854001	-3.414341617100000
1.248000000000000	16.489478901475000	-4.920318431256000
1.249000000000000	16.485454417840000	-7.730433495497000
1.250000000000000	16.478258995680999	-11.821324068057001
1.251000000000000	16.465168783647002	-16.538260095889999
1.252000000000000	16.445145632001001	-20.777949881072999
1.253000000000000	16.420272190150001	-23.438670236840998
1.254000000000000	16.394055451054001	-23.871780768244999
1.255000000000000	16.369338610218001	-22.078964464908001
1.256000000000000	16.348405162576999	-18.610636260629001
1.257000000000000	16.332758261428999	-14.278538850837000
1.258000000000000	16.321942286447001	-9.836590784450999
1.259000000000000	16.314728430500999	-5.784058542585000
1.260000000000000	16.310890069549000	-2.359182718730000
1.261000000000000	16.310313236100001	0.364894326754000
1.262000000000000	16.312081329719000	2.409120319568000
1.263000000000000	16.315417500148001	3.865898267976000
1.264000000000000	16.319987284875999	4.882819084265000
1.265000000000000	16.325112988187001	5.625786709992000
1.266000000000000	16.330359418952000	6.210855983422000
1.267000000000000	16.336433537541001	6.636706877953000
1.268000000000000	16.343867551877999	6.808960753028000
1.269000000000000	16.351733528823001	6.686895960803000
1.270000000000000	16.358755922216002	6.427579449049000
1.271000000000000	16.364698034368999	6.376449343296000
1.272000000000000	16.370352285446000	6.906373557808000
1.273000000000000	16.376972939870001	8.237423585567001
1.274000000000000	16.385529816624000	10.341511766509001
1.275000000000000	16.396391675762999	12.925872048424001
1.276000000000000	16.409988630242999	15.448226430598000
1.277000000000000	16.426865182968001	17.188380286350998
1.278000000000000	16.446288787254002	17.451116200641000
1.279000000000000	16.465480380479001	15.867164554000000
1.280000000000000	16.481244117666002	12.604999329509001
1.281000000000000	16.492024294768999	8.338349442256000
1.282000000000000	16.497606024294999	4.005586064419000
1.283000000000000	16.498233109729998	0.498753674843000
1.284000000000000	16.495374572159001	-1.618204451115000
1.285000000000000	16.491948144428001	-2.268911777918000
1.286000000000000	16.490246439290999	-1.790116678997000
1.287000000000000	16.490114906601001	-0.647463173015000
1.288000000000000	16.490437899082998	0.826857522870000
1.289000000000000	16.491612472119002	2.473313165918000
1.290000000000000	16.494745655102999	4.180960242847000
1.291000000000000	16.499728813396999	5.785075256202000
1.292000000000000	16.505892463405001	7.040587514384000
1.293000000000000	16.513149094835001	7.622337232816000
1.294000000000000	16.521423590750000	7.172280671172000
1.295000000000000	16.529575765796999	5.450967212662000
1.296000000000000	16.534997447950001	2.518026099932000
1.297000000000000	16.535288327191999	-1.253767103569000
1.298000000000000	16.530624078483001	-5.399002761794000
1.299000000000000	16.522664190591001	-9.607558834950000
1.300000000000000	16.511891852994999	-13.736560953358000
1.301000000000000	16.497391017072999	-17.594393165323002
1.302000000000000	16.478143302545998	-20.770206142302001
1.303000000000000	16.454627693119001	-22.730176708706999
1.304000000000000	16.429659198930000	-23.104468126509001
1.305000000000000	16.406543662644001	-21.874979893685001
1.306000000000000	16.386376108362999	-19.293791828524999
1.307000000000000	16.368667405195001	-15.685803612971000
1.308000000000000	16.353955380647999	-11.399342605737999
1.309000000000000	16.343898109575001	-6.922494100384000
1.310000000000000	16.339600640644001	-2.925305568591000
1.311000000000000	16.340585625273000	-0.041342213197000
1.312000000000000	16.344324772956000	1.514062614439000
1.313000000000000	16.347206763730998	2.161212010655000
1.314000000000000	16.347525229096000	2.731380440517000
1.315000000000000	16.347282423963001	3.879324931101000
1.316000000000000	16.350018661930001	5.579575875926000
1.317000000000000	16.357357019556002	7.130444968608000
1.318000000000000	16.367842763934998	7.667005348004000
1.319000000000000	16.378107683926000	6.781519467034000
1.320000000000000	16.385173485403001	4.818373007785000
1.321000000000000	16.388219955775000	2.706013623161000
1.322000000000000	16.388383639240999	1.507843277461000
1.323000000000000	16.387686377925998	1.972063069525000
1.324000000000000	16.388412430955000	4.247743472290000
1.325000000000000	16.392708183880998	7.804002095221000
1.326000000000000	16.402465492063001	11.572025499384999
1.327000000000000	16.418343087646999	14.350170507231001
1.328000000000000	16.437531274722001	15.382303050981999
1.329000000000000	16.454653753066999	14.754799799385999
1.330000000000000	16.466826527656998	13.232437834627000
1.331000000000000	16.475961292579001	11.604449147701001
1.332000000000000	16.485391529379001	10.108634888114000
1.333000000000000	16.496129152226999	8.431889896624000
1.334000000000000	16.506322370850000	6.220521672776000
1.335000000000000	16.513027973680000	3.595756012985000
1.336000000000000	16.514775007558999	1.236607968227000
1.337000000000000	16.512889030501000	0.002568557070000
1.338000000000000	16.510452596495000	0.421573985601000
1.339000000000000	16.510228172923998	2.397542939118000
1.340000000000000	16.513628415904002	5.254131369506000
1.341000000000000	16.520932950454998	8.001544755597999
1.342000000000000	16.531393231296001	9.666396531146001
1.343000000000000	16.543356247803001	9.594244249052000
1.344000000000000	16.554441060527999	7.673030700062000
1.345000000000000	16.561622631353998	4.387617784960000
1.346000000000000	16.562837800172002	0.599373547396000
1.347000000000000	16.558928976748000	-2.912630904860000
1.348000000000000	16.552614435629000	-5.873949174134000
1.349000000000000	16.545650719185002	-8.578952594798000
1.350000000000000	16.537619246117998	-11.542781771412001
1.351000000000000	16.526613096369001	-15.013896692689000
1.352000000000000	16.510647773009001	-18.703370622316999
1.353000000000000	16.489310231891999	-21.896178102907001
1.354000000000000	16.464427208798998	-23.822725472620000
1.355000000000000	16.438922375777999	-24.000811431667000
1.356000000000000	16.415102083716000	-22.336390350932000
1.357000000000000	16.394015433423998	-19.017443180811998
1.358000000000000	16.376388857443001	-14.401379581365999
1.359000000000000	16.363577804302000	-9.020837867042999
1.360000000000000	16.356955185248999	-3.626396821634000
1.361000000000000	16.356911806010000	0.909182420892000
1.362000000000000	16.362051882086000	3.880988925207000
1.363000000000000	16.368903679885999	5.069047437472000
1.364000000000000	16.374113589787999	4.812049195784000
1.365000000000000	16.377223069698999	3.752427748637000
1.366000000000000	16.379818934159001	2.496415916911000
1.367000000000000	16.382371513365001	1.496631096215000
1.368000000000000	16.383779449264999	1.150399816894000
1.369000000000000	16.383872321618998	1.835046216077000
1.370000000000000	16.384395081070000	3.724697785346000
1.371000000000000	16.387776936310999	6.548054144567000
1.372000000000000	16.395976911936000	9.566754160693000
1.373000000000000	16.409240520122001	11.898841818137999
1.374000000000000	16.425086515080999	13.029747952718999
1.375000000000000	16.439574981399002	13.134858252531000
1.376000000000000	16.450733483834000	12.904732223503000
1.377000000000000	16.460577313110999	12.971889035901000
1.378000000000000	16.472506660225001	13.427409262551000
1.379000000000000	16.487106277300001	13.822846314243000
1.380000000000000	16.502419145463001	13.565769559071001
1.381000000000000	16.516896610928999	12.322096858238000
1.382000000000000	16.529328119993000	10.182858015351000
1.383000000000000	16.538108507033002	7.590451110197000
1.384000000000000	16.543231118202002	5.109159571486000
1.385000000000000	16.546563556525999	3.183839324769000
1.386000000000000	16.548949727235001	2.037245279556000
1.387000000000000	16.550002825629999	1.691089753451000
1.388000000000000	16.550735560715001	1.979474784908000
1.389000000000000	16.553248644939000	2.567336246821000
1.390000000000000	16.557722540452001	3.105057131768000
1.391000000000000	16.562164474669000	3.465723157664000
1.392000000000000	16.565291674752999	3.809353020903000
1.393000000000000	16.567655192109001	4.351960772752000
1.394000000000000	16.570563653114000	5.020201323454000
1.395000000000000	16.575384214181000	5.291984672201000
1.396000000000000	16.582336222851001	4.396977134186000
1.397000000000000	16.588943535308999	1.792576242827000
1.398000000000000	16.590940560695000	-2.418470764074000
1.399000000000000	16.585518922321000	-7.478397052470000
1.400000000000000	16.573280586277999	-12.400861154328000
1.401000000000000	16.556817276057000	-16.483988374843001
1.402000000000000	16.538310454537999	-19.516899698184002
1.403000000000000	16.518630442783000	-21.589758791644002
1.404000000000000	16.497557350577001	-22.737444643564000
1.405000000000000	16.474776204505002	-22.731389978433000
1.406000000000000	16.451109372716001	-21.184755905770000
1.407000000000000	16.428952507725999	-17.889801393237001
1.408000000000000	16.411572104790999	-13.124414587453000
1.409000000000000	16.401254772685999	-7.675520009710000
1.410000000000000	16.397934714474999	-2.536255214250000
1.411000000000000	16.399722495570000	1.521681848149000
1.412000000000000	16.404111257457000	4.219756851962000
1.413000000000000	16.409120236311001	5.736945079721000
1.414000000000000	16.414314777144000	6.437285632963000
1.415000000000000	16.420316114458000	6.590678918473000
1.416000000000000	16.427205199568000	6.292314832693000
1.417000000000000	16.434040405912000	5.588199069558000
1.418000000000000	16.439550658634001	4.629308564804000
1.419000000000000	16.443170735574999	3.685037552048000
1.420000000000000	16.445789658001999	3.025231679788000
1.421000000000000	16.448736061340000	2.829136973653000
1.422000000000000	16.452145223506999	3.222951592607000
1.423000000000000	16.455638707614000	4.356169497853000
1.424000000000000	16.459814486254000	6.360667850576000
1.425000000000000	16.466054049448999	9.178591964475000
1.426000000000000	16.475687775933000	12.397401188228001
1.427000000000000	16.489468459126002	15.240496146683000
1.428000000000000	16.507230423056001	16.783106020672999
1.429000000000000	16.527252470465999	16.357786750624999
1.430000000000000	16.545653873174000	13.962745348573000
1.431000000000000	16.558350030023998	10.369953458883000
1.432000000000000	16.564501232700000	6.761110061498000
1.433000000000000	16.566707971304002	4.096217193828000
1.434000000000000	16.568266248048001	2.669709840866000
1.435000000000000	16.570971101392999	2.144847975942000
1.436000000000000	16.574604649666998	1.962343091282000
1.437000000000000	16.577919684990000	1.777630932819000
1.438000000000000	16.579980832627999	1.640664575822000
1.439000000000000	16.580764737289002	1.857387234139000
1.440000000000000	16.581205644261001	2.666754666540000
1.441000000000000	16.582916143079999	3.949092432677000
1.442000000000000	16.587507695005002	5.167488961959000
1.443000000000000	16.595165942613001	5.632382125823000
1.444000000000000	16.603484296026998	4.955875313014000
1.445000000000000	16.608860276279000	3.349130833692000
1.446000000000000	16.609474789558998	1.461843634427000
1.447000000000000	16.606849050954001	-0.166885824337000
1.448000000000000	16.604283946380999	-1.595255642691000
1.449000000000000	16.603131327697000	-3.467304999001000
1.450000000000000	16.601367080496999	-6.498573832497000
1.451000000000000	16.595770306997000	-10.865585091547000
1.452000000000000	16.583820848437000	-15.928392673308000
1.453000000000000	16.564264747643001	-20.448247368449000
1.454000000000000	16.538583485488999	-23.175258163079000
1.455000000000000	16.511701287785002	-23.455533699882000
1.456000000000000	16.488471812575000	-21.445170285717001
1.457000000000000	16.469979285405000	-17.809506737966000
1.458000000000000	16.455129042226002	-13.245416036060000
1.459000000000000	16.443822287016999	-8.265427226798000
1.460000000000000	16.437136193945001	-3.317957554876000
1.461000000000000	16.435976022428001	1.035375782521000
1.462000000000000	16.439995510745000	4.150872283336000
1.463000000000000	16.447219075989999	5.554774730590000
1.464000000000000	16.454743318845001	5.221501202615000
1.465000000000000	16.459993765453000	3.660030799213000
1.466000000000000	16.461860604041000	1.726747695794000
1.467000000000000	16.461048811897999	0.265962021211000
1.468000000000000	16.459255282240999	-0.219147464850000
1.469000000000000	16.458265311192001	0.302498466851000
1.470000000000000	16.459437495681001	1.506061888963000
1.471000000000000	16.463019535806001	2.998116761718000
1.472000000000000	16.467937785857998	4.597614778781000
1.473000000000000	16.473067460164000	6.409262097226000
1.474000000000000	16.479032807907998	8.629149750578000
1.475000000000000	16.487782985079001	11.258335486009001
1.476000000000000	16.500273212743000	13.976978888341000
1.477000000000000	16.516022425437001	16.255822586659001
1.478000000000000	16.534150912619001	17.583652721204000
1.479000000000000	16.553128996950001	17.660626501947998
1.480000000000000	16.570856364379001	16.469324370195000
1.481000000000000	16.586131664421000	14.205556612785999
1.482000000000000	16.598937630289001	11.152435171279000
1.483000000000000	16.609001134776999	7.629074993467000
1.484000000000000	16.615206434926002	4.031401433732000
1.485000000000000	16.617140602755001	0.847354961114000
1.486000000000000	16.616091011247001	-1.421981076352000
1.487000000000000	16.613539649983998	-2.370845296516000
1.488000000000000	16.610162621236000	-1.779631211359000
1.489000000000000	16.607282059184001	0.267623700323000
1.490000000000000	16.607736231185999	3.271658913101000
1.491000000000000	16.613571145061002	6.391047059810000
1.492000000000000	16.623436513402002	8.767540703436000
1.493000000000000	16.634134777246000	9.868032027869999
1.494000000000000	16.643990561847001	9.556229067106999
1.495000000000000	16.652681871843001	7.908218673040000
1.496000000000000	16.659413430735999	5.021678183346000
1.497000000000000	16.663148420468001	0.986832172216000
1.498000000000000	16.662892634449999	-4.002651392132000
1.499000000000000	16.657140586400999	-9.519436291071001
1.500000000000000	16.644549448292000	-14.895969099835000
1.501000000000000	16.625686750749001	-19.407894736463000
1.502000000000000	16.603334739326002	-22.521343785856999
1.503000000000000	16.579927495640000	-23.983150516496998
1.504000000000000	16.555733969293001	-23.727675721653000
1.505000000000000	16.531304426304001	-21.814598188506000
1.506000000000000	16.509648156480001	-18.510568774881001
1.507000000000000	16.493525279576001	-14.333116417746000
1.508000000000000	16.482640312703001	-9.889147404699999
1.509000000000000	16.475381344428001	-5.650578648463000
1.510000000000000	16.471326670107999	-1.905182892955000
1.511000000000000	16.470926503175999	1.133287378707000
1.512000000000000	16.474074657226002	3.271734413852000
1.513000000000000	16.479507822346001	4.447434416700000
1.514000000000000	16.485131028518001	4.870374289139000
1.515000000000000	16.489289904349999	4.984140125101000
1.516000000000000	16.492344524088001	5.191854845354000
1.517000000000000	16.496467639532000	5.561584611807000
1.518000000000000	16.503223567645001	5.818644694049000
1.519000000000000	16.511398971378000	5.683432700615000
1.520000000000000	16.518057456986998	5.240950411013000
1.521000000000000	16.522105725381000	4.967995991370000
1.522000000000000	16.525247719033000	5.395672865475000
1.523000000000000	16.529788577859001	6.734405967635000
1.524000000000000	16.537158782605999	8.758110945066999
1.525000000000000	16.547417815620999	10.952891797255001
1.526000000000000	16.559714027070999	12.738191153003999
1.527000000000000	16.573532251361001	13.617022312212001
1.528000000000000	16.588406501253001	13.276828798305999
1.529000000000000	16.602723580808998	11.710076575286999
1.530000000000000	16.614149151029000	9.298443309755999
1.531000000000000	16.621410184203000	6.718920596852000
1.532000000000000	16.625319299430998	4.654843048426000
1.533000000000000	16.627840933516001	3.492035544725000
1.534000000000000	16.630529925699999	3.205736142852000
1.535000000000000	16.634183656927998	3.482399722414000
1.536000000000000	16.638690089000001	3.951159376992000
1.537000000000000	16.643024373382001	4.346070284543000
1.538000000000000	16.647044387287998	4.511517101403000
1.539000000000000	16.652035277060001	4.352401734453000
1.540000000000000	16.657801243361000	3.893075808479000
1.541000000000000	16.661820852051001	3.385120775635000
1.542000000000000	16.663141822197002	3.209795735261000
1.543000000000000	16.664320793207999	3.544817543354000
1.544000000000000	16.667872212730000	4.128248356941000
1.545000000000000	16.673468392286999	4.389403238344000
1.546000000000000	16.679221759617999	3.811422969866000
1.547000000000000	16.683199106191001	2.191223077255000
1.548000000000000	16.684080902683998	-0.366573605927000
1.549000000000000	16.681781853865999	-3.623022981721000
1.550000000000000	16.676641141217001	-7.338092910120000
1.551000000000000	16.668059059653000	-11.255120874878999
1.552000000000000	16.655092877360001	-15.020392980943001
1.553000000000000	16.637807883004001	-18.194095679762000
1.554000000000000	16.617162085168001	-20.398051491000999
1.555000000000000	16.594626733502000	-21.508904994567001
1.556000000000000	16.572079968049000	-21.762704763338999
1.557000000000000	16.550798135794999	-21.675465360722001
1.558000000000000	16.530624300256001	-21.787088857160999
1.559000000000000	16.510160132951000	-22.372540583927002
1.560000000000000	16.487602907376001	-23.328999780749999
1.561000000000000	16.462460055802001	-24.343806997476001
1.562000000000000	16.436180048349001	-25.218351994237999
1.563000000000000	16.410103531518001	-26.080115001825000
1.564000000000000	16.384015052346001	-27.327104804672000
1.565000000000000	16.356952348366999	-29.382670698473000
1.566000000000000	16.327618291398000	-32.436510899654003
1.567000000000000	16.294542330864001	-36.287242918312998
1.568000000000000	16.256802588027000	-40.329706344751003
1.569000000000000	16.213955448488999	-43.708516842586000
1.570000000000000	16.166687586755000	-45.636301510039999
1.571000000000000	16.118006025018001	-45.773060407738001
1.572000000000000	16.071576463473999	-44.433426205027999
1.573000000000000	16.028899627865002	-42.441009164644001
1.574000000000000	15.989022770078000	-40.721853303601002
1.575000000000000	15.950179751366001	-39.929842633410999
1.576000000000000	15.910971795289001	-40.307168057604997
1.577000000000000	15.870421080242000	-41.755782973598002
1.578000000000000	15.827653212006000	-43.988656574628003
1.579000000000000	15.781960387911999	-46.675148243141997
1.580000000000000	15.733396519641000	-49.549443433655000
1.581000000000000	15.682483642345000	-52.446311134584001
1.582000000000000	15.629007859941000	-55.247589635966001
1.583000000000000	15.572517809764999	-57.800417088247997
1.584000000000000	15.513507899888999	-59.889615349906002
1.585000000000000	15.452592864289000	-61.280282185818002
1.586000000000000	15.389908922504000	-61.815782342199000
1.587000000000000	15.326686334876999	-61.550736909546998
1.588000000000000	15.265425852596000	-60.807370198946003
1.589000000000000	15.206767206598000	-60.015126473206003
1.590000000000000	15.148314487432000	-59.425130509336000
1.591000000000000	15.088382294731000	-59.007690230115003
1.592000000000000	15.028378901611999	-58.643421914630999
1.593000000000000	14.969912916953000	-58.347832688779000
1.594000000000000	14.912175704336001	-58.285050976143999
1.595000000000000	14.853587497041000	-58.662675923678997
1.596000000000000	14.794029123222000	-59.703957578697000
1.597000000000000	14.733935258941999	-61.666152303225999
1.598000000000000	14.672362553717999	-64.747273286595004
1.599000000000000	14.607105680331999	-68.895452550748004
1.600000000000000	14.536053436485000	-73.724114204323996
1.601000000000000	14.458563378674000	-78.671716755172994
1.602000000000000	14.376110216760001	-83.295280480765996
1.603000000000000	14.290694672536000	-87.427250743290003
1.604000000000000	14.202444978178001	-91.057774480353999
1.605000000000000	14.110149005926001	-94.110142903113996
1.606000000000000	14.013963265413000	-96.380166587266004
1.607000000000000	13.915911686667000	-97.674595037887002
1.608000000000000	13.817731481868000	-97.948564643167998
1.609000000000000	13.719805630458000	-97.317794253719995
1.610000000000000	13.622326905782000	-96.032704166258000
1.611000000000000	13.526113893586000	-94.518159291046004
1.612000000000000	13.431930275600999	-93.424982288950005
1.613000000000000	13.339357574763000	-93.565766360308999
1.614000000000000	13.246694007547999	-95.693530502987002
1.615000000000000	13.151743833339999	-100.184621423802990
1.616000000000000	13.051502564284000	-106.741624401834000
1.617000000000000	12.942071454852000	-114.304160765391000
1.618000000000000	12.821692205346000	-121.362259665404000
1.619000000000000	12.693397150836001	-126.611794524308000
1.620000000000000	12.562305263134000	-129.538706796293010
1.621000000000000	12.431366382062000	-130.534935694464000
1.622000000000000	12.301291961243001	-130.557603531913000
1.623000000000000	12.172348603765000	-130.630313896204000
1.624000000000000	12.043868138560001	-131.420024391540010
1.625000000000000	11.913330857643000	-133.009851603707010
1.626000000000000	11.778610278315000	-134.983466212716990
1.627000000000000	11.640587433006999	-136.811108669129990
1.628000000000000	11.501628916062000	-138.264100220170010
1.629000000000000	11.362780460995999	-139.537999065121000
1.630000000000000	11.223638827572000	-141.037747754070010
1.631000000000000	11.083205469610000	-143.039242148641990
1.632000000000000	10.940020066073000	-145.467326704079000
1.633000000000000	10.792935715419000	-147.916762383800010
1.634000000000000	10.642545808491001	-149.889642213411010
1.635000000000000	10.490932711656001	-151.067287681863010
1.636000000000000	10.339443983107000	-151.416569438307990
1.637000000000000	10.187968393490999	-151.113547275500000
1.638000000000000	10.037055045082999	-150.415032826849990
1.639000000000000	9.888093194694999	-149.529645960067000
1.640000000000000	9.740561587763001	-148.461548742801990
1.641000000000000	9.592596702983000	-146.936386748139000
1.642000000000000	9.444597906239000	-144.588493808265010
1.643000000000000	9.299437268250999	-141.329901035885000
1.644000000000000	9.159539611395999	-137.559936731374990
1.645000000000000	9.025082500704000	-134.004078260559990
1.646000000000000	8.894337775931000	-131.327419525911010
1.647000000000000	8.765102702821000	-129.833269610224990
1.648000000000000	8.635916477467999	-129.417100695561000
1.649000000000000	8.506440291381001	-129.705971844398990
1.650000000000000	8.376685287905000	-130.211221554085000
1.651000000000000	8.246026455497001	-130.425765209103990
1.652000000000000	8.114281839867999	-129.942630587184000
1.653000000000000	7.983254379057000	-128.630032231987000
1.654000000000000	7.855268215431000	-126.718752151936000
1.655000000000000	7.730842108217000	-124.644582789218010
1.656000000000000	7.608813084139000	-122.723402906310000
1.657000000000000	7.487568460184000	-120.932311782247000
1.658000000000000	7.366477133878000	-118.991216098531000
1.659000000000000	7.247003635926000	-116.664928542941990
1.660000000000000	7.131123290081000	-114.004626873817000
1.661000000000000	7.018989896936000	-111.330119345186010
1.662000000000000	6.909562271359000	-109.023937934901000
1.663000000000000	6.802145377676000	-107.338143113883010
1.664000000000000	6.696138096880000	-106.308887961760010
1.665000000000000	6.590479082056000	-105.764361544493000
1.666000000000000	6.484304094626000	-105.421670387046010
1.667000000000000	6.377977056540000	-105.055252568878000
1.668000000000000	6.272935819256000	-104.614237064417000
1.669000000000000	6.169783511192000	-104.144980337814000
1.670000000000000	6.067079546118000	-103.571003887882000
1.671000000000000	5.963384346977000	-102.591076689400000
1.672000000000000	5.859734305450000	-100.858663724610000
1.673000000000000	5.758779869775000	-98.277151406192999
1.674000000000000	5.661961237336000	-95.116285952934007
1.675000000000000	5.568837147492000	-91.880372607474001
1.676000000000000	5.478974874598000	-89.091826352658003
1.677000000000000	5.392105146559000	-87.120069157204000
1.678000000000000	5.306793131792000	-86.066153395559994
1.679000000000000	5.221484269296000	-85.721105046622995
1.680000000000000	5.135606543260000	-85.649402731939006
1.681000000000000	5.048847603164000	-85.399395774107006
1.682000000000000	4.961834097037000	-84.763379592571994
1.683000000000000	4.876854210378000	-83.922495687281994
1.684000000000000	4.795145640750000	-83.294565131000994
1.685000000000000	4.714408134477000	-83.135026756564002
1.686000000000000	4.631420457605000	-83.260064011108994
1.687000000000000	4.546441197624000	-83.183981392275996
1.688000000000000	4.462411346154000	-82.491526641735007
1.689000000000000	4.380647759153000	-81.041465000339997
1.690000000000000	4.300357235452000	-78.913956214143994
1.691000000000000	4.221559232493000	-76.342564157320993
1.692000000000000	4.145938946930000	-73.742471011000006
1.693000000000000	4.074484013397000	-71.661266493290995
1.694000000000000	4.005613619463000	-70.529727433817996
1.695000000000000	3.936677924565000	-70.383132183106000
1.696000000000000	3.866134106111000	-70.816130122494997
1.697000000000000	3.793842219031000	-71.226107829309996
1.698000000000000	3.720819495301000	-71.170381804425006
1.699000000000000	3.648754819701000	-70.605028449556997
1.700000000000000	3.578842759090000	-69.861734268234002
1.701000000000000	3.510660421688000	-69.387749373320005
1.702000000000000	3.442594398979000	-69.433016505799998
1.703000000000000	3.373783390732000	-69.875660392624994
1.704000000000000	3.304236488528000	-70.232689261215995
1.705000000000000	3.233463602302000	-69.817802603451995
1.706000000000000	3.161721985143000	-68.048919556097005
1.707000000000000	3.091962851383000	-64.847075567516995
1.708000000000000	3.027989024562000	-60.860835543759997
1.709000000000000	2.970971081025000	-57.238211607832000
1.710000000000000	2.918666948988000	-55.009739178229999
1.711000000000000	2.867074255173000	-54.501096766770999
1.712000000000000	2.812734783013000	-55.198548383908999
1.713000000000000	2.754632851189000	-56.168288369168003
1.714000000000000	2.694699313781000	-56.739122790560003
1.715000000000000	2.636439580679000	-56.945666755182998
1.716000000000000	2.581523626363000	-57.369701494860998
1.717000000000000	2.527434379919000	-58.494421961543999
1.718000000000000	2.469886916456000	-60.137501775540997
1.719000000000000	2.407364105836000	-61.475666159958003
1.720000000000000	2.342517481800000	-61.611751509294002
1.721000000000000	2.279455626345000	-60.150211966218997
1.722000000000000	2.220468417249000	-57.332205114897000
1.723000000000000	2.165542734865000	-53.760716214755000
1.724000000000000	2.114142011128000	-50.058046082369998
1.725000000000000	2.066244892277000	-46.693554702111001
1.726000000000000	2.021501994811000	-43.964542423194999
1.727000000000000	1.978890055296000	-42.028108479076003
1.728000000000000	1.937609015578000	-40.941790848106997
1.729000000000000	1.897204593010000	-40.694042109893999
1.730000000000000	1.857027726312000	-41.188546543530997
1.731000000000000	1.816083602242000	-42.188875994349999
1.732000000000000	1.773232674549000	-43.311453279371001
1.733000000000000	1.728144276811000	-44.154552156721003
1.734000000000000	1.682338971789000	-44.510151497053002
1.735000000000000	1.638008534715000	-44.450380110018003
1.736000000000000	1.595289443076000	-44.152486220107001
1.737000000000000	1.552090531671000	-43.633081426215000
1.738000000000000	1.507488404108000	-42.716329969313001
1.739000000000000	1.463849148546000	-41.279703556427002
1.740000000000000	1.423635402181000	-39.453882264179001
1.741000000000000	1.386112290884000	-37.536666199175997
1.742000000000000	1.349808067358000	-35.771769668867002
1.743000000000000	1.314944405311000	-34.248419054594002
1.744000000000000	1.281516195954000	-32.948158641230002
1.745000000000000	1.248583527090000	-31.847058041402999
1.746000000000000	1.216147488222000	-31.038148357072998
1.747000000000000	1.185278076951000	-30.799270971039999
1.748000000000000	1.156124884449000	-31.456083760986999
1.749000000000000	1.126708273695000	-33.037631332872003
1.750000000000000	1.093956764170000	-35.003533103376000
1.751000000000000	1.056288733674000	-36.380444981319997
1.752000000000000	1.015695936556000	-36.332658288330997
1.753000000000000	0.976925084155000	-34.760443824456999
1.754000000000000	0.943810211185000	-32.400449124219001
1.755000000000000	0.916113989985000	-30.281716267777000
1.756000000000000	0.889972192376000	-28.963421560240000
1.757000000000000	0.861746202298000	-28.192710728489001
1.758000000000000	0.831493950634000	-27.239575509169999
1.759000000000000	0.802227571518000	-25.564342803108001
1.760000000000000	0.776627303758000	-23.244879962363001
1.761000000000000	0.755477832901000	-20.886164274466999
1.762000000000000	0.737672507626000	-19.176514944756001
1.763000000000000	0.720622764676000	-18.465837501839001
1.764000000000000	0.702164778927000	-18.654132368668002
1.765000000000000	0.682238068136000	-19.402283211202001
1.766000000000000	0.661774328767000	-20.419549539114001
1.767000000000000	0.641070092013000	-21.570656211814001
1.768000000000000	0.619692456561000	-22.766867753254001
1.769000000000000	0.596904013304000	-23.805113920261000
1.770000000000000	0.572461931221000	-24.329029750492001
1.771000000000000	0.547088805283000	-23.961200643984000
1.772000000000000	0.522073048113000	-22.527913604220000
1.773000000000000	0.499376283533000	-20.227119502996000
1.774000000000000	0.481044062370000	-17.585917921459000
1.775000000000000	0.466677631622000	-15.180070720109001
1.776000000000000	0.453372357015000	-13.335621028896000
1.777000000000000	0.439693551877000	-12.106286887057999
1.778000000000000	0.427126763659000	-11.505767905200001
1.779000000000000	0.416721247477000	-11.642801021426999
1.780000000000000	0.406710286115000	-12.553807780456999
1.781000000000000	0.394232330622000	-13.964472378877000
1.782000000000000	0.378258459411000	-15.333481636154000
1.783000000000000	0.360159592006000	-16.205268742950000
1.784000000000000	0.342285594214000	-16.551339524368000
1.785000000000000	0.326454739911000	-16.766499742708000
1.786000000000000	0.312229327087000	-17.277659406784998
1.787000000000000	0.296647687339000	-18.076558679476001
1.788000000000000	0.277611758544000	-18.600276128764001
1.789000000000000	0.256653874093000	-18.088431368904001
1.790000000000000	0.236995813389000	-16.113178810398001
1.791000000000000	0.220988314667000	-12.876947856458001
1.792000000000000	0.209973336374000	-9.133757656733000
1.793000000000000	0.204086652256000	-5.846331103588000
1.794000000000000	0.201638475339000	-3.775085854769000
1.795000000000000	0.199889082694000	-3.198833452138000
1.796000000000000	0.196686146719000	-3.903641199288000
1.797000000000000	0.191491680249000	-5.404282508689000
1.798000000000000	0.184878129412000	-7.199563333371000
1.799000000000000	0.176796701440000	-8.892752449595999
1.800000000000000	0.166685776137000	-10.198767130010999
1.801000000000000	0.155302656237000	-10.951303676844001
1.802000000000000	0.144125871027000	-11.114868860622000
1.803000000000000	0.133557902838000	-10.729787929849000
1.804000000000000	0.123292255269000	-9.820748624283000
1.805000000000000	0.113501080599000	-8.388365517077000
1.806000000000000	0.105097712212000	-6.512661865922000
1.807000000000000	0.099187145971000	-4.454040771011000
1.808000000000000	0.096205372204000	-2.623194203517000
1.809000000000000	0.095464186422000	-1.410827098907000
1.810000000000000	0.095394531502000	-0.998812699430000
1.811000000000000	0.094504957072000	-1.299061037338000
1.812000000000000	0.092440491630000	-2.056399248424000
1.813000000000000	0.089617461079000	-3.009589238011000
1.814000000000000	0.085984854566000	-3.986509453352000
1.815000000000000	0.081170640763000	-4.920304279967000
1.816000000000000	0.075545433736000	-5.836218880869000
1.817000000000000	0.069760812906000	-6.802541628277000
1.818000000000000	0.063311209949000	-7.822912841849000
1.819000000000000	0.055186573244000	-8.744154597584000
1.820000000000000	0.045623034319000	-9.284541285611001
1.821000000000000	0.035703745172000	-9.164836293624001
1.822000000000000	0.026287762049000	-8.231569705837000
1.823000000000000	0.018237346156000	-6.511710023654000
1.824000000000000	0.012480145577000	-4.209218647943000
1.825000000000000	0.009506141884000	-1.660782788777000
1.826000000000000	0.009331059086000	0.739048799980000
1.827000000000000	0.011601683834000	2.624740993700000
1.828000000000000	0.015472540386000	3.734940382190000
1.829000000000000	0.019900985334000	3.955525582181000
1.830000000000000	0.024054706582000	3.324928759866000
1.831000000000000	0.027120579826000	2.014855945482000
1.832000000000000	0.028416109173000	0.298876220452000
1.833000000000000	0.027749786808000	-1.490900939098000
1.834000000000000	0.025132819394000	-3.020917503340000
1.835000000000000	0.020946572557000	-4.023414131360000
1.836000000000000	0.016127644803000	-4.357971628346000
1.837000000000000	0.011442714785000	-4.041388529887000
1.838000000000000	0.007497833057000	-3.232155092005000
1.839000000000000	0.004956664022000	-2.171621465044000
1.840000000000000	0.003889890636000	-1.091389000390000
1.841000000000000	0.003732624582000	-0.125404766201000
1.842000000000000	0.003974293920000	0.708697099967000
1.843000000000000	0.004603854293000	1.437459434469000
1.844000000000000	0.006047853693000	2.032922229326000
1.845000000000000	0.008416606576000	2.375885397466000
1.846000000000000	0.011043664706000	2.299436807534000
1.847000000000000	0.013426243214000	1.666931317719000
1.848000000000000	0.015547358234000	0.463765328432000
1.849000000000000	0.016419628369000	-1.100665840638000
1.850000000000000	0.014407552916000	-2.569007446470000
1.851000000000000	0.000000000000000	0.000000000000000
1.852000000000000	0.000000000000000	0.000000000000000
1.853000000000000	0.000000000000000	0.000000000000000
1.854000000000000	0.000000000000000	0.000000000000000
1.855000000000000	0.000000000000000	0.000000000000000
1.856000000000000	0.000000000000000	0.000000000000000
1.857000000000000	0.000000000000000	0.000000000000000
1.858000000000000	0.000000000000000	0.000000000000000
1.859000000000000	0.000000000000000	0.000000000000000
1.860000000000000	0.000000000000000	0.000000000000000
1.861000000000000	0.000000000000000	0.000000000000000
1.862000000000000	0.000000000000000	0.000000000000000
1.863000000000000	0.000000000000000	0.000000000000000
1.864000000000000	0.000000000000000	0.000000000000000
1.865000000000000	0.000000000000000	0.000000000000000
1.866000000000000	0.000000000000000	0.000000000000000
1.867000000000000	0.000000000000000	0.000000000000000
1.868000000000000	0.000000000000000	0.000000000000000
1.869000000000000	0.000000000000000	0.000000000000000
1.870000000000000	0.000000000000000	0.000000000000000
1.871000000000000	0.000000000000000	0.000000000000000
1.872000000000000	0.000000000000000	0.000000000000000
1.873000000000000	0.000000000000000	0.000000000000000
1.874000000000000	0.000000000000000	0.000000000000000
1.875000000000000	0.000000000000000	0.000000000000000
1.876000000000000	0.000000000000000	0.000000000000000
1.877000000000000	0.000000000000000	0.000000000000000
1.878000000000000	0.000000000000000	0.000000000000000
1.879000000000000	0.000000000000000	0.000000000000000
1.880000000000000	0.000000000000000	0.000000000000000
1.881000000000000	0.000000000000000	0.000000000000000
1.882000000000000	0.000000000000000	0.000000000000000
1.883000000000000	0.000000000000000	0.000000000000000
1.884000000000000	0.000000000000000	0.000000000000000
1.885000000000000	0.000000000000000	0.000000000000000
1.886000000000000	0.000000000000000	0.000000000000000
1.887000000000000	0.000000000000000	0.000000000000000
1.888000000000000	0.000000000000000	0.000000000000000
1.889000000000000	0.000000000000000	0.000000000000000
1.890000000000000	0.000000000000000	0.000000000000000
1.891000000000000	0.000000000000000	0.000000000000000
1.892000000000000	0.000000000000000	0.000000000000000
1.893000000000000	0.000000000000000	0.000000000000000
1.894000000000000	0.000000000000000	0.000000000000000
1.895000000000000	0.000000000000000	0.000000000000000
1.896000000000000	0.000000000000000	0.000000000000000
1.897000000000000	0.000000000000000	0.000000000000000
1.898000000000000	0.000000000000000	0.000000000000000
1.899000000000000	0.000000000000000	0.000000000000000
1.900000000000000	0.000000000000000	0.000000000000000
1.901000000000000	0.000000000000000	0.000000000000000
1.902000000000000	0.000000000000000	0.000000000000000
1.903000000000000	0.000000000000000	0.000000000000000
1.904000000000000	0.000000000000000	0.000000000000000
1.905000000000000	0.000000000000000	0.000000000000000
1.906000000000000	0.000000000000000	0.000000000000000
1.907000000000000	0.000000000000000	0.000000000000000
1.908000000000000	0.000000000000000	0.000000000000000
1.909000000000000	0.000000000000000	0.000000000000000
1.910000000000000	0.000000000000000	0.000000000000000
1.911000000000000	0.000000000000000	0.000000000000000
1.912000000000000	0.000000000000000	0.000000000000000
1.913000000000000	0.000000000000000	0.000000000000000
1.914000000000000	0.000000000000000	0.000000000000000
1.915000000000000	0.000000000000000	0.000000000000000
1.916000000000000	0.000000000000000	0.000000000000000
1.917000000000000	0.000000000000000	0.000000000000000
1.918000000000000	0.000000000000000	0.000000000000000
1.919000000000000	0.000000000000000	0.000000000000000
1.920000000000000	0.000000000000000	0.000000000000000
1.921000000000000	0.000000000000000	0.000000000000000
1.922000000000000	0.000000000000000	0.000000000000000
1.923000000000000	0.000000000000000	0.000000000000000
1.924000000000000	0.000000000000000	0.000000000000000
1.925000000000000	0.000000000000000	0.000000000000000
1.926000000000000	0.000000000000000	0.000000000000000
1.927000000000000	0.000000000000000	0.000000000000000
1.928000000000000	0.000000000000000	0.000000000000000
1.929000000000000	0.000000000000000	0.000000000000000
1.930000000000000	0.000000000000000	0.000000000000000
1.931000000000000	0.000000000000000	0.000000000000000
1.932000000000000	0.000000000000000	0.000000000000000
1.933000000000000	0.000000000000000	0.000000000000000
1.934000000000000	0.000000000000000	0.000000000000000
1.935000000000000	0.000000000000000	0.000000000000000
1.936000000000000	0.000000000000000	0.000000000000000
1.937000000000000	0.000000000000000	0.000000000000000
1.938000000000000	0.000000000000000	0.000000000000000
1.939000000000000	0.000000000000000	0.000000000000000
1.940000000000000	0.000000000000000	0.000000000000000
1.941000000000000	0.000000000000000	0.000000000000000
1.942000000000000	0.000000000000000	0.000000000000000
1.943000000000000	0.000000000000000	0.000000000000000
1.944000000000000	0.000000000000000	0.000000000000000
1.945000000000000	0.000000000000000	0.000000000000000
1.946000000000000	0.000000000000000	0.000000000000000
1.947000000000000	0.000000000000000	0.000000000000000
1.948000000000000	0.000000000000000	0.000000000000000
1.949000000000000	0.000000000000000	0.000000000000000
1.950000000000000	0.000000000000000	0.000000000000000
1.951000000000000	0.000000000000000	0.000000000000000
1.952000000000000	0.000000000000000	0.000000000000000
1.953000000000000	0.000000000000000	0.000000000000000
1.954000000000000	0.000000000000000	0.000000000000000
1.955000000000000	0.000000000000000	0.000000000000000
1.956000000000000	0.000000000000000	0.000000000000000
1.957000000000000	0.000000000000000	0.000000000000000
1.958000000000000	0.000000000000000	0.000000000000000
1.959000000000000	0.000000000000000	0.000000000000000
1.960000000000000	0.000000000000000	0.000000000000000
1.961000000000000	0.000000000000000	0.000000000000000
1.962000000000000	0.000000000000000	0.000000000000000
1.963000000000000	0.000000000000000	0.000000000000000
1.964000000000000	0.000000000000000	0.000000000000000
1.965000000000000	0.000000000000000	0.000000000000000
1.966000000000000	0.000000000000000	0.000000000000000
1.967000000000000	0.000000000000000	0.000000000000000
1.968000000000000	0.000000000000000	0.000000000000000
1.969000000000000	0.000000000000000	0.000000000000000
1.970000000000000	0.000000000000000	0.000000000000000
1.971000000000000	0.000000000000000	0.000000000000000
1.972000000000000	0.000000000000000	0.000000000000000
1.973000000000000	0.000000000000000	0.000000000000000
1.974000000000000	0.000000000000000	0.000000000000000
1.975000000000000	0.000000000000000	0.000000000000000
1.976000000000000	0.000000000000000	0.000000000000000
1.977000000000000	0.000000000000000	0.000000000000000
1.978000000000000	0.000000000000000	0.000000000000000
1.979000000000000	0.000000000000000	0.000000000000000
1.980000000000000	0.000000000000000	0.000000000000000
1.981000000000000	0.000000000000000	0.000000000000000
1.982000000000000	0.000000000000000	0.000000000000000
1.983000000000000	0.000000000000000	0.000000000000000
1.984000000000000	0.000000000000000	0.000000000000000
1.985000000000000	0.000000000000000	0.000000000000000
1.986000000000000	0.000000000000000	0.000000000000000
1.987000000000000	0.000000000000000	0.000000000000000
1.988000000000000	0.000000000000000	0.000000000000000
1.989000000000000	0.000000000000000	0.000000000000000
1.990000000000000	0.000000000000000	0.000000000000000
1.991000000000000	0.000000000000000	0.000000000000000
1.992000000000000	0.000000000000000	0.000000000000000
1.993000000000000	0.000000000000000	0.000000000000000
1.994000000000000	0.000000000000000	0.000000000000000
1.995000000000000	0.000000000000000	0.000000000000000
1.996000000000000	0.000000000000000	0.000000000000000
1.997000000000000	0.000000000000000	0.000000000000000
1.998000000000000	0.000000000000000	0.000000000000000
1.999000000000000	0.000000000000000	0.000000000000000
2.000000000000000	0.000000000000000	0.000000000000000