Force (and its time derivative) produced by a submaximally-activated cat soleus
muscle in vivo when held at a fixed length and excited using a constant
stimulation signal with a mean frequency of 30 Hz. Experimental data provided by
T.G. Sandercock [1] was filtered using a Butterworth low-pass filter of cut-off
frequency 120 Hz. Please refer to Millard et al. [2] for details.

References:
    1. Perreault, E.J., Heckman, C.J., and Sandercock, T.G., 2003. "Hill
       muscle model errors during movement are greatest within the
       physiologically relevant range of motor unit firing rates". Journal
       of Biomechanics, 36(2), pp. 211--218.
       http://dx.doi.org/10.1016/S0021-9290(02)00332-9.
    2. Millard, M., Uchida, T., Seth, A., and Delp, S.L., 2013. "Flexing
       computational muscle: Modeling and simulation of musculotendon
       dynamics". ASME Journal of Biomechanical Engineering, 135(2),
       p. 021013 (11 pages). http://dx.doi.org/10.1115/1.4023390.

endheader
time_s	force_N	forcedot
0.000000000000000	0.000000000000000	0.000000000000000
0.001000000000000	0.000000000000000	0.000000000000000
0.002000000000000	0.000000000000000	0.000000000000000
0.003000000000000	0.000000000000000	0.000000000000000
0.004000000000000	0.000000000000000	0.000000000000000
0.005000000000000	0.000000000000000	0.000000000000000
0.006000000000000	0.000000000000000	0.000000000000000
0.007000000000000	0.000000000000000	0.000000000000000
0.008000000000000	0.000000000000000	0.000000000000000
0.009000000000000	0.000000000000000	0.000000000000000
0.010000000000000	0.000000000000000	0.000000000000000
0.011000000000000	0.000000000000000	0.000000000000000
0.012000000000000	0.000000000000000	0.000000000000000
0.013000000000000	0.000000000000000	0.000000000000000
0.014000000000000	0.000000000000000	0.000000000000000
0.015000000000000	0.000000000000000	0.000000000000000
0.016000000000000	0.000000000000000	0.000000000000000
0.017000000000000	0.000000000000000	0.000000000000000
0.018000000000000	0.000000000000000	0.000000000000000
0.019000000000000	0.000000000000000	0.000000000000000
0.020000000000000	0.000000000000000	0.000000000000000
0.021000000000000	0.000000000000000	0.000000000000000
0.022000000000000	0.000000000000000	0.000000000000000
0.023000000000000	0.000000000000000	0.000000000000000
0.024000000000000	0.000000000000000	0.000000000000000
0.025000000000000	0.000000000000000	0.000000000000000
0.026000000000000	0.000000000000000	0.000000000000000
0.027000000000000	0.000000000000000	0.000000000000000
0.028000000000000	0.000000000000000	0.000000000000000
0.029000000000000	0.000000000000000	0.000000000000000
0.030000000000000	0.000000000000000	0.000000000000000
0.031000000000000	0.000000000000000	0.000000000000000
0.032000000000000	0.000000000000000	0.000000000000000
0.033000000000000	0.000000000000000	0.000000000000000
0.034000000000000	0.000000000000000	0.000000000000000
0.035000000000000	0.000000000000000	0.000000000000000
0.036000000000000	0.000000000000000	0.000000000000000
0.037000000000000	0.000000000000000	0.000000000000000
0.038000000000000	0.000000000000000	0.000000000000000
0.039000000000000	0.000000000000000	0.000000000000000
0.040000000000000	0.000000000000000	0.000000000000000
0.041000000000000	0.000000000000000	0.000000000000000
0.042000000000000	0.000000000000000	0.000000000000000
0.043000000000000	0.000000000000000	0.000000000000000
0.044000000000000	0.000000000000000	0.000000000000000
0.045000000000000	0.000000000000000	0.000000000000000
0.046000000000000	0.000000000000000	0.000000000000000
0.047000000000000	0.000000000000000	0.000000000000000
0.048000000000000	0.000000000000000	0.000000000000000
0.049000000000000	0.000000000000000	0.000000000000000
0.050000000000000	0.000000000000000	0.000000000000000
0.051000000000000	0.000000000000000	0.000000000000000
0.052000000000000	0.000000000000000	0.000000000000000
0.053000000000000	0.000000000000000	0.000000000000000
0.054000000000000	0.000000000000000	0.000000000000000
0.055000000000000	0.000000000000000	0.000000000000000
0.056000000000000	0.000000000000000	0.000000000000000
0.057000000000000	0.000000000000000	0.000000000000000
0.058000000000000	0.000000000000000	0.000000000000000
0.059000000000000	0.000000000000000	0.000000000000000
0.060000000000000	0.000000000000000	0.000000000000000
0.061000000000000	0.000000000000000	0.000000000000000
0.062000000000000	0.000000000000000	0.000000000000000
0.063000000000000	0.000000000000000	0.000000000000000
0.064000000000000	0.000000000000000	0.000000000000000
0.065000000000000	0.000000000000000	0.000000000000000
0.066000000000000	0.000000000000000	0.000000000000000
0.067000000000000	0.000000000000000	0.000000000000000
0.068000000000000	0.000000000000000	0.000000000000000
0.069000000000000	0.000000000000000	0.000000000000000
0.070000000000000	0.000000000000000	0.000000000000000
0.071000000000000	0.000000000000000	0.000000000000000
0.072000000000000	0.000000000000000	0.000000000000000
0.073000000000000	0.000000000000000	0.000000000000000
0.074000000000000	0.000000000000000	0.000000000000000
0.075000000000000	0.000000000000000	0.000000000000000
0.076000000000000	0.000000000000000	0.000000000000000
0.077000000000000	0.000000000000000	0.000000000000000
0.078000000000000	0.000000000000000	0.000000000000000
0.079000000000000	0.000000000000000	0.000000000000000
0.080000000000000	0.000000000000000	0.000000000000000
0.081000000000000	0.000000000000000	0.000000000000000
0.082000000000000	0.000000000000000	0.000000000000000
0.083000000000000	0.000000000000000	0.000000000000000
0.084000000000000	0.000000000000000	0.000000000000000
0.085000000000000	0.000000000000000	0.000000000000000
0.086000000000000	0.000000000000000	0.000000000000000
0.087000000000000	0.000000000000000	0.000000000000000
0.088000000000000	0.000000000000000	0.000000000000000
0.089000000000000	0.000000000000000	0.000000000000000
0.090000000000000	0.000000000000000	0.000000000000000
0.091000000000000	0.000000000000000	0.000000000000000
0.092000000000000	0.000000000000000	0.000000000000000
0.093000000000000	0.000000000000000	0.000000000000000
0.094000000000000	0.000000000000000	0.000000000000000
0.095000000000000	0.000000000000000	0.000000000000000
0.096000000000000	0.000000000000000	0.000000000000000
0.097000000000000	0.000000000000000	0.000000000000000
0.098000000000000	0.000000000000000	0.000000000000000
0.099000000000000	0.000000000000000	0.000000000000000
0.100000000000000	0.000000000000000	0.000000000000000
0.101000000000000	0.000000000000000	0.000000000000000
0.102000000000000	0.000000000000000	0.000000000000000
0.103000000000000	0.000000000000000	0.000000000000000
0.104000000000000	0.000000000000000	0.000000000000000
0.105000000000000	0.000000000000000	0.000000000000000
0.106000000000000	0.000000000000000	0.000000000000000
0.107000000000000	0.000000000000000	0.000000000000000
0.108000000000000	0.001908004961000	10.147047843796001
0.109000000000000	0.014878441656000	17.821268322306000
0.110000000000000	0.037832608091000	25.488779560779999
0.111000000000000	0.069385066085000	31.917175551627999
0.112000000000000	0.106271156670000	36.378977930482002
0.113000000000000	0.145465290678000	38.842094827483002
0.114000000000000	0.185239489447000	39.843549191374002
0.115000000000000	0.224455968834000	40.165734162882003
0.116000000000000	0.262728913603000	40.459719937206003
0.117000000000000	0.301775037574000	40.958064471884001
0.118000000000000	0.343538085996000	41.455089528281000
0.119000000000000	0.387112311684000	41.610971283368997
0.120000000000000	0.430018956974000	41.341634082365999
0.121000000000000	0.471040551171000	40.956251846351996
0.122000000000000	0.510802725288000	40.963695627219003
0.123000000000000	0.550803373887000	41.758924487397998
0.124000000000000	0.592241277312000	43.415423871573999
0.125000000000000	0.636044411927000	45.649445099242001
0.126000000000000	0.683087310843000	47.923260519053002
0.127000000000000	0.733051909242000	49.641912551457999
0.128000000000000	0.784225026630000	50.362104518530003
0.129000000000000	0.835139445761000	49.908373967156997
0.130000000000000	0.885072800704000	48.374199082093000
0.131000000000000	0.932896013797000	46.069067824386998
0.132000000000000	0.977265694006000	43.429710767518998
0.133000000000000	1.018356087647000	40.874863573924003
0.134000000000000	1.057755974620000	38.682644215431999
0.135000000000000	1.096483330952000	37.038378866286997
0.136000000000000	1.134332004311000	36.249654881704998
0.137000000000000	1.170801658512000	36.901445563709999
0.138000000000000	1.206650952142000	39.714422985246998
0.139000000000000	1.245537499687000	45.136370308151001
0.140000000000000	1.292613904690000	52.994046340779001
0.141000000000000	1.350495049842000	62.511553110317003
0.142000000000000	1.418824309151000	72.641689362110000
0.143000000000000	1.497063576542000	82.398824015429000
0.144000000000000	1.584800661740000	91.014347324515995
0.145000000000000	1.680611038886000	97.979836755156001
0.146000000000000	1.782461493714000	103.074930494401000
0.147000000000000	1.888288634228000	106.378673453708000
0.148000000000000	1.996015556204000	108.217338012987990
0.149000000000000	2.104168207964000	109.024794273127000
0.150000000000000	2.212450422948000	109.154548587024000
0.151000000000000	2.321011493651000	108.747729373352000
0.152000000000000	2.429635949012000	107.750578668053000
0.153000000000000	2.537699654971000	106.079090071796000
0.154000000000000	2.643921790683000	103.825226828061010
0.155000000000000	2.746744953653000	101.353065311252000
0.156000000000000	2.845991472793000	99.192000696871006
0.157000000000000	2.943063141548000	97.788545696624993
0.158000000000000	3.039197756405000	97.278912668155002
0.159000000000000	3.135395028553000	97.395480333071006
0.160000000000000	3.233149450700000	97.548881905101993
0.161000000000000	3.332568024696000	97.096840427032006
0.162000000000000	3.431046061800000	95.684390053537001
0.163000000000000	3.525640624348000	93.381487970796996
0.164000000000000	3.615898526375000	90.462537063151004
0.165000000000000	3.703737480534000	87.056174501122001
0.166000000000000	3.790404898165000	83.080124064226993
0.167000000000000	3.874063165594000	78.573507954636995
0.168000000000000	3.951629894865000	74.073581201208000
0.169000000000000	4.022700384795000	70.619619908415004
0.170000000000000	4.090244187233000	69.366858780309002
0.171000000000000	4.157953932254000	71.136716283756996
0.172000000000000	4.228980845964000	76.154062551094995
0.173000000000000	4.306747503211000	83.977357326895003
0.174000000000000	4.394521650444000	93.570499322489994
0.175000000000000	4.493868074007000	103.534386295431010
0.176000000000000	4.604206343430000	112.488862921164990
0.177000000000000	4.723216948700000	119.481117084790990
0.178000000000000	4.847265068242000	124.226158271049000
0.179000000000000	4.972966410431000	127.026865275501000
0.180000000000000	5.099296785433000	128.403080006724990
0.181000000000000	5.226979026933000	128.694327985356010
0.182000000000000	5.356030874659000	127.944372855218010
0.183000000000000	5.484966479906000	126.127248238597010
0.184000000000000	5.611338881336000	123.468395311584000
0.185000000000000	5.732970576838000	120.534583446075000
0.186000000000000	5.849857820369000	117.967224814961990
0.187000000000000	5.964464446251000	116.060177085918000
0.188000000000000	6.079432053878000	114.561153854889000
0.189000000000000	6.195098266630000	112.905412821472000
0.190000000000000	6.309355664895000	110.701281106058000
0.191000000000000	6.419691601183000	108.056630091531010
0.192000000000000	6.525186543406000	105.478490818000000
0.193000000000000	6.627157980268000	103.441575232380000
0.194000000000000	6.728220104445000	101.984590262309990
0.195000000000000	6.829921926283000	100.651580260210000
0.196000000000000	6.931426496563000	98.797225789598997
0.197000000000000	7.030611711367000	95.987457972743996
0.198000000000000	7.125464663555000	92.198837538478003
0.199000000000000	7.215197374699000	87.739610095245993
0.200000000000000	7.300523320970000	83.058657675869000
0.201000000000000	7.381966915539000	78.656692894738001
0.202000000000000	7.459154410572000	75.132368482052996
0.203000000000000	7.532512983876000	73.202802397411006
0.204000000000000	7.603981880617000	73.562078075054998
0.205000000000000	7.676463895746000	76.618099347357997
0.206000000000000	7.753644997258000	82.266567320329997
0.207000000000000	7.838672423716000	89.843607198837006
0.208000000000000	7.932796984518000	98.282985182795002
0.209000000000000	8.036044964837000	106.384997682491000
0.210000000000000	8.147560611215001	113.085983927380000
0.211000000000000	8.264940871253000	117.663187221321000
0.212000000000000	8.385084189645999	119.825630609596000
0.213000000000000	8.505820660286000	119.677845513715000
0.214000000000000	8.625643145199000	117.635070144324000
0.215000000000000	8.742681899840001	114.375537724624000
0.216000000000000	8.855103791713001	110.781916950929000
0.217000000000000	8.962458042947000	107.743240534976000
0.218000000000000	9.066433908101001	105.813837017092990
0.219000000000000	9.169766738031999	104.926723591480990
0.220000000000000	9.274374814314999	104.399725130362000
0.221000000000000	9.380473558957000	103.302992408958000
0.222000000000000	9.486100924457000	101.016305742197010
0.223000000000000	9.587750990623000	97.645783845002001
0.224000000000000	9.683091389451001	94.006707183063000
0.225000000000000	9.772829906077000	91.148445980004993
0.226000000000000	9.859885791299000	89.723941740656002
0.227000000000000	9.947589443136000	89.610319478010993
0.228000000000000	10.037771016628000	89.991588712994997
0.229000000000000	10.129576916697999	89.794712458655994
0.230000000000000	10.220690886200000	88.174580789999993
0.231000000000000	10.309159252944999	84.807834317002005
0.232000000000000	10.393174111001001	79.961353657735998
0.233000000000000	10.470925588288001	74.402238818662994
0.234000000000000	10.541847893893999	69.180904407960000
0.235000000000000	10.607103667786999	65.315668195878004
0.236000000000000	10.669143921930001	63.479085846459000
0.237000000000000	10.731043407861000	63.824855842817001
0.238000000000000	10.795515615413001	66.041602822772006
0.239000000000000	10.864022397596999	69.601202635310997
0.240000000000000	10.936571086368000	74.041579638542999
0.241000000000000	11.012824708456000	79.085052047014003
0.242000000000000	11.093448682028001	84.518594085317005
0.243000000000000	11.179671254533000	89.967072271700005
0.244000000000000	11.271977008259000	94.777570541946005
0.245000000000000	11.369835989252000	98.138454382796994
0.246000000000000	11.471387611761999	99.393047892148999
0.247000000000000	11.572855568025000	98.364659372141006
0.248000000000000	11.670413652541001	95.454518145652997
0.249000000000000	11.763068792483001	91.427436747140007
0.250000000000000	11.851795446237000	87.083231132905993
0.251000000000000	11.936730963245999	83.076181835013998
0.252000000000000	12.017445014269001	79.895882501423003
0.253000000000000	12.094744109166999	77.834237375092002
0.254000000000000	12.170645264964000	76.882550523492995
0.255000000000000	12.247103782212999	76.696185412144004
0.256000000000000	12.324744133457999	76.742562114614003
0.257000000000000	12.402550496179000	76.554015077008998
0.258000000000000	12.479140063036001	75.886553088726998
0.259000000000000	12.554186508708000	74.684443103253997
0.260000000000000	12.628099192523001	72.956020036960993
0.261000000000000	12.700661370103999	70.729619890951994
0.262000000000000	12.770654028464000	68.105756529423005
0.263000000000000	12.836764166836000	65.255796674454999
0.264000000000000	12.898952016618001	62.265084228809997
0.265000000000000	12.958854546829000	58.954985785615001
0.266000000000000	13.017757223777000	54.965521459678001
0.267000000000000	13.074046927831001	50.187515012710001
0.268000000000000	13.124100875877000	45.226141621882000
0.269000000000000	13.166055804760999	41.414421109212000
0.270000000000000	13.202189486233999	40.222707333811002
0.271000000000000	13.238164222370999	42.426996800255999
0.272000000000000	13.280124892350999	47.613429009910000
0.273000000000000	13.331650613017000	54.351326378071001
0.274000000000000	13.392631551893000	60.906892043757999
0.275000000000000	13.460031981626001	66.041868814623001
0.276000000000000	13.529832788225001	69.427954677933997
0.277000000000000	13.599597065684000	71.479044002695005
0.278000000000000	13.669581375435000	72.789302707998999
0.279000000000000	13.741393146988999	73.613817079917993
0.280000000000000	13.815644600437000	73.744938170753997
0.281000000000000	13.890703128918000	72.786156568451005
0.282000000000000	13.963891401014999	70.524316534614996
0.283000000000000	14.033496290288999	67.114595483993995
0.284000000000000	14.098957765152999	63.039219609622002
0.285000000000000	14.159858946689001	58.965088356027003
0.286000000000000	14.216105783282000	55.577921164610999
0.287000000000000	14.268876637817000	53.391748095754998
0.288000000000000	14.320187186795000	52.568635040700997
0.289000000000000	14.371849632100000	52.840804340821997
0.290000000000000	14.425088731388000	53.597625401584999
0.291000000000000	14.480192898193000	54.121975520881001
0.292000000000000	14.536112927900000	53.887943315558999
0.293000000000000	14.590806719181000	52.774295104452001
0.294000000000000	14.642752577264000	51.058517063252999
0.295000000000000	14.691714277487000	49.176554850572003
0.296000000000000	14.738162092868000	47.382097466803998
0.297000000000000	14.783473866772001	45.516489360568002
0.298000000000000	14.829061640068000	43.083241474467997
0.299000000000000	14.873689669928000	39.657210645359001
0.300000000000000	14.913748149048001	35.362896541566997
0.301000000000000	14.946904339306000	31.020202943259001
0.302000000000000	14.974134838789000	27.814996997691001
0.303000000000000	14.998463619122999	26.747875902373000
0.304000000000000	15.023429236895000	28.228313883935002
0.305000000000000	15.052165096234001	31.986537564138999
0.306000000000000	15.086284405294000	37.235933104362999
0.307000000000000	15.126450554083000	42.923549901309997
0.308000000000000	15.173129683236001	47.977003482813998
0.309000000000000	15.225175375329000	51.554649840511999
0.310000000000000	15.279809905934000	53.274804012084999
0.311000000000000	15.334445654773001	53.311882101851999
0.312000000000000	15.387304456206000	52.276309294706003
0.313000000000000	15.437622886626000	50.915929316377998
0.314000000000000	15.486143878330999	49.773726201217002
0.315000000000000	15.534515288162000	48.978860376250999
0.316000000000000	15.583626540973000	48.296567273259001
0.317000000000000	15.632664643957000	47.386213665534001
0.318000000000000	15.680020539998999	46.049666645682997
0.319000000000000	15.725093588221000	44.293295015508001
0.320000000000000	15.768453594941001	42.245724775321001
0.321000000000000	15.810129381192001	40.095075792187998
0.322000000000000	15.849289707201001	38.091517132364999
0.323000000000000	15.885797156678001	36.512203413774998
0.324000000000000	15.920671870426000	35.532882927480998
0.325000000000000	15.955141915738000	35.095927677717000
0.326000000000000	15.990022053519001	34.894702114137999
0.327000000000000	16.025441836037999	34.499609111851001
0.328000000000000	16.060547806502001	33.548336872710003
0.329000000000000	16.093933247803001	31.878509401719000
0.330000000000000	16.124638824506000	29.523367613249999
0.331000000000000	16.152579944915001	26.611505544393999
0.332000000000000	16.178113190241000	23.309714115110001
0.333000000000000	16.200972250090000	19.899697350893000
0.334000000000000	16.219931751941001	16.897411530450000
0.335000000000000	16.234513292441999	15.005177205859001
0.336000000000000	16.246667344969001	14.815714466291000
0.337000000000000	16.259996646883000	16.463417048263999
0.338000000000000	16.277528330898001	19.525879328529001
0.339000000000000	16.300235792991000	23.279280995596000
0.340000000000000	16.327067686391999	27.104209187083999
0.341000000000000	16.356305785556000	30.713306474597999
0.342000000000000	16.387505161067999	34.039376590082000
0.343000000000000	16.421979756328000	36.943792343216003
0.344000000000000	16.460705931728999	39.077016811598000
0.345000000000000	16.502239011722001	40.048421051036001
0.346000000000000	16.543766605022000	39.724025488094000
0.347000000000000	16.583240851646000	38.351706936874002
0.348000000000000	16.619816668066999	36.408558583209000
0.349000000000000	16.654043756553001	34.322968734093998
0.350000000000000	16.687296536832999	32.316835541365002
0.351000000000000	16.719680587117001	30.487735784114999
0.352000000000000	16.749847604791999	28.997115704809001
0.353000000000000	16.777230227476998	28.101712841706998
0.354000000000000	16.803284899306000	27.947607949971999
0.355000000000000	16.830545737241000	28.351038021897001
0.356000000000000	16.860259739021998	28.842804740361998
0.357000000000000	16.890896383341001	28.967013833087002
0.358000000000000	16.920064795253001	28.528852128051000
0.359000000000000	16.947217504409998	27.548372651299001
0.360000000000000	16.973436511799999	26.032504164424999
0.361000000000000	16.999384806771001	23.884142543871999
0.362000000000000	17.023753977074001	21.075132171793001
0.363000000000000	17.043972926308999	17.862630748903001
0.364000000000000	17.058969921839999	14.746978668128000
0.365000000000000	17.070370372507998	12.157860225294000
0.366000000000000	17.080676365382001	10.177033506309000
0.367000000000000	17.091022699827999	8.584552944408999
0.368000000000000	17.100648129235999	7.189099913139000
0.369000000000000	17.108264239444999	6.137620385298000
0.370000000000000	17.113601276908000	5.935682166303000
0.371000000000000	17.117922875931999	7.157844706843000
0.372000000000000	17.124059572166001	10.058652166484000
0.373000000000000	17.135125469209001	14.360270004818000
0.374000000000000	17.152426617650001	19.355895886199001
0.375000000000000	17.175468599839000	24.228739593678000
0.376000000000000	17.203044156051000	28.352803844501999
0.377000000000000	17.233603050644000	31.408900413722002
0.378000000000000	17.265985214991002	33.307420917790999
0.379000000000000	17.299565472665002	34.026749007729997
0.380000000000000	17.333567207716001	33.503651047756001
0.381000000000000	17.367064254721001	31.655495397018999
0.382000000000000	17.398648949571999	28.520108410913000
0.383000000000000	17.426414970368999	24.418824134076999
0.384000000000000	17.449200055997999	20.022969404777999
0.385000000000000	17.466655122208000	16.245194916608000
0.386000000000000	17.479261177630001	13.946998717889000
0.387000000000000	17.489773326110001	13.555261864167999
0.388000000000000	17.502187182486999	14.812357806686000
0.389000000000000	17.518602428297001	16.879577593913002
0.390000000000000	17.538474698767999	18.764148882084999
0.391000000000000	17.559765783732001	19.776647122743999
0.392000000000000	17.580373706820001	19.727293706177999
0.393000000000000	17.599374964212000	18.802896753115000
0.394000000000000	17.616868227095001	17.295533218835001
0.395000000000000	17.633033365216999	15.404754720768000
0.396000000000000	17.647581417602002	13.207227974110999
0.397000000000000	17.659718124324002	10.724492863786001
0.398000000000000	17.668882328081999	7.971558414615000
0.399000000000000	17.675418124951999	4.963824603330000
0.400000000000000	17.679717819017998	1.766214957335000
0.401000000000000	17.681130549496999	-1.374037267965000
0.402000000000000	17.678761240907999	-3.921166374598000
0.403000000000000	17.673137345998001	-5.121600579756000
0.404000000000000	17.666471718082001	-4.256336879682000
0.405000000000000	17.661555688730001	-0.935949141868000
0.406000000000000	17.661141776718999	4.692950104175000
0.407000000000000	17.667896231331000	11.887546987465999
0.408000000000000	17.683644653578000	19.429603174667001
0.409000000000000	17.708323341275001	25.941675388042000
0.410000000000000	17.739571653452000	30.315128226344001
0.411000000000000	17.773383778867998	32.048953645738003
0.412000000000000	17.806141656737001	31.310874732085001
0.413000000000000	17.836220837763999	28.722096537504999
0.414000000000000	17.863036053538998	25.062556023650000
0.415000000000000	17.885853726139999	21.079042976709999
0.416000000000000	17.904430666479001	17.405676235719000
0.417000000000000	17.919486025725000	14.515957249537999
0.418000000000000	17.932205851452999	12.675965948717000
0.419000000000000	17.943603502906999	11.913291870168001
0.420000000000000	17.954579848824000	12.004078550894000
0.421000000000000	17.966569795493001	12.500628587842000
0.422000000000000	17.980440466400001	12.866140515303000
0.423000000000000	17.994908542004001	12.713194220036000
0.424000000000000	18.008062856492000	11.989240195216000
0.425000000000000	18.019323390705001	10.950926734589000
0.426000000000000	18.028923268359001	9.951827852476001
0.427000000000000	18.037272807078999	9.196008968689000
0.428000000000000	18.045271080708002	8.589161225492999
0.429000000000000	18.053798436552999	7.763978869504000
0.430000000000000	18.062314530182999	6.288911116438000
0.431000000000000	18.069132680031998	3.955198663702000
0.432000000000000	18.072894019627999	0.973521168948000
0.433000000000000	18.072593221262000	-2.030877956356000
0.434000000000000	18.067963419914999	-4.240013566056000
0.435000000000000	18.060761820915001	-5.002935843163000
0.436000000000000	18.054258197208000	-4.137700448413000
0.437000000000000	18.051182107361999	-1.954021704841000
0.438000000000000	18.052022297455999	1.030691559478000
0.439000000000000	18.055625545137001	4.435231276116000
0.440000000000000	18.061333508884999	8.117456289533999
0.441000000000000	18.069878261500001	11.978738576313001
0.442000000000000	18.082916400616998	15.708225807220000
0.443000000000000	18.101268482557000	18.761017974504000
0.444000000000000	18.123230027984000	20.625366747203000
0.445000000000000	18.145688949591001	21.134117978928000
0.446000000000000	18.166595424987001	20.531522240524001
0.447000000000000	18.185688584284001	19.261306220415001
0.448000000000000	18.203553323297001	17.698204537435998
0.449000000000000	18.220550743354000	16.042818011259001
0.450000000000000	18.236148166675999	14.393067232230999
0.451000000000000	18.249470785471999	12.834087085670999
0.452000000000000	18.260886565979000	11.426351488061000
0.453000000000000	18.271729433849000	10.157888932694000
0.454000000000000	18.282216121348998	8.996547280103000
0.455000000000000	18.291174458634000	8.012815135452000
0.456000000000000	18.298011174603001	7.389732308026000
0.457000000000000	18.303864011426999	7.249858651372000
0.458000000000000	18.310510106803001	7.468238211931000
0.459000000000000	18.318668441770001	7.678581787477000
0.460000000000000	18.327348545884000	7.470543589859000
0.461000000000000	18.334984039289999	6.587688454183000
0.462000000000000	18.341193811661000	4.991932451962000
0.463000000000000	18.346019594152999	2.848393321859000
0.464000000000000	18.348223545273001	0.512405354644000
0.465000000000000	18.346829924278001	-1.539166066122000
0.466000000000000	18.343020084953000	-2.899334731804000
0.467000000000000	18.338747785191000	-3.436668693499000
0.468000000000000	18.335129316926999	-3.337884935733000
0.469000000000000	18.332663762372000	-2.948647955872000
0.470000000000000	18.331292062663000	-2.517547150851000
0.471000000000000	18.330092045413998	-1.990825634920000
0.472000000000000	18.328354721036000	-0.989277522216000
0.473000000000000	18.326812004951002	0.986417310305000
0.474000000000000	18.327130052144000	4.217598341875000
0.475000000000000	18.331464310982000	8.486759710793001
0.476000000000000	18.341981321778999	13.036062392062000
0.477000000000000	18.358837165240001	16.839204215904001
0.478000000000000	18.379669461456999	19.065980063321000
0.479000000000000	18.401357833424999	19.467309245304001
0.480000000000000	18.421207260852000	18.452678448953002
0.481000000000000	18.437778627566001	16.823701261160998
0.482000000000000	18.451524036191000	15.315121794393001
0.483000000000000	18.464394892870001	14.207214342217000
0.484000000000000	18.478324419945999	13.261508793397001
0.485000000000000	18.493045003275000	12.032851549297000
0.486000000000000	18.506130823324000	10.312394191048000
0.487000000000000	18.515647206453998	8.335725190853999
0.488000000000000	18.521726308994001	6.607411661504000
0.489000000000000	18.526103377239000	5.534682356316000
0.490000000000000	18.530713452233002	5.188616492211000
0.491000000000000	18.536329019827999	5.343098623427000
0.492000000000000	18.542421572889999	5.680477826057000
0.493000000000000	18.548149392250000	5.937947908572000
0.494000000000000	18.553480595778002	5.883985732121000
0.495000000000000	18.559038344306000	5.228279828289000
0.496000000000000	18.564710163623001	3.652552331015000
0.497000000000000	18.569057453717999	1.014628888278000
0.498000000000000	18.569911172276999	-2.426813098754000
0.499000000000000	18.565644658938002	-5.983591991517000
0.500000000000000	18.556478000654000	-8.788724206622000
0.501000000000000	18.544437655039999	-10.197369761333000
0.502000000000000	18.532382312656001	-10.085857752771000
0.503000000000000	18.522852815785001	-8.844170814665000
0.504000000000000	18.516730678428999	-7.042318820574000
0.505000000000000	18.512881224308000	-4.978205368867000
0.506000000000000	18.509601708120002	-2.439616062316000
0.507000000000000	18.506798181914000	1.102391242780000
0.508000000000000	18.506946314819999	5.975699506272000
0.509000000000000	18.513626355248000	11.849595558792000
0.510000000000000	18.528684860157000	17.689590424599000
0.511000000000000	18.550952459350000	22.156035696905001
0.512000000000000	18.577489606236000	24.179120932263000
0.513000000000000	18.604586082409000	23.398334535277002
0.514000000000000	18.628130696738001	20.282573254106001
0.515000000000000	18.645708253361001	15.898579603889999
0.516000000000000	18.657697029800001	11.459167922440001
0.517000000000000	18.665443302810999	7.892865296484000
0.518000000000000	18.670390521584999	5.610089363551000
0.519000000000000	18.674330085505002	4.487051502887000
0.520000000000000	18.678737162198001	4.027384501972000
0.521000000000000	18.684123566181000	3.663590913840000
0.522000000000000	18.689510884244001	3.097296006561000
0.523000000000000	18.692846570282001	2.474995131444000
0.524000000000000	18.693548080075999	2.232006203569000
0.525000000000000	18.693773361432999	2.692575071616000
0.526000000000000	18.695958661750002	3.751883529932000
0.527000000000000	18.700600451065000	4.880254085202000
0.528000000000000	18.706756146692999	5.380592050159000
0.529000000000000	18.713083389226000	4.673910082457000
0.530000000000000	18.718288993137001	2.490901838565000
0.531000000000000	18.720727924597998	-1.023852180749000
0.532000000000000	18.718241999595001	-5.305218185086000
0.533000000000000	18.709904758434998	-9.518178454625000
0.534000000000000	18.697181895658002	-12.833658596798999
0.535000000000000	18.682459512365000	-14.651094290130001
0.536000000000000	18.667385933473000	-14.629646148373000
0.537000000000000	18.653011883068000	-12.603187914955001
0.538000000000000	18.640811303191999	-8.567723578564999
0.539000000000000	18.633036899320999	-2.811629598039000
0.540000000000000	18.632206969666001	3.939591237977000
0.541000000000000	18.639961729385000	10.567312112375999
0.542000000000000	18.655775924440000	15.882191862027000
0.543000000000000	18.676723377592999	19.093021452186001
0.544000000000000	18.698568939634999	20.124781401583000
0.545000000000000	18.718068362915002	19.539148523962002
0.546000000000000	18.735020325171000	18.098792034049001
0.547000000000000	18.751134451447999	16.320946547473000
0.548000000000000	18.766985359040000	14.361674268486000
0.549000000000000	18.781371014194999	12.234060718765001
0.550000000000000	18.792977960035000	10.064307038553000
0.551000000000000	18.801367711158001	8.126981934540000
0.552000000000000	18.807312188030000	6.660908407410000
0.553000000000000	18.812639538599999	5.672841496513000
0.554000000000000	18.818491680312000	4.933424697976000
0.555000000000000	18.824065092725000	4.168307725831000
0.556000000000000	18.828048320777000	3.243922261829000
0.557000000000000	18.830493448256998	2.185875953635000
0.558000000000000	18.832224404563998	1.091956123942000
0.559000000000000	18.833252785340001	0.091402882344000
0.560000000000000	18.832857357885000	-0.644636589674000
0.561000000000000	18.830963304204001	-0.962761794019000
0.562000000000000	18.828681366809001	-0.888241961005000
0.563000000000000	18.827272193140999	-0.749039202110000
0.564000000000000	18.827259450427000	-1.098075778064000
0.565000000000000	18.827951978798001	-2.407012561444000
0.566000000000000	18.827007454046999	-4.693184481853000
0.567000000000000	18.821648932026999	-7.356249774864000
0.568000000000000	18.811281599093000	-9.411087550815999
0.569000000000000	18.798572936730999	-9.998470869081000
0.570000000000000	18.787238385051001	-8.803082264362001
0.571000000000000	18.779376696900002	-6.100973485256000
0.572000000000000	18.775572129038999	-2.491292220324000
0.573000000000000	18.775934291927001	1.434549609406000
0.574000000000000	18.780102543641000	5.293751825474000
0.575000000000000	18.787061445595000	8.913920226622000
0.576000000000000	18.796232190537001	12.150032372750999
0.577000000000000	18.808958700552999	14.670116151625001
0.578000000000000	18.826337282727000	15.982059942964000
0.579000000000000	18.845499788007000	15.783134199359001
0.580000000000000	18.861729549770999	14.298087071012000
0.581000000000000	18.873604353457001	12.205082442329999
0.582000000000000	18.882980427909999	10.203652165767000
0.583000000000000	18.891456609839999	8.646567741679000
0.584000000000000	18.899367473769001	7.497721936160000
0.585000000000000	18.906885049448999	6.527213059629000
0.586000000000000	18.913733218788000	5.536909572610000
0.587000000000000	18.918880762076999	4.476418302744000
0.588000000000000	18.922328935540001	3.410438283914000
0.589000000000000	18.925287712031999	2.426915682103000
0.590000000000000	18.927874357783001	1.619882784874000
0.591000000000000	18.929246602340001	1.136625440835000
0.592000000000000	18.929468638635999	1.148092313851000
0.593000000000000	18.929517371869998	1.692932640073000
0.594000000000000	18.930694191892002	2.522660443014000
0.595000000000000	18.933983572348001	3.115290405766000
0.596000000000000	18.938723950850999	2.898744583807000
0.597000000000000	18.942648751518000	1.543618515078000
0.598000000000000	18.943773076519001	-0.883389931359000
0.599000000000000	18.941449011523002	-3.982601982185000
0.600000000000000	18.935599387237001	-7.199235701501000
0.601000000000000	18.926390670915001	-9.984068806026000
0.602000000000000	18.914839096323998	-11.882673561156000
0.603000000000000	18.902304831119999	-12.549891646480001
0.604000000000000	18.889728850004001	-11.721779225802001
0.605000000000000	18.878044606995999	-9.230306771564001
0.606000000000000	18.868865442779001	-5.128488300748000
0.607000000000000	18.864670656571999	0.141129209356000
0.608000000000000	18.867605831443001	5.721071780826000
0.609000000000000	18.877639517035000	10.577804991584999
0.610000000000000	18.892447118282998	13.900426014093000
0.611000000000000	18.908941550051999	15.397529980160000
0.612000000000000	18.924839754360999	15.308740197061001
0.613000000000000	18.939112006199000	14.166652951183000
0.614000000000000	18.951530043496000	12.492585828905000
0.615000000000000	18.962541944142000	10.605981507211000
0.616000000000000	18.972581189290999	8.631120458710001
0.617000000000000	18.980913913559998	6.647980451771000
0.618000000000000	18.986661343487999	4.827330882230000
0.619000000000000	18.990361362963998	3.433391143956000
0.620000000000000	18.992979509710000	2.729442001843000
0.621000000000000	18.994935089756002	2.873360187305000
0.622000000000000	18.997024494839000	3.820103771559000
0.623000000000000	19.000579534913999	5.238153640371000
0.624000000000000	19.006467449679999	6.515292541189000
0.625000000000000	19.014564494089001	6.929326162662000
0.626000000000000	19.023442594995000	5.953206570101000
0.627000000000000	19.030290608638001	3.535547506920000
0.628000000000000	19.032465355568000	0.155272771293000
0.629000000000000	19.029617280884001	-3.417595573146000
0.630000000000000	19.023152528537999	-6.492760945462000
0.631000000000000	19.014330410610000	-8.717898286906999
0.632000000000000	19.004264643470002	-10.114386469216001
0.633000000000000	18.994197152997000	-10.924904720875000
0.634000000000000	18.984416944081001	-11.355180632722000
0.635000000000000	18.974022414467999	-11.342503745141000
0.636000000000000	18.962494685822001	-10.525769968448000
0.637000000000000	18.950888110145002	-8.489205442962000
0.638000000000000	18.941575747651999	-5.134804387378000
0.639000000000000	18.937427787941999	-0.901883627216000
0.640000000000000	18.940014218902000	3.374268433987000
0.641000000000000	18.947968840123998	6.910773866125000
0.642000000000000	18.958181285281999	9.410632774438000
0.643000000000000	18.968419769579000	11.142702392537000
0.644000000000000	18.978517102881000	12.612411398296000
0.645000000000000	18.989744653578999	14.085583208538001
0.646000000000000	19.003620168577999	15.317807803174000
0.647000000000000	19.020693659761001	15.688399218620001
0.648000000000000	19.039076672349001	14.659963987367000
0.649000000000000	19.054765847908001	12.225879803782000
0.650000000000000	19.065054570118999	8.985511423540000
0.651000000000000	19.070807155701999	5.809651985324000
0.652000000000000	19.074238412440000	3.422972888701000
0.653000000000000	19.076223740321002	2.205352810575000
0.654000000000000	19.077109759784999	2.184719190717000
0.655000000000000	19.078353422050998	3.047504819789000
0.656000000000000	19.081758983644999	4.164756447826000
0.657000000000000	19.087822494417001	4.775284030223000
0.658000000000000	19.095161808267999	4.346108570830000
0.659000000000000	19.100865070767000	2.896895257418000
0.660000000000000	19.102307263758998	1.000086346067000
0.661000000000000	19.099797751183999	-0.618552681604000
0.662000000000000	19.096455250437000	-1.592304111314000
0.663000000000000	19.094498212306998	-2.120935496276000
0.664000000000000	19.093175250308001	-2.752929059364000
0.665000000000000	19.090980081028000	-4.002189540446000
0.666000000000000	19.087337592009000	-6.075606014118000
0.667000000000000	19.081490734351000	-8.753277280229000
0.668000000000000	19.072006457225999	-11.385465336603000
0.669000000000000	19.058376260043001	-13.063193548894001
0.670000000000000	19.042486686736002	-12.984375699478999
0.671000000000000	19.027979067849000	-10.837812732773999
0.672000000000000	19.018131121353999	-6.939588638256000
0.673000000000000	19.014253505325001	-2.034111485410000
0.674000000000000	19.015774406654000	3.059068998725000
0.675000000000000	19.021636426548000	7.688276342569000
0.676000000000000	19.031551274603999	11.410027578715001
0.677000000000000	19.045211510381002	13.948454650144001
0.678000000000000	19.060897526908001	15.202814763018001
0.679000000000000	19.076676801253999	15.276711959395000
0.680000000000000	19.091727378341002	14.444331115056000
0.681000000000000	19.105432768322000	13.054087923178001
0.682000000000000	19.117061344740002	11.415387091114001
0.683000000000000	19.126816119272000	9.697295272077000
0.684000000000000	19.135723280444001	7.901189790618000
0.685000000000000	19.143815143265002	5.975941677669000
0.686000000000000	19.149574988935999	4.001514352328000
0.687000000000000	19.152086510697000	2.241083209718000
0.688000000000000	19.152442345053000	0.985234283133000
0.689000000000000	19.152341164397999	0.351965391253000
0.690000000000000	19.152678454915002	0.239605040868000
0.691000000000000	19.153298809726000	0.431520819692000
0.692000000000000	19.153556209965000	0.692573223598000
0.693000000000000	19.153835318051001	0.764839660356000
0.694000000000000	19.155091951134999	0.359998706499000
0.695000000000000	19.156611480965999	-0.718220844156000
0.696000000000000	19.156266179860999	-2.386880585183000
0.697000000000000	19.152606994578001	-4.253026460193000
0.698000000000000	19.146020109190999	-5.831689376917000
0.699000000000000	19.138278192036001	-6.845063068399000
0.700000000000000	19.130883264036001	-7.352806892771000
0.701000000000000	19.124076842710998	-7.628866934492000
0.702000000000000	19.117249941863001	-7.916242408621000
0.703000000000000	19.109692155367000	-8.251678092013000
0.704000000000000	19.101425405295000	-8.440979912717999
0.705000000000000	19.093202076129000	-8.126032304971000
0.706000000000000	19.085458686468002	-6.866682656511000
0.707000000000000	19.078489871868999	-4.261658613507000
0.708000000000000	19.073727887528001	-0.171025151878000
0.709000000000000	19.074047564809000	5.041057408366000
0.710000000000000	19.082058172252999	10.480199886734001
0.711000000000000	19.097270856156001	15.042852632936000
0.712000000000000	19.116188463335000	17.887074342883999
0.713000000000000	19.135688900559000	18.699734217178001
0.714000000000000	19.154484394537999	17.641609136759001
0.715000000000000	19.171652475759000	15.165068097911000
0.716000000000000	19.185826514532000	11.903955560929001
0.717000000000000	19.195870648798000	8.614480943576000
0.718000000000000	19.201683782799002	6.034639114752000
0.719000000000000	19.204754376086001	4.636047783919000
0.720000000000000	19.207595072699998	4.409271302489000
0.721000000000000	19.212053563693001	4.862805395103000
0.722000000000000	19.218441807404002	5.281655046647000
0.723000000000000	19.225687619872001	5.106545699178000
0.724000000000000	19.231757310835999	4.203149118355000
0.725000000000000	19.234880559771000	2.841383115726000
0.726000000000000	19.235176064428000	1.390553571616000
0.727000000000000	19.234606557263000	-0.026786245884000
0.728000000000000	19.234595108004001	-1.609546519549000
0.729000000000000	19.233933515295998	-3.614993351342000
0.730000000000000	19.230080148719001	-6.039224790778000
0.731000000000000	19.222139471270999	-8.567099622310000
0.732000000000000	19.211192758772999	-10.805825157476001
0.733000000000000	19.198747956384999	-12.534189492256001
0.734000000000000	19.185945564101001	-13.733141341351001
0.735000000000000	19.172950854014001	-14.400805989764001
0.736000000000000	19.159014792101999	-14.352016588171001
0.737000000000000	19.144161448597998	-13.215928026941000
0.738000000000000	19.130313625925002	-10.660944027865000
0.739000000000000	19.120082075656001	-6.662074462477000
0.740000000000000	19.115151593954000	-1.606135925855000
0.741000000000000	19.116412368452998	3.815265337265000
0.742000000000000	19.124131924593001	8.851773343618000
0.743000000000000	19.136788768820999	12.959127825452001
0.744000000000000	19.151701490436000	15.923157748525000
0.745000000000000	19.167916551240999	17.751441746668998
0.746000000000000	19.186177388373999	18.471568856434999
0.747000000000000	19.205629359530000	18.073933406797000
0.748000000000000	19.223604072594000	16.609962290475000
0.749000000000000	19.238909838563998	14.253136987706000
0.750000000000000	19.252077414213002	11.265602966062000
0.751000000000000	19.262540769969998	7.989993568378000
0.752000000000000	19.268885876708001	4.879732366988000
0.753000000000000	19.271476248521999	2.440918468403000
0.754000000000000	19.272014039613001	1.062221181261000
0.755000000000000	19.271588197012999	0.845221448180000
0.756000000000000	19.271378169881999	1.515681191141000
0.757000000000000	19.273250964831000	2.458180377373000
0.758000000000000	19.277762015695000	2.938284019623000
0.759000000000000	19.283100410100001	2.476223980430000
0.760000000000000	19.286545785931001	1.137590698747000
0.761000000000000	19.286097819178000	-0.525782105569000
0.762000000000000	19.281833181273999	-1.921374171340000
0.763000000000000	19.276579132386999	-2.953372299279000
0.764000000000000	19.273449766782001	-4.191320761957000
0.765000000000000	19.271928033239000	-6.438866565490000
0.766000000000000	19.267817317557000	-9.994097371716000
0.767000000000000	19.257298977382000	-14.199045375013000
0.768000000000000	19.239873755601000	-17.627622214578000
0.769000000000000	19.217874581101000	-18.758681331339002
0.770000000000000	19.195360668789000	-16.718382148238000
0.771000000000000	19.177574859076000	-11.721834152916999
0.772000000000000	19.168936824589000	-5.000244510459000
0.773000000000000	19.170125812616000	1.766906243347000
0.774000000000000	19.178109007962998	7.194161205131000
0.775000000000000	19.189365912677999	10.668283830836000
0.776000000000000	19.201832798462000	12.362501209214001
0.777000000000000	19.214335828974999	12.926731147200000
0.778000000000000	19.226135112209001	13.092419596720999
0.779000000000000	19.237490594808001	13.332820165723000
0.780000000000000	19.249847072224998	13.673152620950001
0.781000000000000	19.264326767528001	13.758297731013000
0.782000000000000	19.279842355115999	13.172374290576000
0.783000000000000	19.293717006908000	11.784020025072000
0.784000000000000	19.304507196008998	9.848060665126001
0.785000000000000	19.312779773574999	7.834553450201000
0.786000000000000	19.318985718152000	6.175048369363000
0.787000000000000	19.323125581024001	5.066400605782000
0.788000000000000	19.326614254584001	4.362750539084000
0.789000000000000	19.331396395317000	3.636058640074000
0.790000000000000	19.336972141777999	2.479913520836000
0.791000000000000	19.340522902101998	0.883124770638000
0.792000000000000	19.340046658986999	-0.680926676063000
0.793000000000000	19.336478227672000	-1.584456285719000
0.794000000000000	19.332573672424001	-1.532704256039000
0.795000000000000	19.330221780014000	-0.835064779938000
0.796000000000000	19.329743740704000	-0.322396662781000
0.797000000000000	19.330820124477999	-1.004231049180000
0.798000000000000	19.332247828718000	-3.586624534884000
0.799000000000000	19.330667550813001	-7.988679108000000
0.800000000000000	19.321349076356000	-13.143938119677999
0.801000000000000	19.302861377904001	-17.370340846445000
0.802000000000000	19.279718023002999	-19.181218510611998
0.803000000000000	19.257932376343000	-17.969989538817000
0.804000000000000	19.240751797636999	-14.121351714342000
0.805000000000000	19.229594708215998	-8.636389135939000
0.806000000000000	19.225005991482000	-2.651804506349000
0.807000000000000	19.226386701808000	2.894499722859000
0.808000000000000	19.232836983433000	7.417998832243000
0.809000000000000	19.243229209241999	10.722484574504000
0.810000000000000	19.255699220179999	12.950065143958000
0.811000000000000	19.268692835462002	14.418960588780999
0.812000000000000	19.282045067674002	15.354577946231000
0.813000000000000	19.296759782973002	15.664265026570000
0.814000000000000	19.313337136550000	14.971694679540001
0.815000000000000	19.330019077721001	12.954467093580000
0.816000000000000	19.343651209358001	9.746461575650001
0.817000000000000	19.351920115319999	6.071340163769000
0.818000000000000	19.354505197975001	2.969186854123000
0.819000000000000	19.353381339302999	1.277036716897000
0.820000000000000	19.352136498707999	1.200325019690000
0.821000000000000	19.353677427929998	2.260850505649000
0.822000000000000	19.358169958512999	3.637515723172000
0.823000000000000	19.363793094643999	4.617471820489000
0.824000000000000	19.369123059391001	4.835378423806000
0.825000000000000	19.373888264323998	4.234259126338000
0.826000000000000	19.377808082121000	2.921294918589000
0.827000000000000	19.379965682382998	1.069267436955000
0.828000000000000	19.379631632026001	-1.140691399247000
0.829000000000000	19.376924459592001	-3.574824162991000
0.830000000000000	19.372399679067001	-6.154633722367000
0.831000000000000	19.366030988548001	-8.757209953924001
0.832000000000000	19.356684970103000	-11.083716204876000
0.833000000000000	19.343577456342000	-12.685990675366000
0.834000000000000	19.328231648353999	-13.223558993195001
0.835000000000000	19.313793099013001	-12.743008798903000
0.836000000000000	19.302424773565999	-11.666573547070000
0.837000000000000	19.293804884600000	-10.423371731849000
0.838000000000000	19.285993374598000	-9.013770011578000
0.839000000000000	19.277562671969001	-6.899409629467000
0.840000000000000	19.269348565491999	-3.366191123221000
0.841000000000000	19.264799313958999	1.873050911107000
0.842000000000000	19.267990168908000	8.281977190387000
0.843000000000000	19.280541621230000	14.616970929732000
0.844000000000000	19.300543056115998	19.470820554578001
0.845000000000000	19.324271535657999	21.863750268164001
0.846000000000000	19.348383398995999	21.556962998231999
0.847000000000000	19.370057749413000	19.027528704470999
0.848000000000000	19.386863831385998	15.205700244740999
0.849000000000000	19.398378330985999	11.095895185723000
0.850000000000000	19.406100837029999	7.433039075449000
0.851000000000000	19.411301019263998	4.533442167463000
0.852000000000000	19.414537258334001	2.371847884617000
0.853000000000000	19.416337121120002	0.773524504889000
0.854000000000000	19.417260190202999	-0.391031155606000
0.855000000000000	19.417243433086000	-1.071183531970000
0.856000000000000	19.415431159255998	-1.052431911772000
0.857000000000000	19.412095843060001	-0.208448237346000
0.858000000000000	19.410199496962999	1.141902939583000
0.859000000000000	19.412719621114000	2.147134274310000
0.860000000000000	19.418530465789999	1.839229905328000
0.861000000000000	19.423029110321000	-0.214131259380000
0.862000000000000	19.422412360502001	-3.567664430998000
0.863000000000000	19.415807565960002	-7.132597344713000
0.864000000000000	19.404442993991999	-9.781561751476000
0.865000000000000	19.390848048487999	-10.927892231959000
0.866000000000000	19.378425321289999	-10.769098188348000
0.867000000000000	19.369415558200000	-10.060410381975000
0.868000000000000	19.362750434382001	-9.541229320385000
0.869000000000000	19.355247481212000	-9.411862082020001
0.870000000000000	19.345208856835999	-9.256978937934001
0.871000000000000	19.334335198042002	-8.420698023881000
0.872000000000000	19.325742691588001	-6.438055025766000
0.873000000000000	19.320766582118001	-3.178942081701000
0.874000000000000	19.318961007784001	1.226462651148000
0.875000000000000	19.320782754747000	6.391343196880000
0.876000000000000	19.328540829790001	11.560067015604000
0.877000000000000	19.343704998322000	15.658045851627000
0.878000000000000	19.364077030274998	17.687394237864002
0.879000000000000	19.384877658979999	17.240926884739999
0.880000000000000	19.402117596960998	14.717928583520999
0.881000000000000	19.414246586442001	11.082717474820001
0.882000000000000	19.421774309357001	7.382161886719000
0.883000000000000	19.426133322434001	4.353156034932000
0.884000000000000	19.428523866757999	2.290572624485000
0.885000000000000	19.429933195581999	1.138646916379000
0.886000000000000	19.431147860486000	0.680036993885000
0.887000000000000	19.432148122899001	0.706448784009000
0.888000000000000	19.432879382338999	1.091264787558000
0.889000000000000	19.433969073055000	1.754505147075000
0.890000000000000	19.435952636993999	2.591144072921000
0.891000000000000	19.438896049339998	3.436929252467000
0.892000000000000	19.442769589571000	4.084079741940000
0.893000000000000	19.447385558972002	4.324707762103000
0.894000000000000	19.451923347933000	3.992198596352000
0.895000000000000	19.455266588000001	2.958233880830000
0.896000000000000	19.457115634068000	1.084092223107000
0.897000000000000	19.457766295553000	-1.770945135469000
0.898000000000000	19.456339307539999	-5.578430574584000
0.899000000000000	19.450326398232001	-9.899830181625999
0.900000000000000	19.437852964217001	-13.849276597950000
0.901000000000000	19.420086985704000	-16.406747627990999
0.902000000000000	19.400608297426000	-16.888946141317000
0.903000000000000	19.382903026350000	-15.229246538110001
0.904000000000000	19.369021014562001	-11.908083532265000
0.905000000000000	19.359779338016001	-7.657518879951000
0.906000000000000	19.355284596318000	-3.159200700155000
0.907000000000000	19.355015922054999	1.128575142156000
0.908000000000000	19.358387353274001	4.992853140322000
0.909000000000000	19.365250310141001	8.390072760926000
0.910000000000000	19.375087438066000	11.340680017332000
0.911000000000000	19.387031831533001	13.817067052195000
0.912000000000000	19.401049906329000	15.633102043296001
0.913000000000000	19.417553203396000	16.419144051945000
0.914000000000000	19.435641331509000	15.787926727465001
0.915000000000000	19.452737491282001	13.640190171294000
0.916000000000000	19.466060670080999	10.381185136224000
0.917000000000000	19.474087264769999	6.844821968237000
0.918000000000000	19.477268202817001	3.934089859504000
0.919000000000000	19.477817452840000	2.193896677588000
0.920000000000000	19.478468219549999	1.590461205647000
0.921000000000000	19.480819614556001	1.642487635603000
0.922000000000000	19.484206262051000	1.797714300177000
0.923000000000000	19.486788604472999	1.757107865278000
0.924000000000000	19.488020619931000	1.516431478943000
0.925000000000000	19.488739179347000	1.174353076634000
0.926000000000000	19.489325618814000	0.734383531252000
0.927000000000000	19.489557646965000	0.043959960311000
0.928000000000000	19.489603321573000	-1.130227342382000
0.929000000000000	19.489125080906000	-2.932111805202000
0.930000000000000	19.486207986970001	-5.238230227274000
0.931000000000000	19.479460013952000	-7.625630693480000
0.932000000000000	19.469771532368998	-9.548338786926999
0.933000000000000	19.458544967685000	-10.591220033413000
0.934000000000000	19.446610346455000	-10.641710493372001
0.935000000000000	19.435390243503999	-9.929964003053000
0.936000000000000	19.426673357047001	-8.910125315403001
0.937000000000000	19.420609039026001	-7.955384205090000
0.938000000000000	19.415121566383998	-7.006610428995000
0.939000000000000	19.408291222772000	-5.489836781897000
0.940000000000000	19.401029290414002	-2.682107610997000
0.941000000000000	19.396856035862999	1.687707304905000
0.942000000000000	19.399450042481998	7.058580281767000
0.943000000000000	19.410244278655998	12.178227136141000
0.944000000000000	19.427586037312000	15.683486284689000
0.945000000000000	19.447732029653000	16.760047370172000
0.946000000000000	19.466486497302999	15.509424107055001
0.947000000000000	19.480653400823002	12.837313369702001
0.948000000000000	19.489457756231001	9.930400780071000
0.949000000000000	19.495139656999999	7.624720572950000
0.950000000000000	19.500896003686002	6.067634750280000
0.951000000000000	19.507627657494002	4.883999745209000
0.952000000000000	19.513795645655001	3.659713143649000
0.953000000000000	19.517752630964001	2.325222440628000
0.954000000000000	19.518876849177001	1.171233634569000
0.955000000000000	19.517980517144000	0.557413560034000
0.956000000000000	19.517124263077001	0.585835598896000
0.957000000000000	19.517815502413001	0.992576008880000
0.958000000000000	19.519900106426999	1.309371334542000
0.959000000000000	19.522244848122000	1.133890165799000
0.960000000000000	19.523761619125001	0.308935667209000
0.961000000000000	19.523749321770001	-1.062444106354000
0.962000000000000	19.521675865112002	-2.720163222239000
0.963000000000000	19.517428449731000	-4.395224689586000
0.964000000000000	19.511757912373000	-5.926047881326000
0.965000000000000	19.505584003907000	-7.261123731551000
0.966000000000000	19.498494531986999	-8.347688085328000
0.967000000000000	19.489299969124001	-9.054896776012001
0.968000000000000	19.478637919031002	-9.267928820388001
0.969000000000000	19.468936113514999	-9.045349203987000
0.970000000000000	19.461324205825999	-8.588803439675001
0.971000000000000	19.454549325441999	-7.992639328152000
0.972000000000000	19.447305393034000	-7.038280164636000
0.973000000000000	19.440050622200999	-5.265742750343000
0.974000000000000	19.434371228663998	-2.275730791142000
0.975000000000000	19.432046811867000	1.947472936444000
0.976000000000000	19.434994676115998	6.868113527819000
0.977000000000000	19.444732282537998	11.490449435488999
0.978000000000000	19.460581865487001	14.726611581347001
0.979000000000000	19.479105067555999	15.881325697813001
0.980000000000000	19.496455903845000	14.956078553468000
0.981000000000000	19.510388503098000	12.579593919116000
0.982000000000000	19.520227237760999	9.641238897246000
0.983000000000000	19.526843086111999	6.881954816504000
0.984000000000000	19.531953141279001	4.680513110072000
0.985000000000000	19.536027039174002	3.104191459121000
0.986000000000000	19.538445157761998	2.081952223785000
0.987000000000000	19.539841437955999	1.513597170657000
0.988000000000000	19.541541523970000	1.299357806394000
0.989000000000000	19.543338015062002	1.374563272008000
0.990000000000000	19.544255119723001	1.714293158814000
0.991000000000000	19.544829618565000	2.219964146467000
0.992000000000000	19.547000204023000	2.591373941053000
0.993000000000000	19.551248357757999	2.410525984385000
0.994000000000000	19.555242673062001	1.439696104021000
0.995000000000000	19.556414660870001	-0.163912849004000
0.996000000000000	19.554132249714002	-1.968847583379000
0.997000000000000	19.549285168509002	-3.641433551790000
0.998000000000000	19.543784993759999	-5.240244086631000
0.999000000000000	19.539131881482000	-7.146641445176000
1.000000000000000	19.533847595504000	-9.637818164570000
1.001000000000000	19.524397109584999	-12.460827973831000
1.002000000000000	19.509530164160999	-14.817342745595999
1.003000000000000	19.491737619957000	-15.779437444292000
1.004000000000000	19.474473563538002	-14.756285287167000
1.005000000000000	19.459970963749999	-11.684195597108999
1.006000000000000	19.449699841956999	-6.956057812343000
1.007000000000000	19.445059844576999	-1.273701009479000
1.008000000000000	19.446950252379001	4.495148579020000
1.009000000000000	19.455226136094002	9.491050629284001
1.010000000000000	19.468517226985000	13.083206914049001
1.011000000000000	19.484413769202000	15.055466720993000
1.012000000000000	19.500279951772001	15.624746935379999
1.013000000000000	19.514660182657000	15.227911912905000
1.014000000000000	19.528068877843001	14.196786891607999
1.015000000000000	19.541562428748001	12.581857082876001
1.016000000000000	19.554661868876000	10.288494678265000
1.017000000000000	19.565230361510000	7.394738142319000
1.018000000000000	19.571197234094999	4.329201672266000
1.019000000000000	19.572666736493002	1.725255462008000
1.020000000000000	19.571932336400000	0.093842211109000
1.021000000000000	19.571009489304000	-0.391558744023000
1.022000000000000	19.570497855119001	0.120458336259000
1.023000000000000	19.570795903097999	1.281864691439000
1.024000000000000	19.572651162471001	2.639737523188000
1.025000000000000	19.576357261664000	3.708504012410000
1.026000000000000	19.581215195161001	4.071307551951000
1.027000000000000	19.585909403782999	3.485233989347000
1.028000000000000	19.589105277281998	1.919385872479000
1.029000000000000	19.589998377286001	-0.491789383160000
1.030000000000000	19.588275308128001	-3.521623085370000
1.031000000000000	19.583257285308999	-6.893643362346000
1.032000000000000	19.574490750976999	-10.295827223916000
1.033000000000000	19.562870613036999	-13.372861595941000
1.034000000000000	19.549069826863999	-15.675388478306999
1.035000000000000	19.532331885777001	-16.638742203347000
1.036000000000000	19.513157453285000	-15.765396963165999
1.037000000000000	19.495499733625000	-12.994523492928000
1.038000000000000	19.484067932154002	-8.899924202080999
1.039000000000000	19.479985474526000	-4.402506521676000
1.040000000000000	19.480313238549002	-0.192200209914000
1.041000000000000	19.482188530308999	3.595622197951000
1.042000000000000	19.485945651826000	7.176184383204000
1.043000000000000	19.493299254019000	10.650671397272999
1.044000000000000	19.504884940517002	13.715101148735000
1.045000000000000	19.520299309824001	15.715346273633999
1.046000000000000	19.538236022092001	15.951231791387000
1.047000000000000	19.556043193600001	14.052740113049000
1.048000000000000	19.570407269042999	10.252296368573001
1.049000000000000	19.579016929121000	5.417097498679000
1.050000000000000	19.581347591922999	0.819289687312000
1.051000000000000	19.578270020087000	-2.264958632739000
1.052000000000000	19.572107889482002	-2.998511207515000
1.053000000000000	19.566799075512002	-1.317947292760000
1.054000000000000	19.566090378601000	2.014015659928000
1.055000000000000	19.571183268428001	5.715259072478000
1.056000000000000	19.580717944000000	8.502274471571001
1.057000000000000	19.592149924095001	9.535927800682000
1.058000000000000	19.602883196878999	8.604979557313000
1.059000000000000	19.611172940062001	6.060693002197000
1.060000000000000	19.615927969714001	2.629204989419000
1.061000000000000	19.616034309115001	-0.822244487380000
1.062000000000000	19.611469925807000	-3.579338169138000
1.063000000000000	19.604559283202001	-5.385369529440000
1.064000000000000	19.598266264747000	-6.543003921267000
1.065000000000000	19.593227668550998	-7.642489352357000
1.066000000000000	19.587234167230999	-9.075019531924999
1.067000000000000	19.577788590341999	-10.737673774613000
1.068000000000000	19.565028457430000	-12.159567561743000
1.069000000000000	19.551307386843000	-12.857299774530000
1.070000000000000	19.538266292403002	-12.561230601568001
1.071000000000000	19.526160291743000	-11.199717749180000
1.072000000000000	19.515514624143002	-8.809909196882000
1.073000000000000	19.507595219157999	-5.526708049735000
1.074000000000000	19.503545541886002	-1.622760855533000
1.075000000000000	19.503906667104001	2.491908158387000
1.076000000000000	19.508747710038001	6.340465284725000
1.077000000000000	19.517542742204000	9.490211652668000
1.078000000000000	19.528877316820999	11.646731999422000
1.079000000000000	19.541332976627000	12.676825182519000
1.080000000000000	19.554430891982001	12.576202348906000
1.081000000000000	19.567645208502999	11.474710766116001
1.082000000000000	19.579322379987001	9.707916650573001
1.083000000000000	19.587780578867999	7.826912884280000
1.084000000000000	19.593147899898000	6.414724219988000
1.085000000000000	19.597276834597999	5.784654681974000
1.086000000000000	19.602247331478999	5.805209055368000
1.087000000000000	19.609157892864999	6.024258530184000
1.088000000000000	19.617097620887002	6.015609675903000
1.089000000000000	19.623681737318002	5.659255779847000
1.090000000000000	19.627942510324001	5.105051975929000
1.091000000000000	19.631316604093001	4.476629567021000
1.092000000000000	19.635131849814002	3.635958152076000
1.093000000000000	19.639201131398998	2.244752679530000
1.094000000000000	19.642230497370001	0.053196539608000
1.095000000000000	19.642026553164001	-2.846063369225000
1.096000000000000	19.637193601031999	-6.009288356886000
1.097000000000000	19.628598671984001	-8.870220189931001
1.098000000000000	19.617645468052000	-11.008462399906000
1.099000000000000	19.605056867845999	-12.288131201144999
1.100000000000000	19.591840696380000	-12.852826211594000
1.101000000000000	19.579307761129002	-13.010498571031000
1.102000000000000	19.567895395067001	-13.009604424295000
1.103000000000000	19.556527642376999	-12.784614302536999
1.104000000000000	19.543872896187999	-11.878856946622999
1.105000000000000	19.530723733714002	-9.690632227201000
1.106000000000000	19.520167714111999	-5.909730899134000
1.107000000000000	19.515326984303002	-0.813772546215000
1.108000000000000	19.517588142278001	4.789652487055000
1.109000000000000	19.526386258498000	9.897253502338000
1.110000000000000	19.539880167557001	13.673336369954001
1.111000000000000	19.555888935050000	15.649864533045999
1.112000000000000	19.572526161071000	15.737059262564999
1.113000000000000	19.588357913003001	14.146245340762000
1.114000000000000	19.602146572536999	11.337247861359000
1.115000000000000	19.612435670399002	8.001282687596000
1.116000000000000	19.618075500810999	4.974117537911000
1.117000000000000	19.619717255424000	2.991404328100000
1.118000000000000	19.620077451370999	2.379554675996000
1.119000000000000	19.621983373130000	2.921523319117000
1.120000000000000	19.626286501576999	4.030104751433000
1.121000000000000	19.632000671610999	5.088652293699000
1.122000000000000	19.637996069294999	5.691248172076000
1.123000000000000	19.643691549339000	5.655449627604000
1.124000000000000	19.648873886775000	4.901495535147000
1.125000000000000	19.653647581270999	3.379866677282000
1.126000000000000	19.657315513779999	1.140825322968000
1.127000000000000	19.657828461670000	-1.549397412685000
1.128000000000000	19.653926819702999	-4.245882969874000
1.129000000000000	19.646763470431001	-6.564920455661000
1.130000000000000	19.638568839145002	-8.409317395697000
1.131000000000000	19.630237698993000	-9.935569710011000
1.132000000000000	19.620830469385002	-11.293381942726000
1.133000000000000	19.609401202737001	-12.399338400627000
1.134000000000000	19.596264186252000	-12.934893648302999
1.135000000000000	19.582413240270999	-12.533999347618000
1.136000000000000	19.569006894280999	-11.016774968053999
1.137000000000000	19.558014082086000	-8.536994950023001
1.138000000000000	19.551615598371001	-5.526211186964000
1.139000000000000	19.549691884660000	-2.411680376841000
1.140000000000000	19.549776481319999	0.676003638570000
1.141000000000000	19.550505458465999	3.882309645293000
1.142000000000000	19.553654207640001	7.264171039406000
1.143000000000000	19.561938976924999	10.462212629042000
1.144000000000000	19.575565884075999	12.792614443966000
1.145000000000000	19.591823949793000	13.708033359183000
1.146000000000000	19.607233353359000	13.211423545069000
1.147000000000000	19.619376624303001	11.864097385702999
1.148000000000000	19.628191747763001	10.385014341032999
1.149000000000000	19.635972255245001	9.170348083053000
1.150000000000000	19.644806949850999	8.124708754813000
1.151000000000000	19.654111602602001	6.913489959751000
1.152000000000000	19.661424999023001	5.350333873036000
1.153000000000000	19.665450574089999	3.543340550429000
1.154000000000000	19.667343422567001	1.745042396705000
1.155000000000000	19.668484847477000	0.174516668802000
1.156000000000000	19.668458085508000	-0.995710230133000
1.157000000000000	19.666411781493998	-1.602155533013000
1.158000000000000	19.663242030650999	-1.580780755321000
1.159000000000000	19.661086702115000	-1.116495964811000
1.160000000000000	19.661032880627999	-0.624954388078000
1.161000000000000	19.662071225460000	-0.516029804092000
1.162000000000000	19.662056239150999	-0.964017141296000
1.163000000000000	19.659756575867000	-1.927783312835000
1.164000000000000	19.655986500301999	-3.386673884288000
1.165000000000000	19.652036769544001	-5.494683025563000
1.166000000000000	19.647344589947998	-8.422133571144000
1.167000000000000	19.639395763359001	-12.000699014248999
1.168000000000000	19.626007712246999	-15.527038953496000
1.169000000000000	19.607564857880998	-17.944871656644999
1.170000000000000	19.586803158704001	-18.283745982734001
1.171000000000000	19.567070573973002	-16.055539155748999
1.172000000000000	19.551474732235999	-11.412757372014999
1.173000000000000	19.542571194990000	-5.060821369306000
1.174000000000000	19.541373516004999	1.976036597769000
1.175000000000000	19.547333218645999	8.606870961684001
1.176000000000000	19.559707980077999	13.863955765249999
1.177000000000000	19.577339403578002	17.057770802891000
1.178000000000000	19.597368722431000	17.941451560876001
1.179000000000000	19.616106276920000	16.801258878479000
1.180000000000000	19.631320816487001	14.334986024494000
1.181000000000000	19.643109211161001	11.350696700338000
1.182000000000000	19.652486609133000	8.504964993109001
1.183000000000000	19.659651924978998	6.233372495258000
1.184000000000000	19.664368065782000	4.792117806399000
1.185000000000000	19.667590270226000	4.252323004777000
1.186000000000000	19.671309297232000	4.452865590695000
1.187000000000000	19.676531244401001	5.046490976987000
1.188000000000000	19.682661561530999	5.665941731908000
1.189000000000000	19.688886079934001	6.071830180150000
1.190000000000000	19.694987338880001	6.167748633562000
1.191000000000000	19.700920006021001	5.916484456899000
1.192000000000000	19.706400619242000	5.256054979402000
1.193000000000000	19.711152871698999	4.072229837517000
1.194000000000000	19.714951973685000	2.241461473008000
1.195000000000000	19.716905690573000	-0.274015827052000
1.196000000000000	19.715401344031999	-3.358732028670000
1.197000000000000	19.709702594557999	-6.792491701565000
1.198000000000000	19.700811481085999	-10.368697124358000
1.199000000000000	19.689532303943999	-13.915922778530000
1.200000000000000	19.674822997745000	-17.178047787560001
1.201000000000000	19.655798548477001	-19.731689985039999
1.202000000000000	19.634159758738999	-21.081849615740001
1.203000000000000	19.612588567856999	-20.822523518318999
1.204000000000000	19.592322935382999	-18.697833135829001
1.205000000000000	19.574196317245001	-14.615300068403000
1.206000000000000	19.560315358714000	-8.753898219121000
1.207000000000000	19.553496119695001	-1.720566006944000
1.208000000000000	19.555652249752999	5.457722388518000
1.209000000000000	19.566372127667002	11.616658295052000
1.210000000000000	19.582744255154999	15.865880105043001
1.211000000000000	19.601282308174000	17.855327999949001
1.212000000000000	19.619943380810000	17.765496737599001
1.213000000000000	19.637574827590001	16.133821184159999
1.214000000000000	19.652712688497999	13.683534131418000
1.215000000000000	19.664355665797999	11.174025221314000
1.216000000000000	19.672803859502999	9.203006216825999
1.217000000000000	19.679379606983002	7.981097418847000
1.218000000000000	19.686173928820999	7.234535871370000
1.219000000000000	19.694699943478000	6.402060485798000
1.220000000000000	19.703511756221999	5.090665457911000
1.221000000000000	19.709083543285001	3.453186479822000
1.222000000000000	19.710019311684999	2.107799032504000
1.223000000000000	19.708568193535999	1.610348442811000
1.224000000000000	19.708140941141998	1.929379842743000
1.225000000000000	19.710802203583999	2.378797985325000
1.226000000000000	19.716034099228001	2.066512037483000
1.227000000000000	19.720502943717999	0.503541762078000
1.228000000000000	19.720363733264001	-2.109245996172000
1.229000000000000	19.714816338508999	-5.134276498123000
1.230000000000000	19.706169071800002	-8.029733979828000
1.231000000000000	19.696618349503002	-10.662523459998001
1.232000000000000	19.686239333926000	-13.158446714896000
1.233000000000000	19.673652575131001	-15.499697525354000
1.234000000000000	19.657631895479000	-17.271558487785001
1.235000000000000	19.638296360536000	-17.790700606914001
1.236000000000000	19.618013357477000	-16.527756861059000
1.237000000000000	19.600818241031000	-13.495887678801999
1.238000000000000	19.589639556232999	-9.283650552773000
1.239000000000000	19.584445398139000	-4.701234509020000
1.240000000000000	19.583440626470001	-0.343064858369000
1.241000000000000	19.585289839399000	3.590217447167000
1.242000000000000	19.589931404394001	7.142258048192000
1.243000000000000	19.598023155393001	10.334836254560001
1.244000000000000	19.609838319719000	13.027499227969001
1.245000000000000	19.624460546641000	14.966302472860001
1.246000000000000	19.640475394669998	15.911662775922000
1.247000000000000	19.656942712989999	15.729389003733999
1.248000000000000	19.672882919218999	14.433365232888001
1.249000000000000	19.686912815761001	12.211476795279999
1.250000000000000	19.698021839102001	9.424791389027000
1.251000000000000	19.705919592061001	6.555818050103000
1.252000000000000	19.710730642535999	4.111910888059000
1.253000000000000	19.712866458703999	2.496933922444000
1.254000000000000	19.713481643615999	1.866994039317000
1.255000000000000	19.714523105224000	2.038669435213000
1.256000000000000	19.717202341438000	2.549122174076000
1.257000000000000	19.721019018153999	2.870473559924000
1.258000000000000	19.724751098668001	2.637334894837000
1.259000000000000	19.727405221344000	1.739096526215000
1.260000000000000	19.728438446304999	0.261698354946000
1.261000000000000	19.727790839067001	-1.622135315693000
1.262000000000000	19.725299706045998	-3.720730272650000
1.263000000000000	19.720348091220000	-5.848806961881000
1.264000000000000	19.712795566297999	-7.872301360890000
1.265000000000000	19.703384598153001	-9.779641276441000
1.266000000000000	19.692881145641000	-11.687286374475001
1.267000000000000	19.681550940377001	-13.693378231507999
1.268000000000000	19.668634533972000	-15.632206123421000
1.269000000000000	19.652594546124998	-16.936584968864999
1.270000000000000	19.633555451324000	-16.809474015625000
1.271000000000000	19.614557343308999	-14.663157838440000
1.272000000000000	19.599728659556000	-10.508016068724000
1.273000000000000	19.591890088002000	-4.981798640851000
1.274000000000000	19.591190774640001	0.977708514240000
1.275000000000000	19.596050558864000	6.525337002624000
1.276000000000000	19.605510365848001	11.100350635430001
1.277000000000000	19.619043261727001	14.408349201791999
1.278000000000000	19.634976414943001	16.334555200410001
1.279000000000000	19.651701529008001	16.868668361017999
1.280000000000000	19.668927381643002	16.073514557791000
1.281000000000000	19.685621347847000	14.147500420614000
1.282000000000000	19.699278231888002	11.529808327160000
1.283000000000000	19.708573621119999	8.862295060598001
1.284000000000000	19.714287753880999	6.722424680560000
1.285000000000000	19.718285764044001	5.299154970217000
1.286000000000000	19.722860730257999	4.294771936901000
1.287000000000000	19.728730824064002	3.190596582491000
1.288000000000000	19.733633658938999	1.708951825252000
1.289000000000000	19.734897606442001	0.082671574690000
1.290000000000000	19.732606262823001	-1.116572047325000
1.291000000000000	19.729097352737998	-1.430167687397000
1.292000000000000	19.726581661301001	-0.859420273897000
1.293000000000000	19.726028239940000	0.109299597797000
1.294000000000000	19.727169170860002	0.727074521672000
1.295000000000000	19.728964163360001	0.269606705411000
1.296000000000000	19.730136942613999	-1.715850925287000
1.297000000000000	19.728903422519000	-5.221732540749000
1.298000000000000	19.722806629034000	-9.693278529106999
1.299000000000000	19.710177976819001	-14.150843164267000
1.300000000000000	19.691850192470000	-17.554619625485000
1.301000000000000	19.670793947686001	-19.238114742510000
1.302000000000000	19.650260445659999	-19.128083930216999
1.303000000000000	19.632314637825001	-17.606641911823001
1.304000000000000	19.617313557704001	-15.135297614186999
1.305000000000000	19.604584364695000	-11.927189118858999
1.306000000000000	19.593920227068999	-7.905659792618000
1.307000000000000	19.586430549008998	-2.967558736371000
1.308000000000000	19.584317462845998	2.666346984946000
1.309000000000000	19.589740972531999	8.318107354674000
1.310000000000000	19.602747966500001	13.093567705838000
1.311000000000000	19.620301002779001	16.340081756379000
1.312000000000000	19.638583643423001	17.943900768711000
1.313000000000000	19.656034765975001	18.229278014639998
1.314000000000000	19.673087898729001	17.604606269510999
1.315000000000000	19.689838483256999	16.293903268120999
1.316000000000000	19.705478051831001	14.319777455418000
1.317000000000000	19.719280387385002	11.657657924034000
1.318000000000000	19.730506298340000	8.421125110142000
1.319000000000000	19.737896912303999	4.978043350854000
1.320000000000000	19.740771841726001	1.916095071682000
1.321000000000000	19.740082304522002	-0.161059276138000
1.322000000000000	19.737670578993999	-0.904895477096000
1.323000000000000	19.735492522950000	-0.404281612437000
1.324000000000000	19.735335707506000	0.822128038506000
1.325000000000000	19.737705511485998	2.024235399110000
1.326000000000000	19.741329252370001	2.503998739660000
1.327000000000000	19.744642849588999	1.831523559732000
1.328000000000000	19.746680074716998	-0.076236769669000
1.329000000000000	19.746043763787998	-2.978793682554000
1.330000000000000	19.741052016876999	-6.416371787614000
1.331000000000000	19.731739644105001	-9.899552197598000
1.332000000000000	19.719672564627999	-13.088294011702001
1.333000000000000	19.705683490716002	-15.803502399045000
1.334000000000000	19.689522662333001	-17.868410879336999
1.335000000000000	19.670998916807999	-18.968910796422001
1.336000000000000	19.650909970032000	-18.698701933470002
1.337000000000000	19.631542032241999	-16.755750036786001
1.338000000000000	19.615533432734001	-13.113072607998999
1.339000000000000	19.604393999736999	-8.043674369002000
1.340000000000000	19.598821024983000	-2.047291752554000
1.341000000000000	19.599397164738001	4.210960331971000
1.342000000000000	19.606694922458999	9.945893166319999
1.343000000000000	19.620544002843999	14.381045885117000
1.344000000000000	19.638669361458000	16.989547222121999
1.345000000000000	19.657551560870999	17.696792975786000
1.346000000000000	19.675012337388001	16.863271303729000
1.347000000000000	19.690617002854001	15.064681367474000
1.348000000000000	19.704279344585999	12.861415369729000
1.349000000000000	19.715684019699999	10.687610592138000
1.350000000000000	19.724871219981001	8.830386064081001
1.351000000000000	19.732557929662001	7.432788286250000
1.352000000000000	19.739344028763000	6.510069264816000
1.353000000000000	19.745258458133002	5.975193838356000
1.354000000000000	19.750535219473001	5.644848624983000
1.355000000000000	19.756024560029001	5.244527466414000
1.356000000000000	19.761922967358998	4.487646083552000
1.357000000000000	19.766920025659999	3.229219747980000
1.358000000000000	19.769686763047002	1.566309469266000
1.359000000000000	19.769938835043000	-0.224206682895000
1.360000000000000	19.767917173760999	-1.874911035697000
1.361000000000000	19.764245004610999	-3.319284658261000
1.362000000000000	19.759780651069001	-4.771503056023000
1.363000000000000	19.754910968530002	-6.627162608866000
1.364000000000000	19.749009732866998	-9.195768612015000
1.365000000000000	19.740274662208002	-12.397811376705000
1.366000000000000	19.726616313002001	-15.647301951176001
1.367000000000000	19.707919045141001	-18.062876619509002
1.368000000000000	19.686857286831000	-18.897228717621001
1.369000000000000	19.666748962149001	-17.876961987184000
1.370000000000000	19.649676313489000	-15.236333076389000
1.371000000000000	19.636515048265000	-11.501763841933000
1.372000000000000	19.627636847878001	-7.232729440177000
1.373000000000000	19.623154479341000	-2.860994086738000
1.374000000000000	19.622577218657000	1.341572165310000
1.375000000000000	19.625477454984001	5.193060687815000
1.376000000000000	19.632368099130002	8.511244630141000
1.377000000000000	19.643261694437999	11.119921559072001
1.378000000000000	19.656401023293999	12.963245517841001
1.379000000000000	19.669982171706000	14.174322100875001
1.380000000000000	19.683742032272999	14.971740913239000
1.381000000000000	19.698215650868999	15.465053298849000
1.382000000000000	19.713714432518000	15.557276462666000
1.383000000000000	19.729848016801000	15.028332896341000
1.384000000000000	19.745275188954000	13.716585943842000
1.385000000000000	19.758455211891999	11.645812841914999
1.386000000000000	19.768823262072999	9.019860157109999
1.387000000000000	19.776546469431000	6.144566932017000
1.388000000000000	19.781468432754998	3.373164941659000
1.389000000000000	19.783216857344001	1.070105733268000
1.390000000000000	19.782226759596000	-0.482276277985000
1.391000000000000	19.780076388891999	-1.227179081546000
1.392000000000000	19.778359273153001	-1.405261835670000
1.393000000000000	19.777367321676000	-1.467513600279000
1.394000000000000	19.776464222087998	-1.885053611493000
1.395000000000000	19.775018627622998	-2.976081586809000
1.396000000000000	19.772039800816000	-4.818220679351000
1.397000000000000	19.766061636690999	-7.270134780074000
1.398000000000000	19.756710499278000	-10.095843407915000
1.399000000000000	19.745119994248999	-13.087824959171000
1.400000000000000	19.731707083858002	-16.036641425334000
1.401000000000000	19.715490158691999	-18.555527384743002
1.402000000000000	19.696010167632000	-19.976586834348002
1.403000000000000	19.674161668949001	-19.516197657247002
1.404000000000000	19.652467000920002	-16.680279564681999
1.405000000000000	19.635430604176999	-11.648624518463000
1.406000000000000	19.626957818276999	-5.315897582702000
1.407000000000000	19.627105255078000	1.102335430109000
1.408000000000000	19.633083346738999	6.605593526330000
1.409000000000000	19.642518088721001	10.679422701669001
1.410000000000000	19.654653803685999	13.205748115705999
1.411000000000000	19.669144240489999	14.265229551498001
1.412000000000000	19.684503316602001	14.072345261508000
1.413000000000000	19.698568025631001	13.012808848760001
1.414000000000000	19.710364653308002	11.610109103617001
1.415000000000000	19.720493298023001	10.376102827605999
1.416000000000000	19.729900181300000	9.662435756406000
1.417000000000000	19.738793184599000	9.593370408266001
1.418000000000000	19.747324525823000	10.031741051382999
1.419000000000000	19.756940464488999	10.553835299970000
1.420000000000000	19.768666288114002	10.541757028077001
1.421000000000000	19.780854997300999	9.459772519895999
1.422000000000000	19.790971519983000	7.163152861771000
1.423000000000000	19.797455723039999	4.013155820347000
1.424000000000000	19.799209555017001	0.719856890980000
1.425000000000000	19.796418142688001	-2.005513348592000
1.426000000000000	19.791448008473999	-3.806425558428000
1.427000000000000	19.786681084333999	-4.820425114040000
1.428000000000000	19.782292369793002	-5.513068723151000
1.429000000000000	19.777242241425999	-6.368998454044000
1.430000000000000	19.770987938047000	-7.673008937873000
1.431000000000000	19.763086916561999	-9.453093476078999
1.432000000000000	19.752783971964000	-11.526726708165000
1.433000000000000	19.739892745329001	-13.596281481853000
1.434000000000000	19.725112624203000	-15.348962373571000
1.435000000000000	19.709189218858000	-16.503065901785000
1.436000000000000	19.692331720022999	-16.795618276416000
1.437000000000000	19.675262150478002	-15.975343151139000
1.438000000000000	19.659922145088000	-13.826816742511999
1.439000000000000	19.647645753639999	-10.194721447855001
1.440000000000000	19.638363212119000	-5.056250205260000
1.441000000000000	19.633374294984002	1.262128647989000
1.442000000000000	19.636423049990000	7.854965450558000
1.443000000000000	19.649413732984002	13.356933038593001
1.444000000000000	19.668981810651001	16.528686953184000
1.445000000000000	19.689384713643999	16.911238531351000
1.446000000000000	19.706739171445001	15.040869616607001
1.447000000000000	19.719540147627999	12.120770257767999
1.448000000000000	19.727856223419000	9.422687184360001
1.449000000000000	19.733367917702999	7.739551357923000
1.450000000000000	19.738952730908000	7.116766064598000
1.451000000000000	19.746821272782000	6.996229041922000
1.452000000000000	19.756437731281999	6.713760160651000
1.453000000000000	19.764874112268998	6.015118650775000
1.454000000000000	19.769879248494998	5.181609511128000
1.455000000000000	19.772237776910000	4.667719009511000
1.456000000000000	19.774846435802999	4.598797087601000
1.457000000000000	19.779847223192998	4.600842294193000
1.458000000000000	19.786555501329001	4.103260327822000
1.459000000000000	19.792025192023001	2.804936409913000
1.460000000000000	19.793888775692000	0.867639354698000
1.461000000000000	19.792270378622000	-1.298171379066000
1.462000000000000	19.788759872459000	-3.397423843316000
1.463000000000000	19.784290010443002	-5.424171614964000
1.464000000000000	19.778554337178001	-7.550479510448000
1.465000000000000	19.770863140496999	-9.886347409388000
1.466000000000000	19.760554476745000	-12.303622170774000
1.467000000000000	19.747117321388000	-14.420724825294000
1.468000000000000	19.730917200897000	-15.747357230730000
1.469000000000000	19.713720465836001	-15.897146875558001
1.470000000000000	19.697829502299001	-14.715304749254001
1.471000000000000	19.684349879172000	-12.242433826155001
1.472000000000000	19.673366627396000	-8.617761887973000
1.473000000000000	19.665715044877999	-4.086283182586000
1.474000000000000	19.663104445483999	0.893928978957000
1.475000000000000	19.666766967175001	5.629187673932000
1.476000000000000	19.676243177206999	9.388100343380000
1.477000000000000	19.689126309386999	11.725650115672000
1.478000000000000	19.702420928829000	12.677686689151001
1.479000000000000	19.714428731615001	12.649793378966001
1.480000000000000	19.725452895754000	12.088104268054000
1.481000000000000	19.736804561022002	11.222814890254000
1.482000000000000	19.748616116769998	10.101035924469000
1.483000000000000	19.759160901198999	8.821328124061999
1.484000000000000	19.766992752781000	7.666310553203000
1.485000000000000	19.772542307950999	6.952192077636000
1.486000000000000	19.777697287683001	6.735743562141000
1.487000000000000	19.784314921509999	6.682886674551000
1.488000000000000	19.792317748582001	6.252508323057000
1.489000000000000	19.799894712716000	5.059608762805000
1.490000000000000	19.805310977143002	3.143266794259000
1.491000000000000	19.807431957628999	0.966618974195000
1.492000000000000	19.805957105257001	-0.842986472650000
1.493000000000000	19.802184341739000	-1.875537248993000
1.494000000000000	19.798609676659002	-2.220552397091000
1.495000000000000	19.796739940862000	-2.450050667971000
1.496000000000000	19.795564453122999	-3.303981940827000
1.497000000000000	19.793011574542000	-5.304669727677000
1.498000000000000	19.787629362166999	-8.524987513404000
1.499000000000000	19.778151041074000	-12.554838329777001
1.500000000000000	19.763651586331999	-16.604041518058001
1.501000000000000	19.744636701163000	-19.693322527067000
1.502000000000000	19.722656689943001	-20.900635274296000
1.503000000000000	19.699731171157001	-19.629604521026000
1.504000000000000	19.679051166939001	-15.849691972244001
1.505000000000000	19.664729024738001	-10.180678813279000
1.506000000000000	19.659075255510000	-3.678353993852000
1.507000000000000	19.660650436828000	2.606129702030000
1.508000000000000	19.666797053629999	7.968492987274000
1.509000000000000	19.676873171903001	12.070027717389999
1.510000000000000	19.690992381120001	14.773202165231000
1.511000000000000	19.707541242531001	16.056384744923999
1.512000000000000	19.724067301104999	16.031683763332001
1.513000000000000	19.739404113563999	14.923608240544000
1.514000000000000	19.753549831933000	12.993566685803000
1.515000000000000	19.766085908465001	10.526115885358999
1.516000000000000	19.775735379413000	7.891415377601000
1.517000000000000	19.781793858764999	5.549888352734000
1.518000000000000	19.785267281092001	3.920576826703000
1.519000000000000	19.787759903303002	3.206910081902000
1.520000000000000	19.790206514261001	3.311910068305000
1.521000000000000	19.793429289190001	3.874777889164000
1.522000000000000	19.798217556251000	4.403333284738000
1.523000000000000	19.803997091020001	4.469512910010000
1.524000000000000	19.809053851881000	3.875738092646000
1.525000000000000	19.812260056054999	2.667940951040000
1.526000000000000	19.813473203726002	0.984414136558000
1.527000000000000	19.812992977642999	-1.117112114338000
1.528000000000000	19.811181676343001	-3.687206954579000
1.529000000000000	19.807603481419001	-6.720704835695000
1.530000000000000	19.800540756794000	-9.935339399828999
1.531000000000000	19.788639380905000	-12.729172082959000
1.532000000000000	19.772788555213001	-14.435919606263001
1.533000000000000	19.755553567980002	-14.729279919222000
1.534000000000000	19.739851538753999	-13.867397184434999
1.535000000000000	19.727717868797001	-12.558355936491999
1.536000000000000	19.718538793459000	-11.494225439059999
1.537000000000000	19.709550245713000	-10.871723835836001
1.538000000000000	19.698886385780000	-10.266991894214000
1.539000000000000	19.687120273681000	-8.966457761938001
1.540000000000000	19.676483292267999	-6.507420315248000
1.541000000000000	19.669758998123999	-3.056984130647000
1.542000000000000	19.668809861646999	0.602859782948000
1.543000000000000	19.673012956465001	3.454617357924000
1.544000000000000	19.679571502026999	4.728071089715000
1.545000000000000	19.685479891164999	4.179590235355000
1.546000000000000	19.688997894454001	2.052994179800000
1.547000000000000	19.689467436977001	-1.143848706725000
1.548000000000000	19.686375771933999	-4.845672760467000
1.549000000000000	19.679216308478001	-8.546123988161000
1.550000000000000	19.668141009637001	-11.871085867186000
1.551000000000000	19.654096374733001	-14.642115193011000
1.552000000000000	19.637870837283000	-16.900321012936001
1.553000000000000	19.619766800183001	-18.865756222209999
1.554000000000000	19.600260229048999	-20.839417572375002
1.555000000000000	19.579511543104999	-23.054098290849002
1.556000000000000	19.556384975707999	-25.517142687513001
1.557000000000000	19.529398367812998	-27.975403134110000
1.558000000000000	19.498738001281001	-30.099836034412998
1.559000000000000	19.466278444972001	-31.776505725478000
1.560000000000000	19.433618223703998	-33.244083279705002
1.561000000000000	19.400744141478999	-34.944903455777002
1.562000000000000	19.366114772427000	-37.226192173794999
1.563000000000000	19.327951273688001	-40.151757384508997
1.564000000000000	19.285673443665999	-43.553741576344002
1.565000000000000	19.239793654957001	-47.218787099514003
1.566000000000000	19.190942079334999	-50.995779488404999
1.567000000000000	19.139103906104999	-54.721195821001999
1.568000000000000	19.083403454708002	-58.065135241744002
1.569000000000000	19.023314317225001	-60.507203677634998
1.570000000000000	18.960194298826000	-61.542848752258998
1.571000000000000	18.896757308018000	-60.994126439448998
1.572000000000000	18.835411001411000	-59.190898330225998
1.573000000000000	18.777492139833001	-56.894250829352998
1.574000000000000	18.722909342133999	-55.014845122978997
1.575000000000000	18.670093074549001	-54.286503190026004
1.576000000000000	18.616814057942001	-55.058549330524002
1.577000000000000	18.561311176280000	-57.281028749831002
1.578000000000000	18.502732403368999	-60.623844086558002
1.579000000000000	18.440389651158000	-64.610896879044006
1.580000000000000	18.373387882684000	-68.723215638577997
1.581000000000000	18.301709725003999	-72.510966382299998
1.582000000000000	18.226624211427001	-75.714045676942007
1.583000000000000	18.149372343877999	-78.303679463441000
1.584000000000000	18.070333509413999	-80.393787051252005
1.585000000000000	17.989360675606001	-82.102556137598995
1.586000000000000	17.906156330595000	-83.500293743314003
1.587000000000000	17.821132536232000	-84.686855329053003
1.588000000000000	17.735700031973000	-85.883641911913003
1.589000000000000	17.650280818757999	-87.378614024154999
1.590000000000000	17.563241135754001	-89.330990011392998
1.591000000000000	17.472968199937000	-91.641309805383997
1.592000000000000	17.379244950301999	-94.048876689365002
1.593000000000000	17.282642519902002	-96.387764413541007
1.594000000000000	17.184253483985000	-98.787396530167996
1.595000000000000	17.084765748174000	-101.649480843343000
1.596000000000000	16.982922423030999	-105.408348283899000
1.597000000000000	16.876325837422002	-110.263436079844000
1.598000000000000	16.763622591663999	-116.079835549756000
1.599000000000000	16.644639704376001	-122.463202349764000
1.600000000000000	16.519079924991001	-128.879841643078010
1.601000000000000	16.386560472759001	-134.766752768832990
1.602000000000000	16.247786159924999	-139.675245598017990
1.603000000000000	16.104856212904000	-143.425581767754010
1.604000000000000	15.959916399440001	-146.140290443733990
1.605000000000000	15.813532001440000	-148.089711321301000
1.606000000000000	15.665168280935999	-149.479759513864990
1.607000000000000	15.514780650591000	-150.381906583376010
1.608000000000000	15.363119300075001	-150.852919583149000
1.609000000000000	15.211481670702000	-151.096499191930010
1.610000000000000	15.060787130125000	-151.479929375459990
1.611000000000000	14.910255984005000	-152.363960284565000
1.612000000000000	14.758147061221001	-153.894641319058990
1.613000000000000	14.603334343853000	-155.946431660901990
1.614000000000000	14.445563426008000	-158.257278730287990
1.615000000000000	14.285401980245000	-160.623203183693990
1.616000000000000	14.123847938080999	-162.974624674941990
1.617000000000000	13.960792754711999	-165.269070421674000
1.618000000000000	13.794919933449000	-167.329110242054010
1.619000000000000	13.625932010979000	-168.833054945050010
1.620000000000000	13.455253165317000	-169.502830241916000
1.621000000000000	13.284813786072000	-169.308781482323010
1.622000000000000	13.116071169185000	-168.491184418878990
1.623000000000000	12.949000358453000	-167.389143982656010
1.624000000000000	12.782411034760001	-166.260937833090000
1.625000000000000	12.615940959829000	-165.274340330067990
1.626000000000000	12.450558155515999	-164.629591757644990
1.627000000000000	12.286839787687001	-164.600466893783990
1.628000000000000	12.123597415651000	-165.376547603672010
1.629000000000000	11.958784533045000	-166.842940514541000
1.630000000000000	11.791132061688000	-168.527003909902990
1.631000000000000	11.620659324889999	-169.791791007811010
1.632000000000000	11.448851168317001	-170.148133663928010
1.633000000000000	11.277972017795999	-169.467977430192010
1.634000000000000	11.109336874254000	-167.962844160729990
1.635000000000000	10.942928634431000	-165.979975950667010
1.636000000000000	10.778533089233999	-163.790312199656000
1.637000000000000	10.616344100556001	-161.481993795850000
1.638000000000000	10.456574624444000	-158.944983400326010
1.639000000000000	10.299078031621001	-155.912228430480010
1.640000000000000	10.143860205765000	-152.087601714121010
1.641000000000000	9.992067454940999	-147.378961895175990
1.642000000000000	9.845680253735001	-142.128397421864010
1.643000000000000	9.706105482869001	-137.142705019794990
1.644000000000000	9.573157088863001	-133.409768133152990
1.645000000000000	9.444253069614000	-131.607138948890000
1.646000000000000	9.315001099716000	-131.713017368168010
1.647000000000000	9.182366840311000	-133.016867196752000
1.648000000000000	9.046883135930999	-134.520982609494010
1.649000000000000	8.910595097777000	-135.397298239967000
1.650000000000000	8.774488666989001	-135.193347032687000
1.651000000000000	8.639214142283000	-133.794921318235000
1.652000000000000	8.505947889609001	-131.330661456345010
1.653000000000000	8.375686264043001	-128.115941633141010
1.654000000000000	8.249266696586000	-124.601727773639000
1.655000000000000	8.127241719607000	-121.263854827635000
1.656000000000000	8.008792294911000	-118.430934883476990
1.657000000000000	7.892259249972000	-116.151687138136000
1.658000000000000	7.776845307562000	-114.220859972540000
1.659000000000000	7.662813839743000	-112.355798751741010
1.660000000000000	7.550738986192000	-110.389579522161000
1.661000000000000	7.440911579041000	-108.367119285985000
1.662000000000000	7.333282372711000	-106.532567380392000
1.663000000000000	7.227841842238000	-105.240390959885000
1.664000000000000	7.124062734890000	-104.805641806222000
1.665000000000000	7.020434168971000	-105.324190539849990
1.666000000000000	6.915612740990000	-106.540021788187000
1.667000000000000	6.808938548460000	-107.833590322194000
1.668000000000000	6.699929248786000	-108.369018126860000
1.669000000000000	6.589369144981000	-107.403671548495000
1.670000000000000	6.480420110018000	-104.657434545623000
1.671000000000000	6.376686692886000	-100.501796518501000
1.672000000000000	6.279405963880000	-95.795361148872999
1.673000000000000	6.187336543257000	-91.482992804299002
1.674000000000000	6.098692472953000	-88.257056788547004
1.675000000000000	6.012329427317000	-86.441932484164994
1.676000000000000	5.927263875161000	-86.021121126059001
1.677000000000000	5.841917271098000	-86.679938259918998
1.678000000000000	5.754640566643000	-87.872506737140000
1.679000000000000	5.664933918420000	-88.994326166825005
1.680000000000000	5.573981532065000	-89.631744521556996
1.681000000000000	5.483672700251000	-89.716417426101003
1.682000000000000	5.394674491604000	-89.448127679555995
1.683000000000000	5.306356938820000	-89.051571493693999
1.684000000000000	5.218128230457000	-88.571190583212001
1.685000000000000	5.129669330607000	-87.848483513727999
1.686000000000000	5.041340426852000	-86.670305903157001
1.687000000000000	4.954602734624000	-84.955343478440994
1.688000000000000	4.870773216987000	-82.819547806174000
1.689000000000000	4.789798962556000	-80.472631921116005
1.690000000000000	4.710789428458000	-78.072856135859993
1.691000000000000	4.633335163196000	-75.708067761215005
1.692000000000000	4.557922853756000	-73.514696173296002
1.693000000000000	4.485380785229000	-71.769844906160998
1.694000000000000	4.415647301847000	-70.796113754556998
1.695000000000000	4.346698873764000	-70.722941550469002
1.696000000000000	4.275846863973000	-71.351657917511005
1.697000000000000	4.202524757008000	-72.308828269250995
1.698000000000000	4.128558201666000	-73.349387437600996
1.699000000000000	4.055394870102000	-74.466110211960995
1.700000000000000	3.982256693759000	-75.665153217479002
1.701000000000000	3.907194077102000	-76.654236483863997
1.702000000000000	3.829330767241000	-76.808976931553005
1.703000000000000	3.750206620177000	-75.518415939720001
1.704000000000000	3.673235300944000	-72.650640132053994
1.705000000000000	3.601708238966000	-68.753983594138006
1.706000000000000	3.536598428195000	-64.812373299217001
1.707000000000000	3.475933342091000	-61.732608658803997
1.708000000000000	3.416631609712000	-59.949654580432998
1.709000000000000	3.357056146069000	-59.397333433428003
1.710000000000000	3.297275035770000	-59.748244513476997
1.711000000000000	3.237091815839000	-60.650983891827998
1.712000000000000	3.175582619504000	-61.831757348320998
1.713000000000000	3.112706089897000	-63.111653343977999
1.714000000000000	3.049301725063000	-64.376666875302007
1.715000000000000	2.985263339288000	-65.479033525812000
1.716000000000000	2.919473786370000	-66.143082831748998
1.717000000000000	2.851955854022000	-66.027983581057995
1.718000000000000	2.784840943228000	-64.942525045108994
1.719000000000000	2.720497684750000	-62.992367887078998
1.720000000000000	2.659403058894000	-60.496441524397000
1.721000000000000	2.600727228687000	-57.777710149737999
1.722000000000000	2.544217788860000	-55.049786990179001
1.723000000000000	2.490098158186000	-52.469869023367004
1.724000000000000	2.438330231492000	-50.253879636580002
1.725000000000000	2.389075950346000	-48.721202857683998
1.726000000000000	2.341959825732000	-48.200102053788001
1.727000000000000	2.295072532112000	-48.833024843792998
1.728000000000000	2.246403582750000	-50.426036657626000
1.729000000000000	2.195004736382000	-52.469075655810002
1.730000000000000	2.140739583023000	-54.319780792202003
1.731000000000000	2.084494575013000	-55.441313494169002
1.732000000000000	2.027859172275000	-55.574822872650998
1.733000000000000	1.972053671800000	-54.778573107905999
1.734000000000000	1.917852364503000	-53.342693285248998
1.735000000000000	1.865904985265000	-51.632873088173000
1.736000000000000	1.816150808410000	-49.917593870406002
1.737000000000000	1.767594418132000	-48.254408325295003
1.738000000000000	1.719628478477000	-46.524030227893000
1.739000000000000	1.673051948963000	-44.604042465833999
1.740000000000000	1.629071255007000	-42.531977925962998
1.741000000000000	1.587862280161000	-40.515615245942001
1.742000000000000	1.548772744047000	-38.809974663136998
1.743000000000000	1.511111752206000	-37.589112210582996
1.744000000000000	1.474162093510000	-36.899954772672999
1.745000000000000	1.437366753230000	-36.698200397511002
1.746000000000000	1.400355215274000	-36.925672914487997
1.747000000000000	1.362817344013000	-37.580153053856002
1.748000000000000	1.325108541495000	-38.711294035888997
1.749000000000000	1.287293762083000	-40.283610297427998
1.750000000000000	1.247595583909000	-41.974286906872003
1.751000000000000	1.204163050046000	-43.142410153908997
1.752000000000000	1.158093786094000	-43.127620374586002
1.753000000000000	1.113335174950000	-41.674739685249001
1.754000000000000	1.073033706189000	-39.076896939489998
1.755000000000000	1.036883564197000	-35.909945343697999
1.756000000000000	1.003165581591000	-32.668089342026001
1.757000000000000	0.971587560509000	-29.649160935846002
1.758000000000000	0.942880365164000	-27.082724077489999
1.759000000000000	0.917175653430000	-25.243068182609001
1.760000000000000	0.893548810218000	-24.390788371224001
1.761000000000000	0.870276471220000	-24.618008132116000
1.762000000000000	0.845540175587000	-25.765645198651999
1.763000000000000	0.818614776385000	-27.493081295862002
1.764000000000000	0.789802194489000	-29.426876042040998
1.765000000000000	0.759430158519000	-31.252542579006999
1.766000000000000	0.727627558137000	-32.697557933008000
1.767000000000000	0.694420726868000	-33.476732391581997
1.768000000000000	0.660254877015000	-33.301581700364999
1.769000000000000	0.626457533176000	-31.979082220325999
1.770000000000000	0.594609513174000	-29.532215497435001
1.771000000000000	0.566012841762000	-26.253149914502998
1.772000000000000	0.541697972735000	-22.641732384106000
1.773000000000000	0.521838006109000	-19.237759137817999
1.774000000000000	0.505176192257000	-16.427284394032000
1.775000000000000	0.490030825153000	-14.357140141705999
1.776000000000000	0.475990688250000	-13.016308999765000
1.777000000000000	0.463522378790000	-12.369227009038999
1.778000000000000	0.451837419497000	-12.390490350976000
1.779000000000000	0.439266211769000	-13.017486779774000
1.780000000000000	0.425594969164000	-14.133127052091000
1.781000000000000	0.411249891998000	-15.579521124552000
1.782000000000000	0.395317341807000	-17.139984574768000
1.783000000000000	0.377034959579000	-18.530744621728001
1.784000000000000	0.357375202358000	-19.468227457446002
1.785000000000000	0.337439097007000	-19.756297642732999
1.786000000000000	0.317526065874000	-19.312420378323001
1.787000000000000	0.298328601787000	-18.151410666219000
1.788000000000000	0.280780198751000	-16.375185703759001
1.789000000000000	0.265180762316000	-14.172031520074000
1.790000000000000	0.251933978945000	-11.809339545481000
1.791000000000000	0.241775055989000	-9.588306511533000
1.792000000000000	0.234199957770000	-7.738660135350000
1.793000000000000	0.227472410181000	-6.330105770512000
1.794000000000000	0.220859804557000	-5.327938665951000
1.795000000000000	0.215002734485000	-4.772863570260000
1.796000000000000	0.210370136201000	-4.889465757945000
1.797000000000000	0.206461619478000	-5.968424932043000
1.798000000000000	0.201701450954000	-8.074650705293999
1.799000000000000	0.193777499423000	-10.802617540160000
1.800000000000000	0.180907369725000	-13.317244666641001
1.801000000000000	0.163757852486000	-14.746675384765000
1.802000000000000	0.145951988113000	-14.691109211592000
1.803000000000000	0.131404777684000	-13.434110445761000
1.804000000000000	0.120850557535000	-11.653448848658000
1.805000000000000	0.112005195368000	-9.892638478515000
1.806000000000000	0.103107655358000	-8.266613647628001
1.807000000000000	0.094643898944000	-6.591169282730000
1.808000000000000	0.087933913490000	-4.709165599193000
1.809000000000000	0.083879967594000	-2.691235342377000
1.810000000000000	0.082614012979000	-0.799232121147000
1.811000000000000	0.083335253259000	0.680303159447000
1.812000000000000	0.084748731055000	1.558059287877000
1.813000000000000	0.086041161051000	1.724197923978000
1.814000000000000	0.087383937986000	1.058972686262000
1.815000000000000	0.088916525431000	-0.553410080592000
1.816000000000000	0.089315014644000	-3.028916954973000
1.817000000000000	0.086089259400000	-5.871099229065000
1.818000000000000	0.077772696459000	-8.221527860220000
1.819000000000000	0.066015444450000	-9.247040733436000
1.820000000000000	0.054585754902000	-8.595319825469000
1.821000000000000	0.046215347644000	-6.563063749692000
1.822000000000000	0.041555033566000	-3.887964142278000
1.823000000000000	0.040224807322000	-1.367684903171000
1.824000000000000	0.041355288033000	0.457501883598000
1.825000000000000	0.043461651331000	1.447348605384000
1.826000000000000	0.045069465859000	1.804988390122000
1.827000000000000	0.045882154349000	1.854977772032000
1.828000000000000	0.046679963025000	1.782695968531000
1.829000000000000	0.048054973196000	1.502854267691000
1.830000000000000	0.049761767965000	0.732478864661000
1.831000000000000	0.051068922061000	-0.791128824207000
1.832000000000000	0.050846895709000	-3.067422694036000
1.833000000000000	0.047483967134000	-5.691334589530000
1.834000000000000	0.039911889552000	-7.929405515269000
1.835000000000000	0.029043992479000	-9.033873857812001
1.836000000000000	0.017779945078000	-8.626254257590000
1.837000000000000	0.009139728063000	-6.876391806574000
1.838000000000000	0.004268353670000	-4.344511648339000
1.839000000000000	0.002461825335000	-1.633455086876000
1.840000000000000	0.002712546622000	0.869708165999000
1.841000000000000	0.004538501885000	3.011380514180000
1.842000000000000	0.007836008452000	4.712796532247000
1.843000000000000	0.012772704213000	5.806383475158000
1.844000000000000	0.019322060920000	6.010628877115000
1.845000000000000	0.026435674194000	5.078127508968000
1.846000000000000	0.032112565992000	3.015336734060000
1.847000000000000	0.034438915806000	0.200952702040000
1.848000000000000	0.032674663412000	-2.702514077703000
1.849000000000000	0.027478332236000	-4.997009562349000
1.850000000000000	0.000000000000000	0.000000000000000
1.851000000000000	0.000000000000000	0.000000000000000
1.852000000000000	0.000000000000000	0.000000000000000
1.853000000000000	0.000000000000000	0.000000000000000
1.854000000000000	0.000000000000000	0.000000000000000
1.855000000000000	0.000000000000000	0.000000000000000
1.856000000000000	0.000000000000000	0.000000000000000
1.857000000000000	0.000000000000000	0.000000000000000
1.858000000000000	0.000000000000000	0.000000000000000
1.859000000000000	0.000000000000000	0.000000000000000
1.860000000000000	0.000000000000000	0.000000000000000
1.861000000000000	0.000000000000000	0.000000000000000
1.862000000000000	0.000000000000000	0.000000000000000
1.863000000000000	0.000000000000000	0.000000000000000
1.864000000000000	0.000000000000000	0.000000000000000
1.865000000000000	0.000000000000000	0.000000000000000
1.866000000000000	0.000000000000000	0.000000000000000
1.867000000000000	0.000000000000000	0.000000000000000
1.868000000000000	0.000000000000000	0.000000000000000
1.869000000000000	0.000000000000000	0.000000000000000
1.870000000000000	0.000000000000000	0.000000000000000
1.871000000000000	0.000000000000000	0.000000000000000
1.872000000000000	0.000000000000000	0.000000000000000
1.873000000000000	0.000000000000000	0.000000000000000
1.874000000000000	0.000000000000000	0.000000000000000
1.875000000000000	0.000000000000000	0.000000000000000
1.876000000000000	0.000000000000000	0.000000000000000
1.877000000000000	0.000000000000000	0.000000000000000
1.878000000000000	0.000000000000000	0.000000000000000
1.879000000000000	0.000000000000000	0.000000000000000
1.880000000000000	0.000000000000000	0.000000000000000
1.881000000000000	0.000000000000000	0.000000000000000
1.882000000000000	0.000000000000000	0.000000000000000
1.883000000000000	0.000000000000000	0.000000000000000
1.884000000000000	0.000000000000000	0.000000000000000
1.885000000000000	0.000000000000000	0.000000000000000
1.886000000000000	0.000000000000000	0.000000000000000
1.887000000000000	0.000000000000000	0.000000000000000
1.888000000000000	0.000000000000000	0.000000000000000
1.889000000000000	0.000000000000000	0.000000000000000
1.890000000000000	0.000000000000000	0.000000000000000
1.891000000000000	0.000000000000000	0.000000000000000
1.892000000000000	0.000000000000000	0.000000000000000
1.893000000000000	0.000000000000000	0.000000000000000
1.894000000000000	0.000000000000000	0.000000000000000
1.895000000000000	0.000000000000000	0.000000000000000
1.896000000000000	0.000000000000000	0.000000000000000
1.897000000000000	0.000000000000000	0.000000000000000
1.898000000000000	0.000000000000000	0.000000000000000
1.899000000000000	0.000000000000000	0.000000000000000
1.900000000000000	0.000000000000000	0.000000000000000
1.901000000000000	0.000000000000000	0.000000000000000
1.902000000000000	0.000000000000000	0.000000000000000
1.903000000000000	0.000000000000000	0.000000000000000
1.904000000000000	0.000000000000000	0.000000000000000
1.905000000000000	0.000000000000000	0.000000000000000
1.906000000000000	0.000000000000000	0.000000000000000
1.907000000000000	0.000000000000000	0.000000000000000
1.908000000000000	0.000000000000000	0.000000000000000
1.909000000000000	0.000000000000000	0.000000000000000
1.910000000000000	0.000000000000000	0.000000000000000
1.911000000000000	0.000000000000000	0.000000000000000
1.912000000000000	0.000000000000000	0.000000000000000
1.913000000000000	0.000000000000000	0.000000000000000
1.914000000000000	0.000000000000000	0.000000000000000
1.915000000000000	0.000000000000000	0.000000000000000
1.916000000000000	0.000000000000000	0.000000000000000
1.917000000000000	0.000000000000000	0.000000000000000
1.918000000000000	0.000000000000000	0.000000000000000
1.919000000000000	0.000000000000000	0.000000000000000
1.920000000000000	0.000000000000000	0.000000000000000
1.921000000000000	0.000000000000000	0.000000000000000
1.922000000000000	0.000000000000000	0.000000000000000
1.923000000000000	0.000000000000000	0.000000000000000
1.924000000000000	0.000000000000000	0.000000000000000
1.925000000000000	0.000000000000000	0.000000000000000
1.926000000000000	0.000000000000000	0.000000000000000
1.927000000000000	0.000000000000000	0.000000000000000
1.928000000000000	0.000000000000000	0.000000000000000
1.929000000000000	0.000000000000000	0.000000000000000
1.930000000000000	0.000000000000000	0.000000000000000
1.931000000000000	0.000000000000000	0.000000000000000
1.932000000000000	0.000000000000000	0.000000000000000
1.933000000000000	0.000000000000000	0.000000000000000
1.934000000000000	0.000000000000000	0.000000000000000
1.935000000000000	0.000000000000000	0.000000000000000
1.936000000000000	0.000000000000000	0.000000000000000
1.937000000000000	0.000000000000000	0.000000000000000
1.938000000000000	0.000000000000000	0.000000000000000
1.939000000000000	0.000000000000000	0.000000000000000
1.940000000000000	0.000000000000000	0.000000000000000
1.941000000000000	0.000000000000000	0.000000000000000
1.942000000000000	0.000000000000000	0.000000000000000
1.943000000000000	0.000000000000000	0.000000000000000
1.944000000000000	0.000000000000000	0.000000000000000
1.945000000000000	0.000000000000000	0.000000000000000
1.946000000000000	0.000000000000000	0.000000000000000
1.947000000000000	0.000000000000000	0.000000000000000
1.948000000000000	0.000000000000000	0.000000000000000
1.949000000000000	0.000000000000000	0.000000000000000
1.950000000000000	0.000000000000000	0.000000000000000
1.951000000000000	0.000000000000000	0.000000000000000
1.952000000000000	0.000000000000000	0.000000000000000
1.953000000000000	0.000000000000000	0.000000000000000
1.954000000000000	0.000000000000000	0.000000000000000
1.955000000000000	0.000000000000000	0.000000000000000
1.956000000000000	0.000000000000000	0.000000000000000
1.957000000000000	0.000000000000000	0.000000000000000
1.958000000000000	0.000000000000000	0.000000000000000
1.959000000000000	0.000000000000000	0.000000000000000
1.960000000000000	0.000000000000000	0.000000000000000
1.961000000000000	0.000000000000000	0.000000000000000
1.962000000000000	0.000000000000000	0.000000000000000
1.963000000000000	0.000000000000000	0.000000000000000
1.964000000000000	0.000000000000000	0.000000000000000
1.965000000000000	0.000000000000000	0.000000000000000
1.966000000000000	0.000000000000000	0.000000000000000
1.967000000000000	0.000000000000000	0.000000000000000
1.968000000000000	0.000000000000000	0.000000000000000
1.969000000000000	0.000000000000000	0.000000000000000
1.970000000000000	0.000000000000000	0.000000000000000
1.971000000000000	0.000000000000000	0.000000000000000
1.972000000000000	0.000000000000000	0.000000000000000
1.973000000000000	0.000000000000000	0.000000000000000
1.974000000000000	0.000000000000000	0.000000000000000
1.975000000000000	0.000000000000000	0.000000000000000
1.976000000000000	0.000000000000000	0.000000000000000
1.977000000000000	0.000000000000000	0.000000000000000
1.978000000000000	0.000000000000000	0.000000000000000
1.979000000000000	0.000000000000000	0.000000000000000
1.980000000000000	0.000000000000000	0.000000000000000
1.981000000000000	0.000000000000000	0.000000000000000
1.982000000000000	0.000000000000000	0.000000000000000
1.983000000000000	0.000000000000000	0.000000000000000
1.984000000000000	0.000000000000000	0.000000000000000
1.985000000000000	0.000000000000000	0.000000000000000
1.986000000000000	0.000000000000000	0.000000000000000
1.987000000000000	0.000000000000000	0.000000000000000
1.988000000000000	0.000000000000000	0.000000000000000
1.989000000000000	0.000000000000000	0.000000000000000
1.990000000000000	0.000000000000000	0.000000000000000
1.991000000000000	0.000000000000000	0.000000000000000
1.992000000000000	0.000000000000000	0.000000000000000
1.993000000000000	0.000000000000000	0.000000000000000
1.994000000000000	0.000000000000000	0.000000000000000
1.995000000000000	0.000000000000000	0.000000000000000
1.996000000000000	0.000000000000000	0.000000000000000
1.997000000000000	0.000000000000000	0.000000000000000
1.998000000000000	0.000000000000000	0.000000000000000
1.999000000000000	0.000000000000000	0.000000000000000
2.000000000000000	0.000000000000000	0.000000000000000