Force (and its time derivative) produced by a submaximally-activated cat soleus
muscle in vivo when held at a fixed length and excited using a constant
stimulation signal with a mean frequency of 10 Hz. Experimental data provided by
T.G. Sandercock [1] was filtered using a Butterworth low-pass filter of cut-off
frequency 120 Hz. Please refer to Millard et al. [2] for details.

References:
    1. Perreault, E.J., Heckman, C.J., and Sandercock, T.G., 2003. "Hill
       muscle model errors during movement are greatest within the
       physiologically relevant range of motor unit firing rates". Journal
       of Biomechanics, 36(2), pp. 211--218.
       http://dx.doi.org/10.1016/S0021-9290(02)00332-9.
    2. Millard, M., Uchida, T., Seth, A., and Delp, S.L., 2013. "Flexing
       computational muscle: Modeling and simulation of musculotendon
       dynamics". ASME Journal of Biomechanical Engineering, 135(2),
       p. 021013 (11 pages). http://dx.doi.org/10.1115/1.4023390.

endheader
time_s	force_N	forcedot
0.000000000000000	0.000000000000000	0.000000000000000
0.001000000000000	0.000000000000000	0.000000000000000
0.002000000000000	0.000000000000000	0.000000000000000
0.003000000000000	0.000000000000000	0.000000000000000
0.004000000000000	0.000000000000000	0.000000000000000
0.005000000000000	0.000000000000000	0.000000000000000
0.006000000000000	0.000000000000000	0.000000000000000
0.007000000000000	0.000000000000000	0.000000000000000
0.008000000000000	0.000000000000000	0.000000000000000
0.009000000000000	0.000000000000000	0.000000000000000
0.010000000000000	0.000000000000000	0.000000000000000
0.011000000000000	0.000000000000000	0.000000000000000
0.012000000000000	0.000000000000000	0.000000000000000
0.013000000000000	0.000000000000000	0.000000000000000
0.014000000000000	0.000000000000000	0.000000000000000
0.015000000000000	0.000000000000000	0.000000000000000
0.016000000000000	0.000000000000000	0.000000000000000
0.017000000000000	0.000000000000000	0.000000000000000
0.018000000000000	0.000000000000000	0.000000000000000
0.019000000000000	0.000000000000000	0.000000000000000
0.020000000000000	0.000000000000000	0.000000000000000
0.021000000000000	0.000000000000000	0.000000000000000
0.022000000000000	0.000000000000000	0.000000000000000
0.023000000000000	0.000000000000000	0.000000000000000
0.024000000000000	0.000000000000000	0.000000000000000
0.025000000000000	0.000000000000000	0.000000000000000
0.026000000000000	0.000000000000000	0.000000000000000
0.027000000000000	0.000000000000000	0.000000000000000
0.028000000000000	0.000000000000000	0.000000000000000
0.029000000000000	0.000000000000000	0.000000000000000
0.030000000000000	0.000000000000000	0.000000000000000
0.031000000000000	0.000000000000000	0.000000000000000
0.032000000000000	0.000000000000000	0.000000000000000
0.033000000000000	0.000000000000000	0.000000000000000
0.034000000000000	0.000000000000000	0.000000000000000
0.035000000000000	0.000000000000000	0.000000000000000
0.036000000000000	0.000000000000000	0.000000000000000
0.037000000000000	0.000000000000000	0.000000000000000
0.038000000000000	0.000000000000000	0.000000000000000
0.039000000000000	0.000000000000000	0.000000000000000
0.040000000000000	0.000000000000000	0.000000000000000
0.041000000000000	0.000000000000000	0.000000000000000
0.042000000000000	0.000000000000000	0.000000000000000
0.043000000000000	0.000000000000000	0.000000000000000
0.044000000000000	0.000000000000000	0.000000000000000
0.045000000000000	0.000000000000000	0.000000000000000
0.046000000000000	0.000000000000000	0.000000000000000
0.047000000000000	0.000000000000000	0.000000000000000
0.048000000000000	0.000000000000000	0.000000000000000
0.049000000000000	0.000000000000000	0.000000000000000
0.050000000000000	0.000000000000000	0.000000000000000
0.051000000000000	0.000000000000000	0.000000000000000
0.052000000000000	0.000000000000000	0.000000000000000
0.053000000000000	0.000000000000000	0.000000000000000
0.054000000000000	0.000000000000000	0.000000000000000
0.055000000000000	0.000000000000000	0.000000000000000
0.056000000000000	0.000000000000000	0.000000000000000
0.057000000000000	0.000000000000000	0.000000000000000
0.058000000000000	0.000000000000000	0.000000000000000
0.059000000000000	0.000000000000000	0.000000000000000
0.060000000000000	0.000000000000000	0.000000000000000
0.061000000000000	0.000000000000000	0.000000000000000
0.062000000000000	0.000000000000000	0.000000000000000
0.063000000000000	0.000000000000000	0.000000000000000
0.064000000000000	0.000000000000000	0.000000000000000
0.065000000000000	0.000000000000000	0.000000000000000
0.066000000000000	0.000000000000000	0.000000000000000
0.067000000000000	0.000000000000000	0.000000000000000
0.068000000000000	0.000000000000000	0.000000000000000
0.069000000000000	0.000000000000000	0.000000000000000
0.070000000000000	0.000000000000000	0.000000000000000
0.071000000000000	0.000000000000000	0.000000000000000
0.072000000000000	0.000000000000000	0.000000000000000
0.073000000000000	0.000000000000000	0.000000000000000
0.074000000000000	0.000000000000000	0.000000000000000
0.075000000000000	0.000000000000000	0.000000000000000
0.076000000000000	0.000000000000000	0.000000000000000
0.077000000000000	0.000000000000000	0.000000000000000
0.078000000000000	0.000000000000000	0.000000000000000
0.079000000000000	0.000000000000000	0.000000000000000
0.080000000000000	0.000000000000000	0.000000000000000
0.081000000000000	0.000000000000000	0.000000000000000
0.082000000000000	0.000000000000000	0.000000000000000
0.083000000000000	0.000000000000000	0.000000000000000
0.084000000000000	0.000000000000000	0.000000000000000
0.085000000000000	0.000000000000000	0.000000000000000
0.086000000000000	0.000000000000000	0.000000000000000
0.087000000000000	0.000000000000000	0.000000000000000
0.088000000000000	0.000000000000000	0.000000000000000
0.089000000000000	0.000000000000000	0.000000000000000
0.090000000000000	0.000000000000000	0.000000000000000
0.091000000000000	0.000000000000000	0.000000000000000
0.092000000000000	0.000000000000000	0.000000000000000
0.093000000000000	0.000000000000000	0.000000000000000
0.094000000000000	0.000000000000000	0.000000000000000
0.095000000000000	0.000000000000000	0.000000000000000
0.096000000000000	0.000000000000000	0.000000000000000
0.097000000000000	0.000000000000000	0.000000000000000
0.098000000000000	0.000000000000000	0.000000000000000
0.099000000000000	0.000000000000000	0.000000000000000
0.100000000000000	0.000000000000000	0.000000000000000
0.101000000000000	0.000000000000000	0.000000000000000
0.102000000000000	0.000000000000000	0.000000000000000
0.103000000000000	0.000000000000000	0.000000000000000
0.104000000000000	0.005190831279000	-0.151791416590000
0.105000000000000	0.004326501235000	0.886956370694000
0.106000000000000	0.005392961473000	2.909693974547000
0.107000000000000	0.009475217428000	5.741860402411000
0.108000000000000	0.017047263853000	9.076778979971000
0.109000000000000	0.028351726473000	12.619097140633000
0.110000000000000	0.043546290405000	16.207639800591998
0.111000000000000	0.062294871497000	19.896056626619998
0.112000000000000	0.084083909096000	23.944137404751000
0.113000000000000	0.109045166067000	28.665376189166000
0.114000000000000	0.138492186280000	34.166504054779999
0.115000000000000	0.174557861112000	40.145697107455000
0.116000000000000	0.218154266523000	45.922342126521002
0.117000000000000	0.267840320165000	50.689068007880998
0.118000000000000	0.321444231979000	53.794413825947998
0.119000000000000	0.377182105621000	54.900587819184999
0.120000000000000	0.433169997689000	54.031007090604000
0.121000000000000	0.487341306446000	51.580217494415002
0.122000000000000	0.537676239833000	48.268894014703001
0.123000000000000	0.583004713768000	44.962065690050999
0.124000000000000	0.624458529837000	42.360986611554999
0.125000000000000	0.664730461296000	40.754888722650001
0.126000000000000	0.705421951276000	40.038649545063002
0.127000000000000	0.746316218573000	39.972287827483001
0.128000000000000	0.786761569364000	40.428422058133997
0.129000000000000	0.826888160677000	41.415837639198998
0.130000000000000	0.867957594494000	42.914066742491997
0.131000000000000	0.911498791143000	44.729042857434997
0.132000000000000	0.957715155797000	46.519854577692001
0.133000000000000	1.005521576506000	47.942511653125997
0.134000000000000	1.054126099312000	48.753550747117998
0.135000000000000	1.103227913876000	48.812902816912001
0.136000000000000	1.151982805943000	48.044457722552998
0.137000000000000	1.199316596743000	46.405312506148000
0.138000000000000	1.244788787054000	43.877012987366001
0.139000000000000	1.287957612642000	40.511260736791002
0.140000000000000	1.327771139812000	36.545762574130997
0.141000000000000	1.363045440901000	32.508631213793002
0.142000000000000	1.393136697923000	29.170382268888002
0.143000000000000	1.419017790347000	27.281850499398001
0.144000000000000	1.443537438797000	27.212020802245000
0.145000000000000	1.469836343011000	28.720586283650999
0.146000000000000	1.499914113779000	31.038191857230998
0.147000000000000	1.533765264406000	33.216865913772999
0.148000000000000	1.569372196857000	34.522978945868999
0.149000000000000	1.604907134922000	34.639112925550002
0.150000000000000	1.639649999320000	33.625472444518003
0.151000000000000	1.672368638455000	31.751531877240001
0.152000000000000	1.701937601115000	29.292717823764999
0.153000000000000	1.728942796002000	26.354295466455000
0.154000000000000	1.754293017165000	22.848838018845999
0.155000000000000	1.777089145107000	18.709787123382000
0.156000000000000	1.794995980942000	14.185652469650000
0.157000000000000	1.806701867843000	9.924374114136001
0.158000000000000	1.813246395145000	6.738563893186000
0.159000000000000	1.816944046122000	5.223596460257000
0.160000000000000	1.820293637687000	5.477378874620000
0.161000000000000	1.825571888502000	7.050406787563000
0.162000000000000	1.834086743574000	9.121868616883001
0.163000000000000	1.845622418431000	10.816655467037000
0.164000000000000	1.858627543982000	11.522711658127999
0.165000000000000	1.871164481413000	11.064956542852000
0.166000000000000	1.881971408637000	9.676014132029000
0.167000000000000	1.890426741877000	7.816447280063000
0.168000000000000	1.896337304908000	5.944076961112000
0.169000000000000	1.900345891238000	4.319164401831000
0.170000000000000	1.903519593980000	2.921432682755000
0.171000000000000	1.906152017269000	1.521612100566000
0.172000000000000	1.907579341036000	-0.141817067503000
0.173000000000000	1.907191098120000	-2.191788401658000
0.174000000000000	1.904688135683000	-4.515295608950000
0.175000000000000	1.899428262027000	-6.751856965893000
0.176000000000000	1.890993538820000	-8.394139236662999
0.177000000000000	1.880456864421000	-9.012378718597001
0.178000000000000	1.869969865828000	-8.504789564735001
0.179000000000000	1.861343687310000	-7.204686185623000
0.180000000000000	1.855479413859000	-5.753082351027000
0.181000000000000	1.851918902834000	-4.801092103276000
0.182000000000000	1.848629443902000	-4.725779609265000
0.183000000000000	1.843702735110000	-5.546451548373000
0.184000000000000	1.836954730619000	-7.067008380426000
0.185000000000000	1.828925044687000	-9.066317115740000
0.186000000000000	1.819231316443000	-11.357833047371001
0.187000000000000	1.806711287868000	-13.747838521309999
0.188000000000000	1.791012984949000	-16.044049597371000
0.189000000000000	1.773392455890000	-18.132579784661999
0.190000000000000	1.755209145167000	-19.967575452897002
0.191000000000000	1.735848012479000	-21.406388200363001
0.192000000000000	1.713589224059000	-22.095113254447998
0.193000000000000	1.689121493697000	-21.646485763840001
0.194000000000000	1.665975279672000	-20.012654713377000
0.195000000000000	1.646811187398000	-17.673533446958999
0.196000000000000	1.631692199108000	-15.428147360135000
0.197000000000000	1.619256938596000	-13.957579334612999
0.198000000000000	1.607245108690000	-13.489977292853000
0.199000000000000	1.593485357831000	-13.784441682653000
0.200000000000000	1.577937400961000	-14.413367542994999
0.201000000000000	1.562385103184000	-15.085975823574000
0.202000000000000	1.547854802056000	-15.715780535105999
0.203000000000000	1.533356987935000	-16.200700095685001
0.204000000000000	1.517405712610000	-16.194339266591001
0.205000000000000	1.500538915918000	-15.130095745948999
0.206000000000000	1.485368501640000	-12.449369648007000
0.207000000000000	1.474460618922000	-7.782372815978000
0.208000000000000	1.469582190990000	-0.956279045088000
0.209000000000000	1.472018625064000	8.049387192490000
0.210000000000000	1.483223697285000	19.020243010114999
0.211000000000000	1.506015751615000	31.303891248883001
0.212000000000000	1.543438341569000	43.729653680915000
0.213000000000000	1.595483959057000	54.883279264374998
0.214000000000000	1.658334715563000	63.638171254888000
0.215000000000000	1.727215413748000	69.553156994570003
0.216000000000000	1.798985127282000	72.856258761435996
0.217000000000000	1.871957734225000	74.097826680159997
0.218000000000000	1.945080621927000	73.762968694513006
0.219000000000000	2.017763997370000	72.068758369403000
0.220000000000000	2.089219459465000	69.016155252889007
0.221000000000000	2.157890623437000	64.637887153665005
0.222000000000000	2.221674485696000	59.283279313687999
0.223000000000000	2.278656183765000	53.739801831238999
0.224000000000000	2.328564108782000	49.069278826186000
0.225000000000000	2.373478697856000	46.221307903712002
0.226000000000000	2.416701532803000	45.645511194614002
0.227000000000000	2.461355223560000	47.118017791256001
0.228000000000000	2.509466013995000	49.846392938091000
0.229000000000000	2.561683240844000	52.770336177901001
0.230000000000000	2.617456975117000	54.922919345136002
0.231000000000000	2.674816716875000	55.718894100508997
0.232000000000000	2.731037605160000	55.044719255425001
0.233000000000000	2.784564295991000	53.099228377079001
0.234000000000000	2.835569443025000	50.115383613821002
0.235000000000000	2.884431377563000	46.220692052937999
0.236000000000000	2.930107009109000	41.568990889806003
0.237000000000000	2.970518058422000	36.589110091799000
0.238000000000000	3.004416057395000	32.054514895282999
0.239000000000000	3.032440018945000	28.826951148686000
0.240000000000000	3.057327350334000	27.412111289592001
0.241000000000000	3.082906293381000	27.644920920318999
0.242000000000000	3.111529125828000	28.755411585432000
0.243000000000000	3.142842925295000	29.786427436836000
0.244000000000000	3.174866572780000	30.069232988580001
0.245000000000000	3.205552595382000	29.449520282973999
0.246000000000000	3.234146758152000	28.186195391767001
0.247000000000000	3.261120033866000	26.686637504092001
0.248000000000000	3.286487626307000	25.275980027934001
0.249000000000000	3.309841659469000	24.048759045939999
0.250000000000000	3.332171528794000	22.779398735173000
0.251000000000000	3.354917955090000	20.972867610358001
0.252000000000000	3.376952014109000	18.143925120114002
0.253000000000000	3.395043486105000	14.175397151066001
0.254000000000000	3.407243724314000	9.460899743381001
0.255000000000000	3.413891679272000	4.746427391540000
0.256000000000000	3.415879724847000	0.851585720766000
0.257000000000000	3.413853689014000	-1.571167793443000
0.258000000000000	3.409592669596000	-2.233215245743000
0.259000000000000	3.406301634189000	-1.337299985311000
0.260000000000000	3.405959041929000	0.474149614383000
0.261000000000000	3.408134357195000	2.358282561817000
0.262000000000000	3.412067121942000	3.545894027803000
0.263000000000000	3.417269257099000	3.537850922383000
0.264000000000000	3.422023457055000	2.233027306033000
0.265000000000000	3.423896981946000	-0.036518972866000
0.266000000000000	3.421712321271000	-2.656485250718000
0.267000000000000	3.415972326945000	-5.055854072906000
0.268000000000000	3.408425689098000	-7.010675634991000
0.269000000000000	3.400864051234000	-8.692764937689001
0.270000000000000	3.392911381231000	-10.420478554831000
0.271000000000000	3.382444278273000	-12.342119536348999
0.272000000000000	3.368678161809000	-14.338542528348000
0.273000000000000	3.352805373201000	-16.169732697453998
0.274000000000000	3.335761331991000	-17.643861200812001
0.275000000000000	3.317450961845000	-18.660670892980999
0.276000000000000	3.298114274731000	-19.188001900395999
0.277000000000000	3.278506870430000	-19.261521265974999
0.278000000000000	3.259141638720000	-18.997680882886002
0.279000000000000	3.240512970327000	-18.568148752622999
0.280000000000000	3.222801143942000	-18.122167695556001
0.281000000000000	3.205268276037000	-17.708199415844000
0.282000000000000	3.187257573725000	-17.285539866975999
0.283000000000000	3.169280463587000	-16.850624382187000
0.284000000000000	3.152169184340000	-16.571199385410999
0.285000000000000	3.135753249574000	-16.799588297850001
0.286000000000000	3.119203698897000	-17.947631938659001
0.287000000000000	3.101753353150000	-20.283775378436999
0.288000000000000	3.081849752923000	-23.720013094037999
0.289000000000000	3.056947869711000	-27.707953208986002
0.290000000000000	3.025869217274000	-31.397191561743998
0.291000000000000	2.990435403212000	-34.039409519463000
0.292000000000000	2.953990104105000	-35.354573467446997
0.293000000000000	2.918746712282000	-35.559358557934999
0.294000000000000	2.884601718356000	-35.066717597596003
0.295000000000000	2.850513656277000	-34.162483651400997
0.296000000000000	2.816357850095000	-32.934830672231001
0.297000000000000	2.783062796663000	-31.450130457844001
0.298000000000000	2.751738392949000	-29.953754546879999
0.299000000000000	2.722725897636000	-28.899253472308999
0.300000000000000	2.695272861172000	-28.774569000419000
0.301000000000000	2.668080117661000	-29.821034775065002
0.302000000000000	2.639527424301000	-31.774356101079000
0.303000000000000	2.607774741994000	-33.762753797663997
0.304000000000000	2.572144851450000	-34.490987823494002
0.305000000000000	2.534736126204000	-32.722673369360997
0.306000000000000	2.500408316349000	-27.836954720729999
0.307000000000000	2.474654509574000	-20.089277539403000
0.308000000000000	2.460370155100000	-10.372144621645999
0.309000000000000	2.457166912621000	0.334133473287000
0.310000000000000	2.463944731204000	11.389995805384000
0.311000000000000	2.480360876910000	22.524836259493000
0.312000000000000	2.506762316455000	33.535746191252002
0.313000000000000	2.544504774957000	43.963166956175002
0.314000000000000	2.594340894397000	53.047739398800999
0.315000000000000	2.653670791082000	60.026620210796999
0.316000000000000	2.717857414632000	64.494464214247003
0.317000000000000	2.783798368320000	66.496449333648002
0.318000000000000	2.850249218288000	66.335016311263004
0.319000000000000	2.916055565137000	64.353797666446994
0.320000000000000	2.979549404618000	60.894569503926000
0.321000000000000	3.039065994709000	56.388344243856999
0.322000000000000	3.093400667209000	51.434320180439002
0.323000000000000	3.142039527653000	46.766414571547998
0.324000000000000	3.185553354232000	43.095554775590998
0.325000000000000	3.225731140952000	40.896301389141001
0.326000000000000	3.264893023383000	40.255244193606998
0.327000000000000	3.304889505653000	40.871904841613002
0.328000000000000	3.346638013736000	42.206385875290003
0.329000000000000	3.390235473432000	43.683726145591997
0.330000000000000	3.435273231576000	44.854694401502002
0.331000000000000	3.480855040938000	45.451809545922004
0.332000000000000	3.525988019944000	45.328861825818002
0.333000000000000	3.570672896383000	44.350981936502997
0.334000000000000	3.615196947064000	42.381405796633999
0.335000000000000	3.658137994663000	39.442928664175000
0.336000000000000	3.696766538242000	35.900213152728000
0.337000000000000	3.729625983161000	32.397437183438001
0.338000000000000	3.758142089641000	29.511331487507999
0.339000000000000	3.785273891259000	27.412524003415999
0.340000000000000	3.812495859323000	25.851283173068001
0.341000000000000	3.838887239612000	24.451650557509002
0.342000000000000	3.863228579890000	23.011056576474001
0.343000000000000	3.885498776767000	21.576687240828999
0.344000000000000	3.906203220742000	20.338381847495999
0.345000000000000	3.925735862882000	19.493539334803000
0.346000000000000	3.944449566827000	19.153705157148998
0.347000000000000	3.962782260302000	19.271113002204000
0.348000000000000	3.981451476992000	19.578400450463999
0.349000000000000	4.001196327787000	19.601649211982998
0.350000000000000	4.021841036531000	18.814894887272999
0.351000000000000	4.041723775084000	16.900314965875001
0.352000000000000	4.058385155213000	13.946171809148000
0.353000000000000	4.070304701983000	10.416036566987000
0.354000000000000	4.077771034912000	6.895522376555000
0.355000000000000	4.081810269393000	3.795342023124000
0.356000000000000	4.083448022646000	1.196440317436000
0.357000000000000	4.083827542428000	-1.087035330610000
0.358000000000000	4.083132320406000	-3.267527421335000
0.359000000000000	4.079888798979000	-5.328312938949000
0.360000000000000	4.073007890706000	-6.975908211506000
0.361000000000000	4.063697704289000	-7.872731619274000
0.362000000000000	4.054371832218000	-7.943471234715000
0.363000000000000	4.046737878799000	-7.463020439234000
0.364000000000000	4.041002992597000	-6.845538428913000
0.365000000000000	4.035722265084000	-6.339024947975000
0.366000000000000	4.028985542241000	-5.934064181560000
0.367000000000000	4.020953802732000	-5.607227443626000
0.368000000000000	4.014290264190000	-5.646027690370000
0.369000000000000	4.010361989442000	-6.631762123003000
0.370000000000000	4.006140675191000	-8.993604308047001
0.371000000000000	3.996922386768000	-12.567912382818999
0.372000000000000	3.981059256077000	-16.630107397317001
0.373000000000000	3.960656974074000	-20.340878525747002
0.374000000000000	3.938105397009000	-23.144216445220000
0.375000000000000	3.913665314985000	-24.842715668086001
0.376000000000000	3.887645502621000	-25.486622713020001
0.377000000000000	3.861946764548000	-25.276810521721000
0.378000000000000	3.837545570297000	-24.484673119856001
0.379000000000000	3.813695939591000	-23.364379432497000
0.380000000000000	3.790378208793000	-22.134773509872002
0.381000000000000	3.768675277704000	-21.038904589080001
0.382000000000000	3.748638667929000	-20.358848248407998
0.383000000000000	3.728970776077000	-20.335851608698000
0.384000000000000	3.708650620032000	-21.090915407541001
0.385000000000000	3.687159915289000	-22.619777748208001
0.386000000000000	3.663629190705000	-24.837345871240000
0.387000000000000	3.637217816249000	-27.633251113625999
0.388000000000000	3.608013202796000	-30.907318040178001
0.389000000000000	3.576332476540000	-34.522660927601002
0.390000000000000	3.541186921942000	-38.171358728442002
0.391000000000000	3.501123541005000	-41.307616837537999
0.392000000000000	3.456714878126000	-43.319652899426004
0.393000000000000	3.410673993208000	-43.875225342920999
0.394000000000000	3.365840575173000	-43.160310869329003
0.395000000000000	3.323826484389000	-41.798771523512002
0.396000000000000	3.284552472826000	-40.496279609828001
0.397000000000000	3.246404690215000	-39.648417596716001
0.398000000000000	3.207585199476000	-39.172239526189998
0.399000000000000	3.167553392305000	-38.670882528611997
0.400000000000000	3.127250184960000	-37.814618116117003
0.401000000000000	3.088585062234000	-36.663187086667001
0.402000000000000	3.053238926023000	-35.664577268587003
0.403000000000000	3.020910834025000	-35.263779774051002
0.404000000000000	2.988794493937000	-35.366946058882000
0.405000000000000	2.953849065174000	-35.106066880367003
0.406000000000000	2.916468356947000	-33.177768911504998
0.407000000000000	2.881363161372000	-28.545065149271000
0.408000000000000	2.854131203832000	-20.960236840840000
0.409000000000000	2.837759202552000	-10.964649331131000
0.410000000000000	2.832830775806000	0.483542891230000
0.411000000000000	2.839508170668000	12.370277687150001
0.412000000000000	2.858101280128000	23.788347328503999
0.413000000000000	2.888138539365000	33.986371295989002
0.414000000000000	2.927605835501000	42.412212628953000
0.415000000000000	2.973828201987000	48.726301672786001
0.416000000000000	3.024962583378000	52.739264966979000
0.417000000000000	3.079542105040000	54.346679492115001
0.418000000000000	3.135210842036000	53.575038382678002
0.419000000000000	3.189233648540000	50.729450446331001
0.420000000000000	3.239005059593000	46.496364280946999
0.421000000000000	3.282218158108000	41.837820345463001
0.422000000000000	3.319411023631000	37.659317335164999
0.423000000000000	3.354180208932000	34.486757193338001
0.424000000000000	3.388231536682000	32.447516813124999
0.425000000000000	3.420478167575000	31.520910803633001
0.426000000000000	3.451225054242000	31.721481099118002
0.427000000000000	3.482532497728000	33.040251581341003
0.428000000000000	3.515777103097000	35.287064180144000
0.429000000000000	3.551596329924000	38.005405631008998
0.430000000000000	3.590924305113000	40.510235017508002
0.431000000000000	3.634035852687000	42.073985151881999
0.432000000000000	3.678686193190000	42.226602154855001
0.433000000000000	3.721442523438000	40.969532218193002
0.434000000000000	3.760690148067000	38.696623257241001
0.435000000000000	3.796917824018000	35.884809768445002
0.436000000000000	3.831076749257000	32.846347352603999
0.437000000000000	3.863034208004000	29.731946943903001
0.438000000000000	3.891602949292000	26.682727256423998
0.439000000000000	3.916277621475000	23.898612211614001
0.440000000000000	3.937988852412000	21.542960548745000
0.441000000000000	3.958092160802000	19.622162473033001
0.442000000000000	3.977436996495000	18.011624103630002
0.443000000000000	3.996035100772000	16.641938694050999
0.444000000000000	4.012807659662000	15.675719803819000
0.445000000000000	4.026861225645000	15.452057438811000
0.446000000000000	4.039772953613000	16.149616002607001
0.447000000000000	4.054743934180000	17.424237056064001
0.448000000000000	4.073382952717000	18.382400402148999
0.449000000000000	4.094530433985000	17.993493739803998
0.450000000000000	4.115161135721000	15.687019326841000
0.451000000000000	4.131428130422000	11.743315941757000
0.452000000000000	4.140206277075000	7.197414669303000
0.453000000000000	4.141684058524000	3.256649311517000
0.454000000000000	4.140061823005000	0.599750558665000
0.455000000000000	4.139567864909000	-0.908611961254000
0.456000000000000	4.140195468411000	-1.889710229997000
0.457000000000000	4.139098802305000	-2.893661967935000
0.458000000000000	4.135173194613000	-4.142697576861000
0.459000000000000	4.130089659766000	-5.639667206639000
0.460000000000000	4.124861362006000	-7.287425078383000
0.461000000000000	4.117755285323000	-8.833775352339000
0.462000000000000	4.107176188409000	-9.862030211797000
0.463000000000000	4.094900420754000	-10.024289926961000
0.464000000000000	4.084228572214000	-9.320687751542000
0.465000000000000	4.076144015275000	-8.108418853209001
0.466000000000000	4.069346041290000	-6.864521266651000
0.467000000000000	4.062740997791000	-6.004482837322000
0.468000000000000	4.056395792168000	-5.903634305811000
0.469000000000000	4.050788857461000	-6.950356156777000
0.470000000000000	4.045021756329000	-9.411324303857001
0.471000000000000	4.036073241201000	-13.154059829254001
0.472000000000000	4.021132984961000	-17.514529444028000
0.473000000000000	4.000025377846000	-21.509556268893000
0.474000000000000	3.974692935281000	-24.278438243128999
0.475000000000000	3.947512562439000	-25.464831637279001
0.476000000000000	3.920719358486000	-25.343443194452998
0.477000000000000	3.896079023088000	-24.656944143838000
0.478000000000000	3.873813148803000	-24.228443221869000
0.479000000000000	3.852056214071000	-24.517194369340999
0.480000000000000	3.828240639794000	-25.375158541680999
0.481000000000000	3.801396750290000	-26.186071006704001
0.482000000000000	3.772698183976000	-26.312511076665999
0.483000000000000	3.744348126801000	-25.557399488470999
0.484000000000000	3.718635483171000	-24.340213806137999
0.485000000000000	3.696410444456000	-23.470690393881000
0.486000000000000	3.675512523281000	-23.675770415193000
0.487000000000000	3.652282566053000	-25.243150481236000
0.488000000000000	3.624947591824000	-28.050987906627000
0.489000000000000	3.594468655026000	-31.855215310615002
0.490000000000000	3.561791345949000	-36.430313358299998
0.491000000000000	3.525244155406000	-41.376983684301003
0.492000000000000	3.482237814391000	-45.876080233335003
0.493000000000000	3.432539620211000	-48.801830312626997
0.494000000000000	3.379098344466000	-49.253288896446001
0.495000000000000	3.327154184776000	-47.125641586904003
0.496000000000000	3.281390227578000	-43.250375919188997
0.497000000000000	3.242644956311000	-38.965736573633002
0.498000000000000	3.208040504670000	-35.462163633716997
0.499000000000000	3.174180331504000	-33.425308267296998
0.500000000000000	3.140435523490000	-33.143835547576003
0.501000000000000	3.108143635036000	-34.713639406052003
0.502000000000000	3.075799402015000	-37.908252611008997
0.503000000000000	3.038451024085000	-41.828497498329000
0.504000000000000	2.993401503286000	-44.884562442708003
0.505000000000000	2.943696471770000	-45.366846104966001
0.506000000000000	2.895517759878000	-42.209486040157003
0.507000000000000	2.854236799636000	-35.371485551638997
0.508000000000000	2.823107830296000	-25.668103591636001
0.509000000000000	2.803708567377000	-14.310296506497000
0.510000000000000	2.796364570627000	-2.479523503751000
0.511000000000000	2.800501610619000	8.899831049029000
0.512000000000000	2.815249964731000	19.197813345831999
0.513000000000000	2.839687834265000	28.024067936542998
0.514000000000000	2.872236269167000	35.176080977914999
0.515000000000000	2.910736940692000	40.607403332342002
0.516000000000000	2.953488098945000	44.378062181692997
0.517000000000000	2.999286023364000	46.586039511349000
0.518000000000000	3.046629358695000	47.320890320863001
0.519000000000000	3.093762431345000	46.647812297450997
0.520000000000000	3.139580118756000	44.607500058326004
0.521000000000000	3.183685166831000	41.275771343989000
0.522000000000000	3.224920848892000	36.937034687236000
0.523000000000000	3.260677876758000	32.264041848569001
0.524000000000000	3.289359990591000	28.249623363893999
0.525000000000000	3.313007417265000	25.799598964407000
0.526000000000000	3.335826203454000	25.263881781752001
0.527000000000000	3.361077868205000	26.303141896923002
0.528000000000000	3.389730692438000	28.196662637105000
0.529000000000000	3.420683252742000	30.316068086516999
0.530000000000000	3.452203107124000	32.376654147358003
0.531000000000000	3.484038648940000	34.299661174663001
0.532000000000000	3.517967553692000	35.885601003292997
0.533000000000000	3.555137693838000	36.677162207320997
0.534000000000000	3.593787183682000	36.172694471162998
0.535000000000000	3.630783525612000	34.169718093017003
0.536000000000000	3.664005681636000	30.916044413965999
0.537000000000000	3.692756330564000	26.986414482090002
0.538000000000000	3.717082642536000	23.038360028185000
0.539000000000000	3.737493777487000	19.613186602915999
0.540000000000000	3.755139871327000	17.046711383963000
0.541000000000000	3.771017703533000	15.476367625451999
0.542000000000000	3.785492174443000	14.879291521822999
0.543000000000000	3.799564447466000	15.074769685981000
0.544000000000000	3.814691593112000	15.711918965090000
0.545000000000000	3.831181100837000	16.326496749592000
0.546000000000000	3.848495637987000	16.486843006954000
0.547000000000000	3.866057870201000	15.964549687564000
0.548000000000000	3.882627406676000	14.847339909825999
0.549000000000000	3.896455914634000	13.501026387102000
0.550000000000000	3.907470002079000	12.327091638409000
0.551000000000000	3.917717104780000	11.441301655737000
0.552000000000000	3.928611045149000	10.536141050681000
0.553000000000000	3.939597652406000	9.052855423830000
0.554000000000000	3.949216422558000	6.526692968985000
0.555000000000000	3.955812779184000	2.885205556116000
0.556000000000000	3.957779527410000	-1.429122841243000
0.557000000000000	3.953916130890000	-5.561975343969000
0.558000000000000	3.944425015319000	-8.579974033405000
0.559000000000000	3.932011018066000	-9.915758984666001
0.560000000000000	3.920528645525000	-9.659220634526999
0.561000000000000	3.911890747526000	-8.474369323865000
0.562000000000000	3.905660577161000	-7.200351424714000
0.563000000000000	3.900728785129000	-6.420439079182000
0.564000000000000	3.895478202373000	-6.253434069894000
0.565000000000000	3.888437333059000	-6.457567469966000
0.566000000000000	3.880061198432000	-6.762212850791000
0.567000000000000	3.872103812869000	-7.180175100229000
0.568000000000000	3.865360114052000	-8.035362660763999
0.569000000000000	3.858722280059000	-9.666383631222001
0.570000000000000	3.849856840149000	-12.053069995432001
0.571000000000000	3.836535430311000	-14.696024098963001
0.572000000000000	3.818398600313000	-16.891915833302999
0.573000000000000	3.798091292607000	-18.213292470563999
0.574000000000000	3.779050382939000	-18.779852020924000
0.575000000000000	3.761993442974000	-19.060979224419999
0.576000000000000	3.744857604604000	-19.399190622957001
0.577000000000000	3.725379711625000	-19.727218291103000
0.578000000000000	3.703515602955000	-19.748511890273999
0.579000000000000	3.681807513554000	-19.376025322235002
0.580000000000000	3.662670543894000	-18.970099492326000
0.581000000000000	3.645643675492000	-19.135966200323999
0.582000000000000	3.628108083975000	-20.283771720789002
0.583000000000000	3.607905077691000	-22.340141743421999
0.584000000000000	3.584195948468000	-24.798426272947999
0.585000000000000	3.556911532922000	-27.015472505559998
0.586000000000000	3.527227440656000	-28.551909960399001
0.587000000000000	3.497450964178000	-29.360235209891002
0.588000000000000	3.468484341170000	-29.716912947447000
0.589000000000000	3.439027687148000	-30.001637046492998
0.590000000000000	3.408537496370000	-30.546225957362999
0.591000000000000	3.377990017210000	-31.605455593138998
0.592000000000000	3.347019721238000	-33.304696865000999
0.593000000000000	3.313575250031000	-35.523949606007001
0.594000000000000	3.276729420471000	-37.865281084229998
0.595000000000000	3.237439829829000	-39.773882018967001
0.596000000000000	3.196551862842000	-40.713568051796003
0.597000000000000	3.154220134323000	-40.341189108073003
0.598000000000000	3.111969472575000	-38.716922252225999
0.599000000000000	3.073239381168000	-36.449297772157003
0.600000000000000	3.039828758334000	-34.522244420248001
0.601000000000000	3.009284164605000	-33.769576840791999
0.602000000000000	2.977690494080000	-34.358920479494998
0.603000000000000	2.943162911003000	-35.679308242486002
0.604000000000000	2.905793998945000	-36.661722249581999
0.605000000000000	2.866998869208000	-36.266571951415003
0.606000000000000	2.829668219659000	-33.864336662036003
0.607000000000000	2.796864119958000	-29.361749768166000
0.608000000000000	2.770379983535000	-23.076235681101998
0.609000000000000	2.751192505240000	-15.498067834174000
0.610000000000000	2.739997790926000	-7.105003019634000
0.611000000000000	2.737325324819000	1.707373733435000
0.612000000000000	2.743686755664000	10.624042096111999
0.613000000000000	2.759040028363000	19.398182686443999
0.614000000000000	2.782536893422000	27.822881159183002
0.615000000000000	2.813479116720000	35.638369151969997
0.616000000000000	2.851875269120000	42.398402597968001
0.617000000000000	2.897410657766000	47.432042723041000
0.618000000000000	2.948315858834000	50.018968861914999
0.619000000000000	3.001275150703000	49.730916919385002
0.620000000000000	3.052182023672000	46.739715380743000
0.621000000000000	3.097578038588000	41.886277790727000
0.622000000000000	3.135808125821000	36.437954620375002
0.623000000000000	3.167362365065000	31.637171643807001
0.624000000000000	3.194600768007000	28.265005095736001
0.625000000000000	3.220582308786000	26.453432524181000
0.626000000000000	3.247321472426000	25.852987796878999
0.627000000000000	3.274727549120000	26.028602309442999
0.628000000000000	3.301493459185000	26.767795199005000
0.629000000000000	3.327339299346000	28.043410185959001
0.630000000000000	3.354099410055000	29.691708424282002
0.631000000000000	3.384174539301000	31.164967493550002
0.632000000000000	3.417835853642000	31.675162687581999
0.633000000000000	3.452477274996000	30.677020020141001
0.634000000000000	3.484371988027000	28.306835987391999
0.635000000000000	3.511042510984000	25.409211146644999
0.636000000000000	3.532723515271000	23.101859836212999
0.637000000000000	3.551952064870000	22.156969950846001
0.638000000000000	3.571905126637000	22.577997080488000
0.639000000000000	3.594752119817000	23.603237701472001
0.640000000000000	3.620697442091000	24.118259460686001
0.641000000000000	3.647896188023000	23.257684159556000
0.642000000000000	3.672893898008000	20.881043968326999
0.643000000000000	3.692500854666000	17.645516006070000
0.644000000000000	3.706431484498000	14.615930066989000
0.645000000000000	3.717237521199000	12.667359427993000
0.646000000000000	3.727772177331000	12.074289650946000
0.647000000000000	3.739623405814000	12.492571082600000
0.648000000000000	3.753156444651000	13.238173501325999
0.649000000000000	3.767888217915000	13.636860395486000
0.650000000000000	3.782723458015000	13.278723540593999
0.651000000000000	3.796221282436000	12.106275839997000
0.652000000000000	3.807203961178000	10.323423188686000
0.653000000000000	3.815455466678000	8.178492905848000
0.654000000000000	3.821823534432000	5.765945440011000
0.655000000000000	3.827042504370000	3.016250259819000
0.656000000000000	3.830095577300000	-0.101957548177000
0.657000000000000	3.829018108418000	-3.365297565336000
0.658000000000000	3.823459915053000	-6.294410446812000
0.659000000000000	3.814792964008000	-8.374368984419000
0.660000000000000	3.804624083621000	-9.300863227808000
0.661000000000000	3.794656398291000	-9.081799252163000
0.662000000000000	3.786161850287000	-7.972394527832000
0.663000000000000	3.778971483076000	-6.346552281798000
0.664000000000000	3.772787808586000	-4.638812027138000
0.665000000000000	3.768652623462000	-3.363870341367000
0.666000000000000	3.767045878428000	-3.056089292522000
0.667000000000000	3.765707938522000	-4.049045780149000
0.668000000000000	3.761550509271000	-6.274879419235000
0.669000000000000	3.753512854184000	-9.300560274904999
0.670000000000000	3.741979313270000	-12.560296988968000
0.671000000000000	3.727371435810000	-15.569282347652001
0.672000000000000	3.710131869339000	-18.003832001545000
0.673000000000000	3.690736252341000	-19.697087445958001
0.674000000000000	3.669790540304000	-20.636332131791001
0.675000000000000	3.648328221069000	-20.977770608446001
0.676000000000000	3.627530049415000	-21.013423234207000
0.677000000000000	3.607695614283000	-21.028256138098001
0.678000000000000	3.587789034461000	-21.105277428531000
0.679000000000000	3.566649935618000	-21.051289243612999
0.680000000000000	3.544342053846000	-20.562277950677000
0.681000000000000	3.522276673996000	-19.542668800493999
0.682000000000000	3.502378341730000	-18.329815612634000
0.683000000000000	3.485599934480000	-17.607754491211001
0.684000000000000	3.470624653830000	-18.017632170772998
0.685000000000000	3.454072957254000	-19.738727339286999
0.686000000000000	3.432880856663000	-22.390035998319000
0.687000000000000	3.407079138957000	-25.346306791088999
0.688000000000000	3.379025333544000	-28.171513320049002
0.689000000000000	3.349826502880000	-30.780493883180000
0.690000000000000	3.318645082490000	-33.260035816509003
0.691000000000000	3.284911785183000	-35.598876794017002
0.692000000000000	3.248722992723000	-37.554439352796997
0.693000000000000	3.210081270970000	-38.702904093930002
0.694000000000000	3.169698670058000	-38.635776521535000
0.695000000000000	3.129658302906000	-37.225272902114000
0.696000000000000	3.092329013780000	-34.808569654454999
0.697000000000000	3.058979201214000	-32.149603203879998
0.698000000000000	3.029282973712000	-30.174538669600000
0.699000000000000	3.001613477410000	-29.612383780618000
0.700000000000000	2.973819173907000	-30.695450284014999
0.701000000000000	2.943753413200000	-33.021280375723002
0.702000000000000	2.909564065959000	-35.635647837268998
0.703000000000000	2.871027878982000	-37.355765596673997
0.704000000000000	2.830662771685000	-37.234702592876999
0.705000000000000	2.792166252336000	-34.927799366621997
0.706000000000000	2.758525925215000	-30.738710427787002
0.707000000000000	2.731614891735000	-25.317624168428001
0.708000000000000	2.711428565320000	-19.199553815817001
0.709000000000000	2.696399059322000	-12.489003412850000
0.710000000000000	2.686105795683000	-4.932426266656000
0.711000000000000	2.682877342438000	3.673447561578000
0.712000000000000	2.689785766862000	13.089814115827000
0.713000000000000	2.707881727703000	22.578928730396001
0.714000000000000	2.736010132611000	31.167773997832001
0.715000000000000	2.772178674628000	37.983806421433997
0.716000000000000	2.814278455270000	42.481468355997997
0.717000000000000	2.859692601797000	44.543556037281000
0.718000000000000	2.905308486871000	44.475754512956001
0.719000000000000	2.948820700165000	42.869758375376001
0.720000000000000	2.989457455053000	40.352965563091999
0.721000000000000	3.027412476445000	37.351546726149998
0.722000000000000	3.063133518001000	34.023546066573999
0.723000000000000	3.096615712279000	30.418462783134000
0.724000000000000	3.126720863084000	26.751155865367998
0.725000000000000	3.151860209401000	23.550587848913999
0.726000000000000	3.172317772844000	21.502378853008999
0.727000000000000	3.191021282620000	21.071848850607001
0.728000000000000	3.211212660024000	22.218428335933002
0.729000000000000	3.234616586640000	24.430932619846999
0.730000000000000	3.261509758394000	27.026096207205001
0.731000000000000	3.290810624286000	29.458016056180000
0.732000000000000	3.321041808683000	31.410792246888001
0.733000000000000	3.352137382189000	32.647834018227996
0.734000000000000	3.385072943880000	32.836164842456000
0.735000000000000	3.419386154876000	31.608721148192998
0.736000000000000	3.452160792955000	28.860880085514001
0.737000000000000	3.480080345258000	24.980985906699999
0.738000000000000	3.502091406299000	20.759218122871999
0.739000000000000	3.519536487204000	17.049419049998999
0.740000000000000	3.534048889423000	14.459617225130000
0.741000000000000	3.546541401926000	13.218249904292000
0.742000000000000	3.558376822991000	13.161723363073000
0.743000000000000	3.571505782260000	13.792611693485000
0.744000000000000	3.586678114469000	14.452046076278000
0.745000000000000	3.602908926742000	14.598454979165000
0.746000000000000	3.618673933635000	14.052174393445000
0.747000000000000	3.632773368145000	13.053941085613999
0.748000000000000	3.644451662542000	12.090159623579000
0.749000000000000	3.654013683740000	11.549949784772000
0.750000000000000	3.663535316119000	11.393410159342000
0.751000000000000	3.675148474806000	11.086980888199999
0.752000000000000	3.688326728556000	9.930081114109001
0.753000000000000	3.699862344918000	7.561421675305000
0.754000000000000	3.706568971803000	4.233813007965000
0.755000000000000	3.707893231495000	0.648593062265000
0.756000000000000	3.705369587840000	-2.465481607272000
0.757000000000000	3.700469247399000	-4.690333672499000
0.758000000000000	3.694282146943000	-6.011423990447000
0.759000000000000	3.687811116231000	-6.716293265734000
0.760000000000000	3.681514046463000	-7.201239587035000
0.761000000000000	3.675030864967000	-7.766806078022000
0.762000000000000	3.667545902382000	-8.484533513149000
0.763000000000000	3.658682142761000	-9.195749211880999
0.764000000000000	3.648863634680000	-9.624189345327000
0.765000000000000	3.638561284362000	-9.529517500450000
0.766000000000000	3.628068194547000	-8.856930442560000
0.767000000000000	3.618470316248000	-7.855839152120000
0.768000000000000	3.611304408647000	-7.074769946229000
0.769000000000000	3.606265286965000	-7.136447567908000
0.770000000000000	3.600772023630000	-8.385197323221000
0.771000000000000	3.592109945230000	-10.681715319046999
0.772000000000000	3.579141426498000	-13.525922024318000
0.773000000000000	3.562893025089000	-16.385218168226000
0.774000000000000	3.545080317051000	-18.924479718634998
0.775000000000000	3.525578538452000	-20.982248169159000
0.776000000000000	3.503514995736000	-22.436231373491999
0.777000000000000	3.480042601010000	-23.160324801881998
0.778000000000000	3.456916262310000	-23.064088337889999
0.779000000000000	3.433973748104000	-22.122407481172001
0.780000000000000	3.411040599980000	-20.443960676503000
0.781000000000000	3.390139825123000	-18.416699371817000
0.782000000000000	3.373087362691000	-16.753161738770000
0.783000000000000	3.358835180150000	-16.254675597812000
0.784000000000000	3.344678692221000	-17.401919987332999
0.785000000000000	3.327941148529000	-20.065196199022999
0.786000000000000	3.306296070098000	-23.534235232821000
0.787000000000000	3.279070313463000	-26.868576168280999
0.788000000000000	3.248276903841000	-29.379942084561002
0.789000000000000	3.216826808879000	-30.937730158385001
0.790000000000000	3.186101224490000	-31.884043031411000
0.791000000000000	3.155618771550000	-32.642166850443999
0.792000000000000	3.123987070770000	-33.333503548985000
0.793000000000000	3.090165267846000	-33.686804137769002
0.794000000000000	3.054755813470000	-33.290329288259002
0.795000000000000	3.019927768248000	-31.984493493365999
0.796000000000000	2.988013373081000	-30.089679562354998
0.797000000000000	2.959936276027000	-28.290419031510002
0.798000000000000	2.934169142486000	-27.270509381760998
0.799000000000000	2.908132024543000	-27.385131417088001
0.800000000000000	2.880799896057000	-28.566722393296001
0.801000000000000	2.852246239214000	-30.395692633454999
0.802000000000000	2.821579177072000	-32.183556726465000
0.803000000000000	2.787654794657000	-33.100758678237000
0.804000000000000	2.751940909498000	-32.460391245594003
0.805000000000000	2.718686652461000	-30.031064123476000
0.806000000000000	2.690941364351000	-26.074445576093002
0.807000000000000	2.668413432497000	-21.052492701796002
0.808000000000000	2.650283099978000	-15.314709846141000
0.809000000000000	2.637692532892000	-9.028203986268000
0.810000000000000	2.632192135850000	-2.268000771384000
0.811000000000000	2.633675476639000	4.922697781340000
0.812000000000000	2.641678375695000	12.497856351117999
0.813000000000000	2.656993245585000	20.304698533067000
0.814000000000000	2.680425719393000	27.950325817520000
0.815000000000000	2.711784180723000	34.768436951501997
0.816000000000000	2.750392766127000	39.952605170105002
0.817000000000000	2.794348496941000	42.827311284029001
0.818000000000000	2.839785269020000	43.133180478149001
0.819000000000000	2.882967252631000	41.141595840565003
0.820000000000000	2.922362796802000	37.524187140411001
0.821000000000000	2.957688917555000	33.116877894650003
0.822000000000000	2.988361598909000	28.750421627480002
0.823000000000000	3.014139312598000	25.145062729481999
0.824000000000000	3.036281525596000	22.779095512188999
0.825000000000000	3.057055465193000	21.756100501582999
0.826000000000000	3.078522282716000	21.803134526552999
0.827000000000000	3.101486140210000	22.459763027665002
0.828000000000000	3.125451485881000	23.348998775302999
0.829000000000000	3.149718492536000	24.341934768990999
0.830000000000000	3.174104666638000	25.512528335662001
0.831000000000000	3.199307962451000	26.941744588317999
0.832000000000000	3.226337895198000	28.528410581357999
0.833000000000000	3.255343733671000	29.927292229734999
0.834000000000000	3.286087415206000	30.631683167119999
0.835000000000000	3.318048237949000	30.163805622845999
0.836000000000000	3.349369787890000	28.315570843705000
0.837000000000000	3.377604502087000	25.322683986586998
0.838000000000000	3.401046501102000	21.826738024299999
0.839000000000000	3.419356435073000	18.584905160931001
0.840000000000000	3.434386025621000	16.081868361874999
0.841000000000000	3.449022474980000	14.328447415423000
0.842000000000000	3.464023054476000	13.020003176767000
0.843000000000000	3.477675961958000	11.895691598522999
0.844000000000000	3.488865218203000	10.943072364215000
0.845000000000000	3.498472563941000	10.293948301220000
0.846000000000000	3.507812334561000	9.992954066916999
0.847000000000000	3.517647726712000	9.890613512106000
0.848000000000000	3.528190153061000	9.732119768880001
0.849000000000000	3.538669986617000	9.335107724682001
0.850000000000000	3.547828453499000	8.689822253202999
0.851000000000000	3.555302082552000	7.885315830745000
0.852000000000000	3.561993937063000	6.938837725312000
0.853000000000000	3.568811298517000	5.725626839833000
0.854000000000000	3.575013961458000	4.103051335775000
0.855000000000000	3.578666736501000	2.085339901787000
0.856000000000000	3.579020364984000	-0.142018304493000
0.857000000000000	3.577175868165000	-2.367576178966000
0.858000000000000	3.574044773521000	-4.455018800208000
0.859000000000000	3.569361422656000	-6.277935055148000
0.860000000000000	3.562734712957000	-7.596633201721000
0.861000000000000	3.553999737626000	-8.071121344757000
0.862000000000000	3.543812675748000	-7.487524051297000
0.863000000000000	3.534811070990000	-6.060946046214000
0.864000000000000	3.529737673629000	-4.521565946887000
0.865000000000000	3.528228397902000	-3.802388725151000
0.866000000000000	3.527136179165000	-4.508868243913000
0.867000000000000	3.523119854427000	-6.582673221147000
0.868000000000000	3.514450369608000	-9.408769987906000
0.869000000000000	3.501764803983000	-12.242261156445000
0.870000000000000	3.487168075945000	-14.598746725391001
0.871000000000000	3.471954526673000	-16.335566047288999
0.872000000000000	3.455591427799000	-17.466373225561000
0.873000000000000	3.437326860348000	-17.992048954443000
0.874000000000000	3.418108625993000	-17.938550111188000
0.875000000000000	3.399808020473000	-17.495000706886000
0.876000000000000	3.383083011220000	-17.024597307905001
0.877000000000000	3.367273881697000	-16.890488235191999
0.878000000000000	3.351525080698000	-17.232115021843999
0.879000000000000	3.334818571679000	-17.848569391611001
0.880000000000000	3.316130067216000	-18.279229066268002
0.881000000000000	3.295728685293000	-18.092455432161000
0.882000000000000	3.275640443399000	-17.251108342774000
0.883000000000000	3.258308678792000	-16.283611603261001
0.884000000000000	3.244365626121000	-16.050417195424998
0.885000000000000	3.231271836949000	-17.200901569974999
0.886000000000000	3.215108491315000	-19.708470296381002
0.887000000000000	3.193656949360000	-22.842634544856999
0.888000000000000	3.167087803575000	-25.601063572838999
0.889000000000000	3.137466422767000	-27.301456615675999
0.890000000000000	3.108051236988000	-27.947062576815000
0.891000000000000	3.080980807017000	-28.127191975552002
0.892000000000000	3.055354851224000	-28.521631693669001
0.893000000000000	3.028613737174000	-29.370494063888000
0.894000000000000	2.999145336338000	-30.290022902217999
0.895000000000000	2.966986097222000	-30.540668696091998
0.896000000000000	2.933760385613000	-29.554909745553001
0.897000000000000	2.902573057781000	-27.397936397333002
0.898000000000000	2.876162248693000	-24.868112381576999
0.899000000000000	2.854455093359000	-23.144664137852999
0.900000000000000	2.834731966117000	-23.181546217310999
0.901000000000000	2.813793160085000	-25.192770156163999
0.902000000000000	2.788939873814000	-28.469930114137000
0.903000000000000	2.758292630422000	-31.597201043095001
0.904000000000000	2.722339838802000	-33.011565212725998
0.905000000000000	2.685160945219000	-31.700353559330999
0.906000000000000	2.652664114379000	-27.648322973298999
0.907000000000000	2.628619513180000	-21.709340477341001
0.908000000000000	2.612978630060000	-14.979633553639999
0.909000000000000	2.603679352804000	-8.142450104430999
0.910000000000000	2.599084231847000	-1.243902768424000
0.911000000000000	2.599682626392000	6.021275936190000
0.912000000000000	2.607608267489000	13.818107270070000
0.913000000000000	2.624450832986000	21.856643678729998
0.914000000000000	2.650520461475000	29.423939700845001
0.915000000000000	2.684866791849000	35.677986417726999
0.916000000000000	2.724896893974000	39.997141692203002
0.917000000000000	2.767378547628000	42.183779222863997
0.918000000000000	2.810110755988000	42.431108885152000
0.919000000000000	2.851910518837000	41.131481120187999
0.920000000000000	2.891734362186000	38.685850341557000
0.921000000000000	2.928618704102000	35.403870852345001
0.922000000000000	2.962076170404000	31.494236184876002
0.923000000000000	2.992122589214000	27.140885580494000
0.924000000000000	3.018370585119000	22.660707509203000
0.925000000000000	3.039648792255000	18.647556227170998
0.926000000000000	3.055716902870000	15.929683980547001
0.927000000000000	3.068586014713000	15.273288633523000
0.928000000000000	3.081762497843000	16.990175511322999
0.929000000000000	3.098711057153000	20.706175449248001
0.930000000000000	3.121408655477000	25.424434304041000
0.931000000000000	3.150002989609000	29.826085489886999
0.932000000000000	3.183599713999000	32.674297159418003
0.933000000000000	3.220134448110000	33.221549238527999
0.934000000000000	3.255496507438000	31.498559139967998
0.935000000000000	3.285360867847000	28.278891517161998
0.936000000000000	3.309204078383000	24.631654785685001
0.937000000000000	3.330105549928000	21.347005621632999
0.938000000000000	3.349999400608000	18.684511282894000
0.939000000000000	3.368168559881000	16.552725791414002
0.940000000000000	3.384077183316000	14.817882529292000
0.941000000000000	3.398420030040000	13.465033632517001
0.942000000000000	3.411503708659000	12.597329502218001
0.943000000000000	3.422963200230000	12.335328816949000
0.944000000000000	3.433783261831000	12.644525769855999
0.945000000000000	3.446503539706000	13.219358983590000
0.946000000000000	3.461612041667000	13.601426576428000
0.947000000000000	3.476414806373000	13.461400540489000
0.948000000000000	3.489251948717000	12.741285883248000
0.949000000000000	3.501050429029000	11.541103681688000
0.950000000000000	3.512056352305000	9.955766425556000
0.951000000000000	3.521162252043000	8.034580926693000
0.952000000000000	3.527950071413000	5.807873077132000
0.953000000000000	3.532691356535000	3.303592673734000
0.954000000000000	3.535239735270000	0.582837455769000
0.955000000000000	3.534846322235000	-2.197238992334000
0.956000000000000	3.531133110493000	-4.766878611419000
0.957000000000000	3.524746887587000	-6.818047540980000
0.958000000000000	3.516508188952000	-8.121223764329001
0.959000000000000	3.507323115491000	-8.611369795792999
0.960000000000000	3.498531350490000	-8.398909785861999
0.961000000000000	3.490869995342000	-7.691891457952000
0.962000000000000	3.484062014196000	-6.676794387861000
0.963000000000000	3.477743551051000	-5.465003743313000
0.964000000000000	3.472223900275000	-4.161816598406000
0.965000000000000	3.468182493921000	-2.984343582215000
0.966000000000000	3.465730142455000	-2.299714660726000
0.967000000000000	3.464303265690000	-2.524376311347000
0.968000000000000	3.462794995754000	-3.925454930599000
0.969000000000000	3.459167426874000	-6.434562994375000
0.970000000000000	3.451335319858000	-9.612547971914999
0.971000000000000	3.439015629563000	-12.827662851312001
0.972000000000000	3.423631258814000	-15.531201013725999
0.973000000000000	3.406596940779000	-17.422874868514999
0.974000000000000	3.388581876095000	-18.423072354776998
0.975000000000000	3.369864156212000	-18.558885453468999
0.976000000000000	3.351021822011000	-17.907480283653999
0.977000000000000	3.333233507976000	-16.620762326042001
0.978000000000000	3.317363986289000	-14.950466058370001
0.979000000000000	3.303422748077000	-13.217475971752000
0.980000000000000	3.291143203338000	-11.752631438790001
0.981000000000000	3.280190491175000	-10.851683425352000
0.982000000000000	3.269974227086000	-10.742385121626000
0.983000000000000	3.259517537563000	-11.547519426476001
0.984000000000000	3.247662800071000	-13.257311941178999
0.985000000000000	3.233375688669000	-15.744190501375000
0.986000000000000	3.215787419628000	-18.832428269032999
0.987000000000000	3.194995171122000	-22.371112972437999
0.988000000000000	3.171935492714000	-26.193247730085002
0.989000000000000	3.145825776800000	-29.921971308452001
0.990000000000000	3.114211620200000	-32.838882382278001
0.991000000000000	3.077317156530000	-34.118006056581997
0.992000000000000	3.039575198674000	-33.371484184248999
0.993000000000000	3.005805744192000	-31.028463008348002
0.994000000000000	2.977702781523000	-28.158155908041000
0.995000000000000	2.953700204104000	-25.862058917102999
0.996000000000000	2.930875259652000	-24.707786663520999
0.997000000000000	2.906916036783000	-24.573748642216000
0.998000000000000	2.880888603299000	-24.935189195014999
0.999000000000000	2.853629864859000	-25.343909852056001
1.000000000000000	2.827245788047000	-25.751834470146001
1.001000000000000	2.802600660017000	-26.438624290775000
1.002000000000000	2.778028809634000	-27.610821960865000
1.003000000000000	2.751077967357000	-29.025798998599999
1.004000000000000	2.720834461554000	-29.967412092837002
1.005000000000000	2.688943734600000	-29.576668587949001
1.006000000000000	2.658505532651000	-27.253014863396999
1.007000000000000	2.632174507675000	-22.850464457840001
1.008000000000000	2.611854613544000	-16.619928596301001
1.009000000000000	2.598912510225000	-9.032228051063999
1.010000000000000	2.593908847539000	-0.631060494591000
1.011000000000000	2.597440258790000	8.030074954350001
1.012000000000000	2.610338201098000	16.423201095898001
1.013000000000000	2.631695209422000	24.116654369117001
1.014000000000000	2.659282785430000	30.822624097716002
1.015000000000000	2.692485406160000	36.331654314615001
1.016000000000000	2.731472451237000	40.411989497520999
1.017000000000000	2.774265678462000	42.820799461718003
1.018000000000000	2.817938309689000	43.394659436318001
1.019000000000000	2.861232540128000	42.096307084974001
1.020000000000000	2.903391884835000	39.047691397560001
1.021000000000000	2.941923522970000	34.626762809878997
1.022000000000000	2.973998485655000	29.515366353326002
1.023000000000000	2.999480609840000	24.535148622099001
1.024000000000000	3.020579847039000	20.362081281938998
1.025000000000000	3.039138170187000	17.385732177518999
1.026000000000000	3.055782756244000	15.800372807874000
1.027000000000000	3.070947187390000	15.741008561418999
1.028000000000000	3.085774760051000	17.255547478006001
1.029000000000000	3.102420772918000	20.117309407604999
1.030000000000000	3.123486538986000	23.684098022465001
1.031000000000000	3.150038768810000	27.007769167555999
1.032000000000000	3.180379216071000	29.179792874012001
1.033000000000000	3.211744023821000	29.676801740030001
1.034000000000000	3.241958901918000	28.485220339950001
1.035000000000000	3.269469164533000	25.989432759244000
1.036000000000000	3.293692137727000	22.764933428858999
1.037000000000000	3.314757609014000	19.418949188995999
1.038000000000000	3.332307286746000	16.507170473009001
1.039000000000000	3.346144809833000	14.435357149832001
1.040000000000000	3.358031695631000	13.297321088266999
1.041000000000000	3.370830834697000	12.798815679758000
1.042000000000000	3.385289292263000	12.454379435177000
1.043000000000000	3.399201032438000	11.957522898379001
1.044000000000000	3.410745899610000	11.377189906358000
1.045000000000000	3.420845385733000	11.013254451561000
1.046000000000000	3.431252572124000	11.118000164588000
1.047000000000000	3.442319879221000	11.744086161916000
1.048000000000000	3.453557118277000	12.715333396003000
1.049000000000000	3.465618581069000	13.598820846144999
1.050000000000000	3.480054297897000	13.739809118909999
1.051000000000000	3.496134299015000	12.523890062332001
1.052000000000000	3.510154452296000	9.787023355374000
1.053000000000000	3.518870998688000	6.027594422904000
1.054000000000000	3.521714938970000	2.198232697712000
1.055000000000000	3.519995170982000	-0.782197131579000
1.056000000000000	3.515756869176000	-2.482886037395000
1.057000000000000	3.511331709862000	-3.154284692725000
1.058000000000000	3.508738017106000	-3.564786908733000
1.059000000000000	3.507921582373000	-4.513820316369000
1.060000000000000	3.505752911023000	-6.266583516860000
1.061000000000000	3.498920723392000	-8.315155072407000
1.062000000000000	3.487494035786000	-9.693036260511001
1.063000000000000	3.474288571751000	-9.632920773829000
1.064000000000000	3.462600086174000	-8.102704201731999
1.065000000000000	3.455216760876000	-5.880469812319000
1.066000000000000	3.452746015526000	-4.136957032704000
1.067000000000000	3.452314450597000	-3.790196377207000
1.068000000000000	3.449899408065000	-5.055100789883000
1.069000000000000	3.443504365941000	-7.465813118826000
1.070000000000000	3.433378436508000	-10.268396733697999
1.071000000000000	3.420663974450000	-12.835237247119000
1.072000000000000	3.406242946673000	-14.848277570275000
1.073000000000000	3.390511810153000	-16.249909183410001
1.074000000000000	3.373961776062000	-17.097505858717000
1.075000000000000	3.356981241341000	-17.434989112000999
1.076000000000000	3.339504455783000	-17.239762133414999
1.077000000000000	3.321859298272000	-16.471253422473001
1.078000000000000	3.305242197103000	-15.183982516118000
1.079000000000000	3.290570425307000	-13.604084996693000
1.080000000000000	3.277825548733000	-12.103113981888001
1.081000000000000	3.266809613700000	-11.092686512621000
1.082000000000000	3.256852006115000	-10.897588764647001
1.083000000000000	3.246316505036000	-11.662593627073999
1.084000000000000	3.234125454377000	-13.334618143368001
1.085000000000000	3.220250841942000	-15.693809397126000
1.086000000000000	3.203884844739000	-18.374793295753001
1.087000000000000	3.183438974745000	-20.929133453455002
1.088000000000000	3.159141064360000	-23.034768289748001
1.089000000000000	3.133808061519000	-24.746495901901000
1.090000000000000	3.109636584708000	-26.472299222897998
1.091000000000000	3.085136689278000	-28.568253714920001
1.092000000000000	3.056831810721000	-30.905028677194000
1.093000000000000	3.023474334772000	-32.861784799233000
1.094000000000000	2.987448949238000	-33.766896415984000
1.095000000000000	2.952224777120000	-33.354411480030002
1.096000000000000	2.919619069085000	-31.851189108387999
1.097000000000000	2.889681330670000	-29.719498655787000
1.098000000000000	2.861633262539000	-27.365532764308000
1.099000000000000	2.834947926122000	-25.060347006811000
1.100000000000000	2.810286765364000	-23.052789280249002
1.101000000000000	2.788595357449000	-21.648659652995999
1.102000000000000	2.769253117125000	-21.079038971736999
1.103000000000000	2.749851401634000	-21.250153215910000
1.104000000000000	2.728167634444000	-21.661597608331000
1.105000000000000	2.704671707900000	-21.637307319830999
1.106000000000000	2.682206687350000	-20.667205077287999
1.107000000000000	2.662638659616000	-18.538566715095001
1.108000000000000	2.645852033954000	-15.209361521163000
1.109000000000000	2.632231123890000	-10.662070706302000
1.110000000000000	2.623634150004000	-4.901559590757000
1.111000000000000	2.621922751275000	1.985941482411000
1.112000000000000	2.627600064238000	9.817929501064000
1.113000000000000	2.640342263551000	18.278309557277002
1.114000000000000	2.661099743622000	26.779319281900001
1.115000000000000	2.691845158306000	34.375036735681000
1.116000000000000	2.732135578704000	39.985320082785002
1.117000000000000	2.777527312962000	42.896092765679001
1.118000000000000	2.822440695990000	43.126052147796003
1.119000000000000	2.864010952195000	41.314857335474997
1.120000000000000	2.902474243970000	38.258833327768002
1.121000000000000	2.938511696621000	34.531907199827998
1.122000000000000	2.971642957131000	30.457729036749999
1.123000000000000	3.000892459979000	26.325479261430001
1.124000000000000	3.025661710225000	22.579454802078001
1.125000000000000	3.046010446009000	19.808557323614000
1.126000000000000	3.063038849960000	18.527926176286002
1.127000000000000	3.079331823425000	18.886184211420002
1.128000000000000	3.098154498575000	20.522688875970999
1.129000000000000	3.120963210418000	22.731312120327001
1.130000000000000	3.146272600414000	24.822800537271998
1.131000000000000	3.172205608129000	26.375431936075000
1.132000000000000	3.198790162090000	27.207432640166999
1.133000000000000	3.226294124482000	27.218522655754001
1.134000000000000	3.253522432024000	26.311880264431000
1.135000000000000	3.279312957409000	24.424368030859000
1.136000000000000	3.303299754868000	21.601691294773001
1.137000000000000	3.324435600894000	18.094961513114001
1.138000000000000	3.341083374013000	14.420474749252000
1.139000000000000	3.352859860144000	11.268326056424000
1.140000000000000	3.361264285842000	9.250127072160000
1.141000000000000	3.368601493941000	8.644872099004001
1.142000000000000	3.376724664369000	9.311009160709000
1.143000000000000	3.386704556184000	10.789336286617001
1.144000000000000	3.398892398461000	12.502819023736000
1.145000000000000	3.412953513441000	13.946806243274001
1.146000000000000	3.428074752948000	14.802509449794000
1.147000000000000	3.443233511363000	14.945486977436000
1.148000000000000	3.457788691988000	14.367976153344999
1.149000000000000	3.471725814988000	13.096357885495999
1.150000000000000	3.484808461818000	11.199623975633999
1.151000000000000	3.495779952513000	8.881330351622999
1.152000000000000	3.503092893539000	6.506100568442000
1.153000000000000	3.506820278973000	4.435093022282000
1.154000000000000	3.508991314426000	2.771123598210000
1.155000000000000	3.511312652592000	1.277611184586000
1.156000000000000	3.513319207004000	-0.409581274862000
1.157000000000000	3.513179350020000	-2.463069435844000
1.158000000000000	3.509772579459000	-4.718386112702000
1.159000000000000	3.503503361585000	-6.779017810688000
1.160000000000000	3.495264220692000	-8.228353842371000
1.161000000000000	3.485715026534000	-8.801631753721001
1.162000000000000	3.475908000802000	-8.485013771012000
1.163000000000000	3.467364617853000	-7.537685600737000
1.164000000000000	3.460927648749000	-6.400728925738000
1.165000000000000	3.456004512654000	-5.508108792944000
1.166000000000000	3.451429601657000	-5.115391412002000
1.167000000000000	3.446572918728000	-5.255610537132000
1.168000000000000	3.440863840432000	-5.826485466350000
1.169000000000000	3.433842032936000	-6.737951932972000
1.170000000000000	3.426317628784000	-8.011667527532000
1.171000000000000	3.418893472610000	-9.714629934029000
1.172000000000000	3.409687136683000	-11.749567012631999
1.173000000000000	3.396479502740000	-13.745633993398000
1.174000000000000	3.380099585349000	-15.238073042798000
1.175000000000000	3.363251138734000	-15.974321765494000
1.176000000000000	3.347327739327000	-16.026624276905000
1.177000000000000	3.331868337531000	-15.654527917599999
1.178000000000000	3.316136863632000	-15.147802282219001
1.179000000000000	3.300662600659000	-14.808700075733000
1.180000000000000	3.286576338539000	-14.959748994213999
1.181000000000000	3.273183069471000	-15.804081720155001
1.182000000000000	3.258106833521000	-17.206241662722999
1.183000000000000	3.239816186759000	-18.652717816378001
1.184000000000000	3.218739729483000	-19.517509847720000
1.185000000000000	3.196915017355000	-19.464123581477001
1.186000000000000	3.176762447640000	-18.684219823483001
1.187000000000000	3.159154743288000	-17.808089554445001
1.188000000000000	3.142834461185000	-17.583295393370999
1.189000000000000	3.126104069088000	-18.556374853575001
1.190000000000000	3.108106470541000	-20.882046922343001
1.191000000000000	3.087634175769000	-24.219649257080999
1.192000000000000	3.062348490052000	-27.722462503968000
1.193000000000000	3.031231237970000	-30.262716310841999
1.194000000000000	2.996880066338000	-30.924175970764999
1.195000000000000	2.963666804463000	-29.491100920234000
1.196000000000000	2.934558433983000	-26.587208618977002
1.197000000000000	2.910554024299000	-23.379711050227002
1.198000000000000	2.891161951392000	-21.034606894572999
1.199000000000000	2.873835783002000	-20.195625680925001
1.200000000000000	2.854788958541000	-20.751080968503000
1.201000000000000	2.832123819562000	-22.042218121798001
1.202000000000000	2.807192617517000	-23.370124419341000
1.203000000000000	2.782534414119000	-24.387650779727000
1.204000000000000	2.759076668518000	-25.062922960849999
1.205000000000000	2.735463650934000	-25.323185167243000
1.206000000000000	2.710489687068000	-24.779912800430001
1.207000000000000	2.685247590163000	-22.799447089615999
1.208000000000000	2.662230913430000	-18.829602342244002
1.209000000000000	2.644241673161000	-12.719067300393000
1.210000000000000	2.634077733857000	-4.849041049360000
1.211000000000000	2.633439375397000	3.954195247165000
1.212000000000000	2.642515251997000	12.656663827974000
1.213000000000000	2.660564184418000	20.300444015951999
1.214000000000000	2.686017557512000	26.256610273130999
1.215000000000000	2.716367099089000	30.390588863230999
1.216000000000000	2.748691142093000	33.052812328782998
1.217000000000000	2.781221899963000	34.822044341050002
1.218000000000000	2.814507506511000	36.089574602299997
1.219000000000000	2.850099270298000	36.765440890287998
1.220000000000000	2.888154180654000	36.365160492073002
1.221000000000000	2.926629233502000	34.452223217345001
1.222000000000000	2.962104573853000	31.116959134148999
1.223000000000000	2.991599061404000	27.124086956271999
1.224000000000000	3.014706806551000	23.593995503039999
1.225000000000000	3.033919523092000	21.424858887736999
1.226000000000000	3.052826896690000	20.856171699034000
1.227000000000000	3.073994216853000	21.460679971605000
1.228000000000000	3.097526758877000	22.519117729146998
1.229000000000000	3.121763849385000	23.455187911534001
1.230000000000000	3.145756839641000	24.026482357934999
1.231000000000000	3.169848097394000	24.241179369211999
1.232000000000000	3.193886697443000	24.179123417561001
1.233000000000000	3.217251261075000	23.851986161258999
1.234000000000000	3.240532660657000	23.141351790165999
1.235000000000000	3.264287546613000	21.869372463287998
1.236000000000000	3.286940859302000	20.006503986220999
1.237000000000000	3.306358635819000	17.838052068021000
1.238000000000000	3.322036879688000	15.875901790525999
1.239000000000000	3.335091932417000	14.532747843009000
1.240000000000000	3.347682131815000	13.815420327497000
1.241000000000000	3.361744177227000	13.307583018276000
1.242000000000000	3.376946219173000	12.495092989103000
1.243000000000000	3.390749356019000	11.190133056102001
1.244000000000000	3.401266900978000	9.699759020890999
1.245000000000000	3.408957324895000	8.610247602296001
1.246000000000000	3.415627684907000	8.393300108837000
1.247000000000000	3.423230244864000	9.140307004215000
1.248000000000000	3.432993993361000	10.562988989562999
1.249000000000000	3.444825022618000	12.176250337983999
1.250000000000000	3.457852891138000	13.475346009516000
1.251000000000000	3.471508994395000	13.990794103447000
1.252000000000000	3.485772111709000	13.283342797734001
1.253000000000000	3.499891476169000	11.035084839149000
1.254000000000000	3.511389885372000	7.267626589593000
1.255000000000000	3.517490361306000	2.510774021980000
1.256000000000000	3.517032263703000	-2.279286735965000
1.257000000000000	3.510763067712000	-6.063164984392000
1.258000000000000	3.500825627942000	-8.146209692873001
1.259000000000000	3.490199262216000	-8.470014246885000
1.260000000000000	3.481723805988000	-7.606973251462000
1.261000000000000	3.476410542325000	-6.432216302139000
1.262000000000000	3.472655814954000	-5.650846411861000
1.263000000000000	3.468128557277000	-5.490754551082000
1.264000000000000	3.462117467829000	-5.748632572081000
1.265000000000000	3.455224219613000	-6.087216994127000
1.266000000000000	3.447939554417000	-6.332255669221000
1.267000000000000	3.440956394980000	-6.595648196648000
1.268000000000000	3.435077944530000	-7.175737120286000
1.269000000000000	3.429152661538000	-8.297686886406000
1.270000000000000	3.420686104810000	-9.897784515494999
1.271000000000000	3.409052490021000	-11.657427779939001
1.272000000000000	3.395592956582000	-13.241629945323000
1.273000000000000	3.381481655433000	-14.482756293943000
1.274000000000000	3.367041780840000	-15.348933794390000
1.275000000000000	3.352020169688000	-15.786308615192000
1.276000000000000	3.335955199397000	-15.638539032577000
1.277000000000000	3.319152259887000	-14.764081060736000
1.278000000000000	3.303309913903000	-13.279587105664000
1.279000000000000	3.290411728451000	-11.698694142046000
1.280000000000000	3.280907854960000	-10.770897086969001
1.281000000000000	3.272839870806000	-11.071450921348999
1.282000000000000	3.262936977147000	-12.635839221258999
1.283000000000000	3.249191909096000	-14.920367904622999
1.284000000000000	3.231832777910000	-17.104652700738001
1.285000000000000	3.212155629983000	-18.506516822203999
1.286000000000000	3.191792975916000	-18.869559480380001
1.287000000000000	3.172262130367000	-18.429221821180001
1.288000000000000	3.154253557190000	-17.785666360634998
1.289000000000000	3.137590763799000	-17.657457507069999
1.290000000000000	3.121432321182000	-18.589418452395002
1.291000000000000	3.104056298625000	-20.689678711534999
1.292000000000000	3.083136524220000	-23.507023940233999
1.293000000000000	3.057491468717000	-26.161165606445000
1.294000000000000	3.028366661645000	-27.709295910114999
1.295000000000000	2.998277454373000	-27.562183491024001
1.296000000000000	2.969451548790000	-25.747564722621000
1.297000000000000	2.943844435835000	-22.940520319667002
1.298000000000000	2.923009127824000	-20.255140505067001
1.299000000000000	2.906434922847000	-18.817696798930001
1.300000000000000	2.890889824159000	-19.261450627087999
1.301000000000000	2.872552005418000	-21.423110874666001
1.302000000000000	2.849375957950000	-24.447137639276001
1.303000000000000	2.821664633422000	-27.223753877004999
1.304000000000000	2.791522755766000	-28.863938820354999
1.305000000000000	2.761581600883000	-28.928823655647999
1.306000000000000	2.733522560882000	-27.340673788509001
1.307000000000000	2.707824936400000	-24.145815439159001
1.308000000000000	2.685116625857000	-19.384051766092998
1.309000000000000	2.667422200790000	-13.157901324225000
1.310000000000000	2.657364655482000	-5.751214245417000
1.311000000000000	2.656246394513000	2.396713422494000
1.312000000000000	2.663469862689000	10.844548447866000
1.313000000000000	2.677942135543000	19.220658089421999
1.314000000000000	2.699816444142000	27.095192858491998
1.315000000000000	2.730159655607000	33.816541757918998
1.316000000000000	2.768522120076000	38.588748232198000
1.317000000000000	2.811508147208000	40.829075315151997
1.318000000000000	2.854400637377000	40.514610764688001
1.319000000000000	2.893875936651000	38.196829872389998
1.320000000000000	2.929110012731000	34.673982857584001
1.321000000000000	2.960961906553000	30.622888125999999
1.322000000000000	2.990051640486000	26.491702754415002
1.323000000000000	3.015521960245000	22.662320826550999
1.324000000000000	3.036233776993000	19.610537326882000
1.325000000000000	3.052974245690000	17.823194466943001
1.326000000000000	3.068707030882000	17.540210376904000
1.327000000000000	3.086256438903000	18.605614714999000
1.328000000000000	3.106146721871000	20.568023526108000
1.329000000000000	3.127685950092000	22.872078427525999
1.330000000000000	3.151249935423000	24.942120262882000
1.331000000000000	3.177605303000000	26.201365756977001
1.332000000000000	3.205864068339000	26.199318314983000
1.333000000000000	3.233496300764000	24.843645325716000
1.334000000000000	3.257964566679000	22.523997144631998
1.335000000000000	3.278284635190000	19.961049268039002
1.336000000000000	3.295206979335000	17.842181978294999
1.337000000000000	3.310390649656000	16.470325577911002
1.338000000000000	3.325874620744000	15.650856550815000
1.339000000000000	3.342737552126000	14.909308107838999
1.340000000000000	3.359367490165000	13.904933357915001
1.341000000000000	3.373132971544000	12.707038279814000
1.342000000000000	3.383859834346000	11.686923459823999
1.343000000000000	3.393517233602000	11.145618288804000
1.344000000000000	3.403904046463000	11.043052650849001
1.345000000000000	3.415868614596000	11.059289678326000
1.346000000000000	3.428545699097000	10.895772381744001
1.347000000000000	3.439693979222000	10.513802641213999
1.348000000000000	3.448635130307000	10.075543931367999
1.349000000000000	3.457385176377000	9.677636167272000
1.350000000000000	3.467467767799000	9.210758743136999
1.351000000000000	3.477612557000000	8.500239673473001
1.352000000000000	3.485839464710000	7.507937562967000
1.353000000000000	3.491970885476000	6.328830435296000
1.354000000000000	3.497033630023000	5.020926751585000
1.355000000000000	3.501512356284000	3.506777379409000
1.356000000000000	3.505063915598000	1.665534325217000
1.357000000000000	3.506758141855000	-0.481732422318000
1.358000000000000	3.505356770680000	-2.676498907225000
1.359000000000000	3.500651135598000	-4.523164481748000
1.360000000000000	3.494269476371000	-5.712007685832000
1.361000000000000	3.487985424405000	-6.166903208189000
1.362000000000000	3.481895829342000	-6.018612488266000
1.363000000000000	3.475637324909000	-5.512341248586000
1.364000000000000	3.470046944768000	-4.969999625413000
1.365000000000000	3.466017552738000	-4.747039992582000
1.366000000000000	3.462770542342000	-5.083157526427000
1.367000000000000	3.458088196896000	-5.944040226755000
1.368000000000000	3.450472991703000	-7.072048788709000
1.369000000000000	3.441145647531000	-8.259858866604001
1.370000000000000	3.432343309461000	-9.557028348270000
1.371000000000000	3.423755722865000	-11.151416198134999
1.372000000000000	3.413150843075000	-13.043382967577999
1.373000000000000	3.399381297087000	-14.864625610898001
1.374000000000000	3.382628590227000	-16.026772106970999
1.375000000000000	3.363971290642000	-16.095809438300002
1.376000000000000	3.346097996378000	-15.137496203088000
1.377000000000000	3.331974783884000	-13.760569982639000
1.378000000000000	3.321523160827000	-12.749477697433001
1.379000000000000	3.311431272072000	-12.537005109504999
1.380000000000000	3.298795891345000	-12.974056502287000
1.381000000000000	3.283658515383000	-13.590842188865000
1.382000000000000	3.268165182835000	-14.064671283417001
1.383000000000000	3.253958517685000	-14.447671648306001
1.384000000000000	3.240692359302000	-14.998238278449000
1.385000000000000	3.226528781387000	-15.852352715245001
1.386000000000000	3.209880313264000	-16.880956308241000
1.387000000000000	3.191247691111000	-17.844384661102001
1.388000000000000	3.172224895627000	-18.643900314654001
1.389000000000000	3.153334285749000	-19.411480504875001
1.390000000000000	3.134110683159000	-20.390938485633999
1.391000000000000	3.113754605258000	-21.755555032819998
1.392000000000000	3.091747922825000	-23.491784733155001
1.393000000000000	3.067960643554000	-25.366282921564999
1.394000000000000	3.041738508847000	-26.964536756948000
1.395000000000000	3.012950796230000	-27.830245712425000
1.396000000000000	2.983556473795000	-27.681527604185000
1.397000000000000	2.955880628905000	-26.551949499224001
1.398000000000000	2.930336165972000	-24.746736744722998
1.399000000000000	2.906152447527000	-22.721553612337001
1.400000000000000	2.883636279199000	-21.037583942392999
1.401000000000000	2.864097272665000	-20.315219279318001
1.402000000000000	2.846702937265000	-20.989496738263000
1.403000000000000	2.827557550746000	-22.934694003773000
1.404000000000000	2.803710274894000	-25.313396360157999
1.405000000000000	2.775903696702000	-26.853965163969001
1.406000000000000	2.746737054000000	-26.364186159022999
1.407000000000000	2.718988418255000	-23.168553922861001
1.408000000000000	2.695916478482000	-17.333965386715999
1.409000000000000	2.681040719612000	-9.663808971557000
1.410000000000000	2.676679432828000	-1.419553613644000
1.411000000000000	2.682356045413000	6.201621897598000
1.412000000000000	2.694756553216000	12.586438998124001
1.413000000000000	2.710347285195000	17.860757592470001
1.414000000000000	2.728610712255000	22.549930385271999
1.415000000000000	2.751670733536000	27.039733399534999
1.416000000000000	2.780692651589000	31.285056417088001
1.417000000000000	2.814471143382000	34.905987230393002
1.418000000000000	2.851292448439000	37.440824808576998
1.419000000000000	2.889929542620000	38.508877125521998
1.420000000000000	2.928945841766000	37.857266570295003
1.421000000000000	2.966662107752000	35.391701622226996
1.422000000000000	3.001655606596000	31.265216501306998
1.423000000000000	3.032389162517000	26.025316559994000
1.424000000000000	3.056759381288000	20.707979783454000
1.425000000000000	3.073445589243000	16.668123114147001
1.426000000000000	3.084460146554000	15.046386697974000
1.427000000000000	3.095388546180000	16.127041529437001
1.428000000000000	3.111812441635000	19.094285665114000
1.429000000000000	3.135450916315000	22.475290516415001
1.430000000000000	3.163438636816000	24.992809712601002
1.431000000000000	3.191166473097000	26.183882644318000
1.432000000000000	3.216513369785000	26.354645247055000
1.433000000000000	3.240687922673000	26.031798804754999
1.434000000000000	3.265442728932000	25.451675307689001
1.435000000000000	3.291064631860000	24.468774546736000
1.436000000000000	3.316259773989000	22.826153136249001
1.437000000000000	3.339013361871000	20.463305439721999
1.438000000000000	3.357952367456000	17.601514528317001
1.439000000000000	3.373317044115000	14.599173799001999
1.440000000000000	3.386246272239000	11.771795582927000
1.441000000000000	3.397024091239000	9.346766741198000
1.442000000000000	3.405371609793000	7.527424740709000
1.443000000000000	3.411930753404000	6.530881074995000
1.444000000000000	3.417806968419000	6.541795967763000
1.445000000000000	3.423877238464000	7.619261442521000
1.446000000000000	3.431293429487000	9.599574126046001
1.447000000000000	3.441428007985000	12.041734714983001
1.448000000000000	3.455088809523000	14.289643220397000
1.449000000000000	3.471688473821000	15.678397716696001
1.450000000000000	3.489078620680000	15.783395374667000
1.451000000000000	3.504994536849000	14.541177298337001
1.452000000000000	3.518362265261000	12.168752796554999
1.453000000000000	3.528705000687000	8.977003836887000
1.454000000000000	3.535666786130000	5.232247990544000
1.455000000000000	3.539358215723000	1.152626390137000
1.456000000000000	3.539499933988000	-2.976774639121000
1.457000000000000	3.534834355281000	-6.698053562890000
1.458000000000000	3.525177548618000	-9.454941292155001
1.459000000000000	3.512757178773000	-10.862722008639000
1.460000000000000	3.500469770115000	-10.952598574460000
1.461000000000000	3.490209350086000	-10.148663541312001
1.462000000000000	3.482255576735000	-8.968832704478000
1.463000000000000	3.475255401890000	-7.687576045696000
1.464000000000000	3.467813397249000	-6.249277705853000
1.465000000000000	3.460298067656000	-4.525932119542000
1.466000000000000	3.454872527505000	-2.697511870152000
1.467000000000000	3.453430133460000	-1.377967792706000
1.468000000000000	3.454923403950000	-1.314937329365000
1.469000000000000	3.455544670522000	-2.900643545520000
1.470000000000000	3.452011024551000	-5.916152267316000
1.471000000000000	3.443677332783000	-9.678267331755000
1.472000000000000	3.431462482743000	-13.376819435541000
1.473000000000000	3.415936081390000	-16.322843546186999
1.474000000000000	3.397305833407000	-18.065756546759001
1.475000000000000	3.377175516145000	-18.483804867261998
1.476000000000000	3.358299593174000	-17.832493683105000
1.477000000000000	3.341766156975000	-16.633216692980000
1.478000000000000	3.326629230711000	-15.426895995319001
1.479000000000000	3.312188491605000	-14.573237370540999
1.480000000000000	3.298566935523000	-14.184636847933000
1.481000000000000	3.285314092693000	-14.129838977291000
1.482000000000000	3.270952625669000	-14.092280491615000
1.483000000000000	3.255047962146000	-13.768632809386000
1.484000000000000	3.239728594735000	-13.160259022230001
1.485000000000000	3.227089060365000	-12.690302137957000
1.486000000000000	3.216374830845000	-12.961458281675000
1.487000000000000	3.205104087696000	-14.321407038620000
1.488000000000000	3.190815010680000	-16.595231783934999
1.489000000000000	3.172018529545000	-19.191164209928999
1.490000000000000	3.149663574345000	-21.480057245727998
1.491000000000000	3.126277710479000	-23.135529169049999
1.492000000000000	3.102985632425000	-24.176029208761001
1.493000000000000	3.079143533853000	-24.749607191709000
1.494000000000000	3.054400070566000	-24.923330913499999
1.495000000000000	3.029334247215000	-24.648214191291000
1.496000000000000	3.004453086469000	-23.862099515922999
1.497000000000000	2.980187527567000	-22.626165877542000
1.498000000000000	2.957692798171000	-21.211177928369001
1.499000000000000	2.937839026144000	-20.048988035911002
1.500000000000000	2.919577032456000	-19.533314537302001
1.501000000000000	2.900958461996000	-19.807406985642999
1.502000000000000	2.880922610212000	-20.713156859590001
1.503000000000000	2.859098693260000	-21.928941849897001
1.504000000000000	2.835617930843000	-23.178268652105000
1.505000000000000	2.811429437572000	-24.362241810347999
1.506000000000000	2.787144032446000	-25.522828308821001
1.507000000000000	2.762013751286000	-26.670097987940999
1.508000000000000	2.735074185935000	-27.638489406522002
1.509000000000000	2.706480364086000	-28.116962214278001
1.510000000000000	2.677313697744000	-27.829559804858000
1.511000000000000	2.648899154895000	-26.720526797224998
1.512000000000000	2.622553737187000	-25.015878402434002
1.513000000000000	2.599105232879000	-23.120396222850999
1.514000000000000	2.577940372391000	-21.415270013143999
1.515000000000000	2.557455805100000	-20.113041776330999
1.516000000000000	2.537318894024000	-19.279844932404000
1.517000000000000	2.518559506778000	-18.933950157737002
1.518000000000000	2.500713415066000	-19.045735634362000
1.519000000000000	2.481736384492000	-19.461316143455001
1.520000000000000	2.460998346843000	-19.939953608644998
1.521000000000000	2.439771907284000	-20.337491615733999
1.522000000000000	2.419219768223000	-20.730903770855999
1.523000000000000	2.399135770468000	-21.327441810896001
1.524000000000000	2.378411298278000	-22.242007711980001
1.525000000000000	2.356327271479000	-23.332682147863999
1.526000000000000	2.332668697816000	-24.195736317792001
1.527000000000000	2.307288700376000	-24.320792371018999
1.528000000000000	2.281210491664000	-23.360576916222001
1.529000000000000	2.257075161315000	-21.385678010321001
1.530000000000000	2.236964758182000	-18.924448510927000
1.531000000000000	2.220734703430000	-16.707679293771999
1.532000000000000	2.206671865798000	-15.284837452804000
1.533000000000000	2.192772164173000	-14.782682323201000
1.534000000000000	2.177787494920000	-14.944250303496000
1.535000000000000	2.161749352160000	-15.372844966953000
1.536000000000000	2.145314777884000	-15.790249014001001
1.537000000000000	2.128908836340000	-16.158242677646999
1.538000000000000	2.112723646870000	-16.634042768190000
1.539000000000000	2.096435495120000	-17.424052440128001
1.540000000000000	2.079108315290000	-18.631489443768000
1.541000000000000	2.060229702435000	-20.170109176036000
1.542000000000000	2.039658510192000	-21.758023523452000
1.543000000000000	2.017006254584000	-22.978975930970002
1.544000000000000	1.992662261395000	-23.411597458612999
1.545000000000000	1.968377904313000	-22.790553976584000
1.546000000000000	1.945771247384000	-21.106804333389000
1.547000000000000	1.925236041102000	-18.610547069530998
1.548000000000000	1.907282296942000	-15.775895913946000
1.549000000000000	1.893145774079000	-13.237596576813999
1.550000000000000	1.882517408964000	-11.622698734599000
1.551000000000000	1.872916058432000	-11.298963606434000
1.552000000000000	1.862119878628000	-12.218026197778000
1.553000000000000	1.849149630152000	-13.975829353450001
1.554000000000000	1.833463697671000	-16.030987145329998
1.555000000000000	1.815247766381000	-17.946590928746001
1.556000000000000	1.795775024408000	-19.538760175652001
1.557000000000000	1.775946337429000	-20.853075867651000
1.558000000000000	1.755125919532000	-22.001189091305001
1.559000000000000	1.732703706423000	-23.008594168712001
1.560000000000000	1.709430790034000	-23.771434765506999
1.561000000000000	1.685837545188000	-24.074681594326002
1.562000000000000	1.661594447617000	-23.628106302191000
1.563000000000000	1.637341385205000	-22.170837527880000
1.564000000000000	1.614916212631000	-19.651943494489000
1.565000000000000	1.595807882385000	-16.375349452685999
1.566000000000000	1.580868687980000	-12.997393837210000
1.567000000000000	1.570281764080000	-10.355241098614000
1.568000000000000	1.562602278437000	-9.183273363029000
1.569000000000000	1.555109167995000	-9.841728982437999
1.570000000000000	1.545351874421000	-12.195938961146000
1.571000000000000	1.531856367072000	-15.687983294145999
1.572000000000000	1.514049328152000	-19.523028602448001
1.573000000000000	1.492038115230000	-22.872497467340999
1.574000000000000	1.466709617631000	-25.051038659622002
1.575000000000000	1.439858290101000	-25.653517994124002
1.576000000000000	1.413490672186000	-24.629631344732001
1.577000000000000	1.388984986626000	-22.289735073978001
1.578000000000000	1.367390774133000	-19.262397268209000
1.579000000000000	1.350052637033000	-16.380946256476001
1.580000000000000	1.337084534266000	-14.427540964409999
1.581000000000000	1.325680647898000	-13.783256092342000
1.582000000000000	1.312646180586000	-14.229103616713999
1.583000000000000	1.297234629687000	-15.094462613973000
1.584000000000000	1.280009422054000	-15.667295070052001
1.585000000000000	1.261993402584000	-15.611968218636999
1.586000000000000	1.245286915710000	-15.175553711077001
1.587000000000000	1.231429878597000	-15.048094790428999
1.588000000000000	1.219053229566000	-15.900673707183000
1.589000000000000	1.204897147439000	-17.874633188771000
1.590000000000000	1.186517622212000	-20.387379827019998
1.591000000000000	1.163338811010000	-22.409062507461002
1.592000000000000	1.137016687192000	-23.047811533590000
1.593000000000000	1.111322482667000	-22.082889145749000
1.594000000000000	1.089928558869000	-20.083061409062001
1.595000000000000	1.073627973345000	-17.988956231378001
1.596000000000000	1.059698503398000	-16.447405963154001
1.597000000000000	1.044433850366000	-15.434886537194000
1.598000000000000	1.027134289232000	-14.483291823269999
1.599000000000000	1.010761893821000	-13.260675103345999
1.600000000000000	0.997968601808000	-11.934666812105000
1.601000000000000	0.988119195030000	-11.024319806796999
1.602000000000000	0.978793500125000	-10.979809864986001
1.603000000000000	0.968194164983000	-11.905183569471999
1.604000000000000	0.955512413381000	-13.576686067616000
1.605000000000000	0.940674739568000	-15.615899597285001
1.606000000000000	0.924145089850000	-17.620238910474999
1.607000000000000	0.905987932208000	-19.184261114190999
1.608000000000000	0.885542545056000	-19.918393548805000
1.609000000000000	0.863381702653000	-19.606450730890000
1.610000000000000	0.842620602568000	-18.430078721678001
1.611000000000000	0.825977718486000	-16.963773834049999
1.612000000000000	0.812460756852000	-15.798519997211001
1.613000000000000	0.798836528898000	-15.088189891954000
1.614000000000000	0.783315108270000	-14.465553090141000
1.615000000000000	0.766932414784000	-13.420827623945000
1.616000000000000	0.752192104670000	-11.798735479454001
1.617000000000000	0.740866928496000	-10.003264633819001
1.618000000000000	0.733088992585000	-8.773519539549000
1.619000000000000	0.727337958119000	-8.701349203002000
1.620000000000000	0.720331882342000	-9.822147053595000
1.621000000000000	0.709146544055000	-11.582061496952001
1.622000000000000	0.694465012999000	-13.217011894379000
1.623000000000000	0.679316111317000	-14.213322227900999
1.624000000000000	0.665003221510000	-14.467525295489001
1.625000000000000	0.650871770236000	-14.126458969238000
1.626000000000000	0.636914679274000	-13.385108088916001
1.627000000000000	0.624118163313000	-12.406257810595999
1.628000000000000	0.612742477733000	-11.299411289976000
1.629000000000000	0.602046779106000	-10.106218647695000
1.630000000000000	0.591870072530000	-8.845707186659000
1.631000000000000	0.583093986431000	-7.618551409940000
1.632000000000000	0.576243048300000	-6.652268675681000
1.633000000000000	0.570706239390000	-6.210330670585000
1.634000000000000	0.565273952619000	-6.439956746710000
1.635000000000000	0.558802033095000	-7.291512764863000
1.636000000000000	0.550823150438000	-8.556198875440000
1.637000000000000	0.541537765325000	-9.957513417624000
1.638000000000000	0.530878043982000	-11.219127623986999
1.639000000000000	0.518612376483000	-12.112679650225999
1.640000000000000	0.505352979175000	-12.529787652106000
1.641000000000000	0.492181574981000	-12.555472174736000
1.642000000000000	0.479762982055000	-12.457848124393999
1.643000000000000	0.468193556935000	-12.549588901426000
1.644000000000000	0.456985452267000	-12.966785214022000
1.645000000000000	0.445066630728000	-13.481741185523999
1.646000000000000	0.431242028976000	-13.502391309491999
1.647000000000000	0.415783113673000	-12.354890729280999
1.648000000000000	0.401434535915000	-9.746522332783000
1.649000000000000	0.391646879762000	-6.098783261462000
1.650000000000000	0.388161773732000	-2.467663792196000
1.651000000000000	0.389900363043000	-0.056909645628000
1.652000000000000	0.393388702876000	0.370884813560000
1.653000000000000	0.394995062085000	-1.177035853635000
1.654000000000000	0.392554705988000	-4.014713279914000
1.655000000000000	0.385455714290000	-7.178031720413000
1.656000000000000	0.375004330968000	-9.870394438960000
1.657000000000000	0.363484285309000	-11.695097860218000
1.658000000000000	0.351675317243000	-12.583759627620999
1.659000000000000	0.339021348709000	-12.584976442207999
1.660000000000000	0.325916018827000	-11.766611961219001
1.661000000000000	0.314035807043000	-10.280761287356000
1.662000000000000	0.304964824470000	-8.407377878373000
1.663000000000000	0.298740195542000	-6.439142627456000
1.664000000000000	0.293710737628000	-4.523336422479000
1.665000000000000	0.288926812525000	-2.687259665255000
1.666000000000000	0.285736041110000	-1.059212097654000
1.667000000000000	0.285573196650000	-0.015613373241000
1.668000000000000	0.287495083815000	-0.032062771725000
1.669000000000000	0.288854443232000	-1.348863076606000
1.670000000000000	0.287365715556000	-3.751317422517000
1.671000000000000	0.282112171496000	-6.621501966626000
1.672000000000000	0.273317547490000	-9.182383080930000
1.673000000000000	0.261736847325000	-10.783285273693000
1.674000000000000	0.248730235770000	-11.133911264062000
1.675000000000000	0.236744850626000	-10.410104436997001
1.676000000000000	0.227839898286000	-9.129952598057001
1.677000000000000	0.221349136202000	-7.812531802387000
1.678000000000000	0.215015848576000	-6.663502206008000
1.679000000000000	0.208146190393000	-5.558748328569000
1.680000000000000	0.202049470617000	-4.301573099385000
1.681000000000000	0.198033306055000	-2.868842852120000
1.682000000000000	0.196020645222000	-1.450976873825000
1.683000000000000	0.195244969999000	-0.349873982976000
1.684000000000000	0.195427903862000	0.122223430896000
1.685000000000000	0.196212129487000	-0.282802935574000
1.686000000000000	0.196385064575000	-1.657900166829000
1.687000000000000	0.194556555254000	-3.850682936850000
1.688000000000000	0.189875668737000	-6.439679100389000
1.689000000000000	0.182034857215000	-8.809894578531001
1.690000000000000	0.171260281912000	-10.322672125647999
1.691000000000000	0.158723755151000	-10.552654958477000
1.692000000000000	0.146808692019000	-9.501694898618000
1.693000000000000	0.137954731129000	-7.634354542828000
1.694000000000000	0.132679315077000	-5.650317137874000
1.695000000000000	0.129605244073000	-4.114637427724000
1.696000000000000	0.127175538934000	-3.192933378184000
1.697000000000000	0.124328518337000	-2.649897080304000
1.698000000000000	0.120773176839000	-2.084675042712000
1.699000000000000	0.117535021973000	-1.244263170363000
1.700000000000000	0.116201283085000	-0.211104490264000
1.701000000000000	0.117190624189000	0.661486289977000
1.702000000000000	0.119266424660000	0.997119974365000
1.703000000000000	0.120828930050000	0.613833873141000
1.704000000000000	0.121061093741000	-0.437273637417000
1.705000000000000	0.119744074815000	-1.974116676040000
1.706000000000000	0.116894578403000	-3.787051670695000
1.707000000000000	0.112635765619000	-5.651632828216000
1.708000000000000	0.106516794848000	-7.279264417051000
1.709000000000000	0.097885071301000	-8.327168551814999
1.710000000000000	0.087843157503000	-8.537107800868000
1.711000000000000	0.078992673845000	-7.880874806995000
1.712000000000000	0.072591225579000	-6.519160826516000
1.713000000000000	0.067719291692000	-4.601342298851000
1.714000000000000	0.063482804818000	-2.171737278380000
1.715000000000000	0.060738620580000	0.654065481236000
1.716000000000000	0.061403920627000	3.413552867518000
1.717000000000000	0.066559185070000	5.253618875583000
1.718000000000000	0.074924017112000	5.267883564438000
1.719000000000000	0.082932115705000	3.035619635277000
1.720000000000000	0.086509356572000	-1.001434387839000
1.721000000000000	0.083000102117000	-5.603634204117000
1.722000000000000	0.072513214090000	-9.249890859305999
1.723000000000000	0.058243587506000	-10.837516598223999
1.724000000000000	0.044747629378000	-10.167883964552001
1.725000000000000	0.035314605461000	-7.938913864165000
1.726000000000000	0.030632702351000	-5.275723233783000
1.727000000000000	0.029120771709000	-3.112566626520000
1.728000000000000	0.028397198371000	-1.793857242144000
1.729000000000000	0.026977004534000	-1.078611289854000
1.730000000000000	0.024977867014000	-0.463209702491000
1.731000000000000	0.023494798577000	0.429557920341000
1.732000000000000	0.023579102928000	1.622079108284000
1.733000000000000	0.025831046207000	2.794353405183000
1.734000000000000	0.029965410627000	3.477908587729000
1.735000000000000	0.034547278192000	3.298133078476000
1.736000000000000	0.038263147686000	2.141087487736000
1.737000000000000	0.040394406142000	0.203806447413000
1.738000000000000	0.039672691663000	-2.056949027338000
1.739000000000000	0.035455607930000	-4.080070950592000
1.740000000000000	0.029331964582000	-5.422439107849000
1.741000000000000	0.023106901055000	-5.908175343291000
1.742000000000000	0.017161576293000	-5.607817884735000
1.743000000000000	0.011822074107000	-4.720089041085000
1.744000000000000	0.007885529069000	-3.469354990014000
1.745000000000000	0.005474840974000	-2.042293298954000
1.746000000000000	0.004148486167000	-0.562723081906000
1.747000000000000	0.003939006053000	0.872790353912000
1.748000000000000	0.005138478400000	2.118341625437000
1.749000000000000	0.007662990418000	2.935810294512000
1.750000000000000	0.011383156306000	3.050934979650000
1.751000000000000	0.015840096041000	2.320920045872000
1.752000000000000	0.018991944230000	0.924207335759000
1.753000000000000	0.018534934761000	-0.626347623222000
1.754000000000000	0.015095422371000	-1.756207160408000
1.755000000000000	0.011596496392000	-2.189446767543000
1.756000000000000	0.009627148694000	-2.061751637535000
1.757000000000000	0.008615086226000	-1.715072233730000
1.758000000000000	0.007725135314000	-1.417170060410000
1.759000000000000	0.006637364289000	-1.238841067868000
1.760000000000000	0.000000000000000	0.000000000000000
1.761000000000000	0.000000000000000	0.000000000000000
1.762000000000000	0.000000000000000	0.000000000000000
1.763000000000000	0.000000000000000	0.000000000000000
1.764000000000000	0.000000000000000	0.000000000000000
1.765000000000000	0.000000000000000	0.000000000000000
1.766000000000000	0.000000000000000	0.000000000000000
1.767000000000000	0.000000000000000	0.000000000000000
1.768000000000000	0.000000000000000	0.000000000000000
1.769000000000000	0.000000000000000	0.000000000000000
1.770000000000000	0.000000000000000	0.000000000000000
1.771000000000000	0.000000000000000	0.000000000000000
1.772000000000000	0.000000000000000	0.000000000000000
1.773000000000000	0.000000000000000	0.000000000000000
1.774000000000000	0.000000000000000	0.000000000000000
1.775000000000000	0.000000000000000	0.000000000000000
1.776000000000000	0.000000000000000	0.000000000000000
1.777000000000000	0.000000000000000	0.000000000000000
1.778000000000000	0.000000000000000	0.000000000000000
1.779000000000000	0.000000000000000	0.000000000000000
1.780000000000000	0.000000000000000	0.000000000000000
1.781000000000000	0.000000000000000	0.000000000000000
1.782000000000000	0.000000000000000	0.000000000000000
1.783000000000000	0.000000000000000	0.000000000000000
1.784000000000000	0.000000000000000	0.000000000000000
1.785000000000000	0.000000000000000	0.000000000000000
1.786000000000000	0.000000000000000	0.000000000000000
1.787000000000000	0.000000000000000	0.000000000000000
1.788000000000000	0.000000000000000	0.000000000000000
1.789000000000000	0.000000000000000	0.000000000000000
1.790000000000000	0.000000000000000	0.000000000000000
1.791000000000000	0.000000000000000	0.000000000000000
1.792000000000000	0.000000000000000	0.000000000000000
1.793000000000000	0.000000000000000	0.000000000000000
1.794000000000000	0.000000000000000	0.000000000000000
1.795000000000000	0.000000000000000	0.000000000000000
1.796000000000000	0.000000000000000	0.000000000000000
1.797000000000000	0.000000000000000	0.000000000000000
1.798000000000000	0.000000000000000	0.000000000000000
1.799000000000000	0.000000000000000	0.000000000000000
1.800000000000000	0.000000000000000	0.000000000000000
1.801000000000000	0.000000000000000	0.000000000000000
1.802000000000000	0.000000000000000	0.000000000000000
1.803000000000000	0.000000000000000	0.000000000000000
1.804000000000000	0.000000000000000	0.000000000000000
1.805000000000000	0.000000000000000	0.000000000000000
1.806000000000000	0.000000000000000	0.000000000000000
1.807000000000000	0.000000000000000	0.000000000000000
1.808000000000000	0.000000000000000	0.000000000000000
1.809000000000000	0.000000000000000	0.000000000000000
1.810000000000000	0.000000000000000	0.000000000000000
1.811000000000000	0.000000000000000	0.000000000000000
1.812000000000000	0.000000000000000	0.000000000000000
1.813000000000000	0.000000000000000	0.000000000000000
1.814000000000000	0.000000000000000	0.000000000000000
1.815000000000000	0.000000000000000	0.000000000000000
1.816000000000000	0.000000000000000	0.000000000000000
1.817000000000000	0.000000000000000	0.000000000000000
1.818000000000000	0.000000000000000	0.000000000000000
1.819000000000000	0.000000000000000	0.000000000000000
1.820000000000000	0.000000000000000	0.000000000000000
1.821000000000000	0.000000000000000	0.000000000000000
1.822000000000000	0.000000000000000	0.000000000000000
1.823000000000000	0.000000000000000	0.000000000000000
1.824000000000000	0.000000000000000	0.000000000000000
1.825000000000000	0.000000000000000	0.000000000000000
1.826000000000000	0.000000000000000	0.000000000000000
1.827000000000000	0.000000000000000	0.000000000000000
1.828000000000000	0.000000000000000	0.000000000000000
1.829000000000000	0.000000000000000	0.000000000000000
1.830000000000000	0.000000000000000	0.000000000000000
1.831000000000000	0.000000000000000	0.000000000000000
1.832000000000000	0.000000000000000	0.000000000000000
1.833000000000000	0.000000000000000	0.000000000000000
1.834000000000000	0.000000000000000	0.000000000000000
1.835000000000000	0.000000000000000	0.000000000000000
1.836000000000000	0.000000000000000	0.000000000000000
1.837000000000000	0.000000000000000	0.000000000000000
1.838000000000000	0.000000000000000	0.000000000000000
1.839000000000000	0.000000000000000	0.000000000000000
1.840000000000000	0.000000000000000	0.000000000000000
1.841000000000000	0.000000000000000	0.000000000000000
1.842000000000000	0.000000000000000	0.000000000000000
1.843000000000000	0.000000000000000	0.000000000000000
1.844000000000000	0.000000000000000	0.000000000000000
1.845000000000000	0.000000000000000	0.000000000000000
1.846000000000000	0.000000000000000	0.000000000000000
1.847000000000000	0.000000000000000	0.000000000000000
1.848000000000000	0.000000000000000	0.000000000000000
1.849000000000000	0.000000000000000	0.000000000000000
1.850000000000000	0.000000000000000	0.000000000000000
1.851000000000000	0.000000000000000	0.000000000000000
1.852000000000000	0.000000000000000	0.000000000000000
1.853000000000000	0.000000000000000	0.000000000000000
1.854000000000000	0.000000000000000	0.000000000000000
1.855000000000000	0.000000000000000	0.000000000000000
1.856000000000000	0.000000000000000	0.000000000000000
1.857000000000000	0.000000000000000	0.000000000000000
1.858000000000000	0.000000000000000	0.000000000000000
1.859000000000000	0.000000000000000	0.000000000000000
1.860000000000000	0.000000000000000	0.000000000000000
1.861000000000000	0.000000000000000	0.000000000000000
1.862000000000000	0.000000000000000	0.000000000000000
1.863000000000000	0.000000000000000	0.000000000000000
1.864000000000000	0.000000000000000	0.000000000000000
1.865000000000000	0.000000000000000	0.000000000000000
1.866000000000000	0.000000000000000	0.000000000000000
1.867000000000000	0.000000000000000	0.000000000000000
1.868000000000000	0.000000000000000	0.000000000000000
1.869000000000000	0.000000000000000	0.000000000000000
1.870000000000000	0.000000000000000	0.000000000000000
1.871000000000000	0.000000000000000	0.000000000000000
1.872000000000000	0.000000000000000	0.000000000000000
1.873000000000000	0.000000000000000	0.000000000000000
1.874000000000000	0.000000000000000	0.000000000000000
1.875000000000000	0.000000000000000	0.000000000000000
1.876000000000000	0.000000000000000	0.000000000000000
1.877000000000000	0.000000000000000	0.000000000000000
1.878000000000000	0.000000000000000	0.000000000000000
1.879000000000000	0.000000000000000	0.000000000000000
1.880000000000000	0.000000000000000	0.000000000000000
1.881000000000000	0.000000000000000	0.000000000000000
1.882000000000000	0.000000000000000	0.000000000000000
1.883000000000000	0.000000000000000	0.000000000000000
1.884000000000000	0.000000000000000	0.000000000000000
1.885000000000000	0.000000000000000	0.000000000000000
1.886000000000000	0.000000000000000	0.000000000000000
1.887000000000000	0.000000000000000	0.000000000000000
1.888000000000000	0.000000000000000	0.000000000000000
1.889000000000000	0.000000000000000	0.000000000000000
1.890000000000000	0.000000000000000	0.000000000000000
1.891000000000000	0.000000000000000	0.000000000000000
1.892000000000000	0.000000000000000	0.000000000000000
1.893000000000000	0.000000000000000	0.000000000000000
1.894000000000000	0.000000000000000	0.000000000000000
1.895000000000000	0.000000000000000	0.000000000000000
1.896000000000000	0.000000000000000	0.000000000000000
1.897000000000000	0.000000000000000	0.000000000000000
1.898000000000000	0.000000000000000	0.000000000000000
1.899000000000000	0.000000000000000	0.000000000000000
1.900000000000000	0.000000000000000	0.000000000000000
1.901000000000000	0.000000000000000	0.000000000000000
1.902000000000000	0.000000000000000	0.000000000000000
1.903000000000000	0.000000000000000	0.000000000000000
1.904000000000000	0.000000000000000	0.000000000000000
1.905000000000000	0.000000000000000	0.000000000000000
1.906000000000000	0.000000000000000	0.000000000000000
1.907000000000000	0.000000000000000	0.000000000000000
1.908000000000000	0.000000000000000	0.000000000000000
1.909000000000000	0.000000000000000	0.000000000000000
1.910000000000000	0.000000000000000	0.000000000000000
1.911000000000000	0.000000000000000	0.000000000000000
1.912000000000000	0.000000000000000	0.000000000000000
1.913000000000000	0.000000000000000	0.000000000000000
1.914000000000000	0.000000000000000	0.000000000000000
1.915000000000000	0.000000000000000	0.000000000000000
1.916000000000000	0.000000000000000	0.000000000000000
1.917000000000000	0.000000000000000	0.000000000000000
1.918000000000000	0.000000000000000	0.000000000000000
1.919000000000000	0.000000000000000	0.000000000000000
1.920000000000000	0.000000000000000	0.000000000000000
1.921000000000000	0.000000000000000	0.000000000000000
1.922000000000000	0.000000000000000	0.000000000000000
1.923000000000000	0.000000000000000	0.000000000000000
1.924000000000000	0.000000000000000	0.000000000000000
1.925000000000000	0.000000000000000	0.000000000000000
1.926000000000000	0.000000000000000	0.000000000000000
1.927000000000000	0.000000000000000	0.000000000000000
1.928000000000000	0.000000000000000	0.000000000000000
1.929000000000000	0.000000000000000	0.000000000000000
1.930000000000000	0.000000000000000	0.000000000000000
1.931000000000000	0.000000000000000	0.000000000000000
1.932000000000000	0.000000000000000	0.000000000000000
1.933000000000000	0.000000000000000	0.000000000000000
1.934000000000000	0.000000000000000	0.000000000000000
1.935000000000000	0.000000000000000	0.000000000000000
1.936000000000000	0.000000000000000	0.000000000000000
1.937000000000000	0.000000000000000	0.000000000000000
1.938000000000000	0.000000000000000	0.000000000000000
1.939000000000000	0.000000000000000	0.000000000000000
1.940000000000000	0.000000000000000	0.000000000000000
1.941000000000000	0.000000000000000	0.000000000000000
1.942000000000000	0.000000000000000	0.000000000000000
1.943000000000000	0.000000000000000	0.000000000000000
1.944000000000000	0.000000000000000	0.000000000000000
1.945000000000000	0.000000000000000	0.000000000000000
1.946000000000000	0.000000000000000	0.000000000000000
1.947000000000000	0.000000000000000	0.000000000000000
1.948000000000000	0.000000000000000	0.000000000000000
1.949000000000000	0.000000000000000	0.000000000000000
1.950000000000000	0.000000000000000	0.000000000000000
1.951000000000000	0.000000000000000	0.000000000000000
1.952000000000000	0.000000000000000	0.000000000000000
1.953000000000000	0.000000000000000	0.000000000000000
1.954000000000000	0.000000000000000	0.000000000000000
1.955000000000000	0.000000000000000	0.000000000000000
1.956000000000000	0.000000000000000	0.000000000000000
1.957000000000000	0.000000000000000	0.000000000000000
1.958000000000000	0.000000000000000	0.000000000000000
1.959000000000000	0.000000000000000	0.000000000000000
1.960000000000000	0.000000000000000	0.000000000000000
1.961000000000000	0.000000000000000	0.000000000000000
1.962000000000000	0.000000000000000	0.000000000000000
1.963000000000000	0.000000000000000	0.000000000000000
1.964000000000000	0.000000000000000	0.000000000000000
1.965000000000000	0.000000000000000	0.000000000000000
1.966000000000000	0.000000000000000	0.000000000000000
1.967000000000000	0.000000000000000	0.000000000000000
1.968000000000000	0.000000000000000	0.000000000000000
1.969000000000000	0.000000000000000	0.000000000000000
1.970000000000000	0.000000000000000	0.000000000000000
1.971000000000000	0.000000000000000	0.000000000000000
1.972000000000000	0.000000000000000	0.000000000000000
1.973000000000000	0.000000000000000	0.000000000000000
1.974000000000000	0.000000000000000	0.000000000000000
1.975000000000000	0.000000000000000	0.000000000000000
1.976000000000000	0.000000000000000	0.000000000000000
1.977000000000000	0.000000000000000	0.000000000000000
1.978000000000000	0.000000000000000	0.000000000000000
1.979000000000000	0.000000000000000	0.000000000000000
1.980000000000000	0.000000000000000	0.000000000000000
1.981000000000000	0.000000000000000	0.000000000000000
1.982000000000000	0.000000000000000	0.000000000000000
1.983000000000000	0.000000000000000	0.000000000000000
1.984000000000000	0.000000000000000	0.000000000000000
1.985000000000000	0.000000000000000	0.000000000000000
1.986000000000000	0.000000000000000	0.000000000000000
1.987000000000000	0.000000000000000	0.000000000000000
1.988000000000000	0.000000000000000	0.000000000000000
1.989000000000000	0.000000000000000	0.000000000000000
1.990000000000000	0.000000000000000	0.000000000000000
1.991000000000000	0.000000000000000	0.000000000000000
1.992000000000000	0.000000000000000	0.000000000000000
1.993000000000000	0.000000000000000	0.000000000000000
1.994000000000000	0.000000000000000	0.000000000000000
1.995000000000000	0.000000000000000	0.000000000000000
1.996000000000000	0.000000000000000	0.000000000000000
1.997000000000000	0.000000000000000	0.000000000000000
1.998000000000000	0.000000000000000	0.000000000000000
1.999000000000000	0.000000000000000	0.000000000000000
2.000000000000000	0.000000000000000	0.000000000000000