Force (and its time derivative) produced by a submaximally-activated cat soleus
muscle in vivo when held at a fixed length and excited using a random
frequency stimulation signal of 10 Hz. Experimental data provided by T.G.
Sandercock [1] was filtered using a Butterworth low-pass filter of cut-off
frequency 120 Hz. Please refer to Millard et al. [2] for details.

References:
    1. Perreault, E.J., Heckman, C.J., and Sandercock, T.G., 2003. "Hill
       muscle model errors during movement are greatest within the
       physiologically relevant range of motor unit firing rates". Journal
       of Biomechanics, 36(2), pp. 211--218.
       http://dx.doi.org/10.1016/S0021-9290(02)00332-9.
    2. Millard, M., Uchida, T., Seth, A., and Delp, S.L., 2013. "Flexing
       computational muscle: Modeling and simulation of musculotendon
       dynamics". ASME Journal of Biomechanical Engineering, 135(2),
       p. 021013 (11 pages). http://dx.doi.org/10.1115/1.4023390.

endheader
time_s	force_N	forcedot
0.000000000000000	0.000000000000000	0.000000000000000
0.001000000000000	0.000000000000000	0.000000000000000
0.002000000000000	0.000000000000000	0.000000000000000
0.003000000000000	0.000000000000000	0.000000000000000
0.004000000000000	0.000000000000000	0.000000000000000
0.005000000000000	0.000000000000000	0.000000000000000
0.006000000000000	0.000000000000000	0.000000000000000
0.007000000000000	0.000000000000000	0.000000000000000
0.008000000000000	0.000000000000000	0.000000000000000
0.009000000000000	0.000000000000000	0.000000000000000
0.010000000000000	0.000000000000000	0.000000000000000
0.011000000000000	0.000000000000000	0.000000000000000
0.012000000000000	0.000000000000000	0.000000000000000
0.013000000000000	0.000000000000000	0.000000000000000
0.014000000000000	0.000000000000000	0.000000000000000
0.015000000000000	0.000000000000000	0.000000000000000
0.016000000000000	0.000000000000000	0.000000000000000
0.017000000000000	0.000000000000000	0.000000000000000
0.018000000000000	0.000000000000000	0.000000000000000
0.019000000000000	0.000000000000000	0.000000000000000
0.020000000000000	0.000000000000000	0.000000000000000
0.021000000000000	0.000000000000000	0.000000000000000
0.022000000000000	0.000000000000000	0.000000000000000
0.023000000000000	0.000000000000000	0.000000000000000
0.024000000000000	0.000000000000000	0.000000000000000
0.025000000000000	0.000000000000000	0.000000000000000
0.026000000000000	0.000000000000000	0.000000000000000
0.027000000000000	0.000000000000000	0.000000000000000
0.028000000000000	0.000000000000000	0.000000000000000
0.029000000000000	0.000000000000000	0.000000000000000
0.030000000000000	0.000000000000000	0.000000000000000
0.031000000000000	0.000000000000000	0.000000000000000
0.032000000000000	0.000000000000000	0.000000000000000
0.033000000000000	0.000000000000000	0.000000000000000
0.034000000000000	0.000000000000000	0.000000000000000
0.035000000000000	0.000000000000000	0.000000000000000
0.036000000000000	0.000000000000000	0.000000000000000
0.037000000000000	0.000000000000000	0.000000000000000
0.038000000000000	0.000000000000000	0.000000000000000
0.039000000000000	0.000000000000000	0.000000000000000
0.040000000000000	0.000000000000000	0.000000000000000
0.041000000000000	0.000000000000000	0.000000000000000
0.042000000000000	0.000000000000000	0.000000000000000
0.043000000000000	0.000000000000000	0.000000000000000
0.044000000000000	0.000000000000000	0.000000000000000
0.045000000000000	0.000000000000000	0.000000000000000
0.046000000000000	0.000000000000000	0.000000000000000
0.047000000000000	0.000000000000000	0.000000000000000
0.048000000000000	0.000000000000000	0.000000000000000
0.049000000000000	0.000000000000000	0.000000000000000
0.050000000000000	0.000000000000000	0.000000000000000
0.051000000000000	0.000000000000000	0.000000000000000
0.052000000000000	0.000000000000000	0.000000000000000
0.053000000000000	0.000000000000000	0.000000000000000
0.054000000000000	0.000000000000000	0.000000000000000
0.055000000000000	0.000000000000000	0.000000000000000
0.056000000000000	0.000000000000000	0.000000000000000
0.057000000000000	0.000000000000000	0.000000000000000
0.058000000000000	0.000000000000000	0.000000000000000
0.059000000000000	0.000000000000000	0.000000000000000
0.060000000000000	0.000000000000000	0.000000000000000
0.061000000000000	0.000000000000000	0.000000000000000
0.062000000000000	0.000000000000000	0.000000000000000
0.063000000000000	0.000000000000000	0.000000000000000
0.064000000000000	0.000000000000000	0.000000000000000
0.065000000000000	0.000000000000000	0.000000000000000
0.066000000000000	0.000000000000000	0.000000000000000
0.067000000000000	0.000000000000000	0.000000000000000
0.068000000000000	0.000000000000000	0.000000000000000
0.069000000000000	0.000000000000000	0.000000000000000
0.070000000000000	0.000000000000000	0.000000000000000
0.071000000000000	0.000000000000000	0.000000000000000
0.072000000000000	0.000000000000000	0.000000000000000
0.073000000000000	0.000000000000000	0.000000000000000
0.074000000000000	0.000000000000000	0.000000000000000
0.075000000000000	0.000000000000000	0.000000000000000
0.076000000000000	0.000000000000000	0.000000000000000
0.077000000000000	0.000000000000000	0.000000000000000
0.078000000000000	0.000000000000000	0.000000000000000
0.079000000000000	0.000000000000000	0.000000000000000
0.080000000000000	0.000000000000000	0.000000000000000
0.081000000000000	0.000000000000000	0.000000000000000
0.082000000000000	0.000000000000000	0.000000000000000
0.083000000000000	0.000000000000000	0.000000000000000
0.084000000000000	0.000000000000000	0.000000000000000
0.085000000000000	0.000000000000000	0.000000000000000
0.086000000000000	0.000000000000000	0.000000000000000
0.087000000000000	0.000000000000000	0.000000000000000
0.088000000000000	0.000000000000000	0.000000000000000
0.089000000000000	0.000000000000000	0.000000000000000
0.090000000000000	0.000000000000000	0.000000000000000
0.091000000000000	0.000000000000000	0.000000000000000
0.092000000000000	0.000000000000000	0.000000000000000
0.093000000000000	0.000000000000000	0.000000000000000
0.094000000000000	0.000000000000000	0.000000000000000
0.095000000000000	0.000000000000000	0.000000000000000
0.096000000000000	0.000000000000000	0.000000000000000
0.097000000000000	0.000000000000000	0.000000000000000
0.098000000000000	0.000000000000000	0.000000000000000
0.099000000000000	0.000000000000000	0.000000000000000
0.100000000000000	0.000000000000000	0.000000000000000
0.101000000000000	0.000000000000000	0.000000000000000
0.102000000000000	0.000000000000000	0.000000000000000
0.103000000000000	0.003360798945000	0.206854552613000
0.104000000000000	0.005053317654000	1.356195649454000
0.105000000000000	0.008312481553000	2.684402327406000
0.106000000000000	0.011910742760000	4.356594094758000
0.107000000000000	0.015812858996000	6.672744822873000
0.108000000000000	0.022355397535000	9.787813169803000
0.109000000000000	0.034272289827000	13.574622367779000
0.110000000000000	0.051774368662000	17.812218392340998
0.111000000000000	0.072698718074000	22.485273889075000
0.112000000000000	0.096019934309000	27.793882664666000
0.113000000000000	0.123944640953000	33.788461034735001
0.114000000000000	0.159654342795000	40.006123533557002
0.115000000000000	0.204098875068000	45.530241817852001
0.116000000000000	0.254964685321000	49.477829093479997
0.117000000000000	0.308053120323000	51.508886472534002
0.118000000000000	0.360056701667000	51.943055975618002
0.119000000000000	0.410196750930000	51.426378838223997
0.120000000000000	0.459754984938000	50.470466847259999
0.121000000000000	0.509973846866000	49.255703910504003
0.122000000000000	0.559786004826000	47.794051568642999
0.123000000000000	0.607119198783000	46.187896480484000
0.124000000000000	0.651984555141000	44.697479891583001
0.125000000000000	0.695812634587000	43.630122243362997
0.126000000000000	0.739197467437000	43.245178796696003
0.127000000000000	0.781949354111000	43.717928670422999
0.128000000000000	0.824472345401000	45.039152566589998
0.129000000000000	0.868668137695000	46.841359503440003
0.130000000000000	0.916861578879000	48.379510241432001
0.131000000000000	0.969027553874000	48.881075827229999
0.132000000000000	1.021344769379000	48.109517490069997
0.133000000000000	1.068917165670000	46.622139030557001
0.134000000000000	1.111082370671000	45.360719790597997
0.135000000000000	1.152449335520000	44.874554079601999
0.136000000000000	1.197281353543000	44.912566711342997
0.137000000000000	1.244825538834000	44.748309158132997
0.138000000000000	1.291448094043000	43.840828046196997
0.139000000000000	1.335007301254000	42.194031713290002
0.140000000000000	1.375506531324000	40.220374981078997
0.141000000000000	1.413785501529000	38.389992692028997
0.142000000000000	1.450938437350000	36.993636864961999
0.143000000000000	1.487359021273000	36.110194838505997
0.144000000000000	1.522638714168000	35.658619860800002
0.145000000000000	1.557277246357000	35.405087949713000
0.146000000000000	1.592734352833000	34.970064130775000
0.147000000000000	1.629104561779000	33.981656641165998
0.148000000000000	1.664174384755000	32.345182026838998
0.149000000000000	1.695383766725000	30.354634539014000
0.150000000000000	1.722467811618000	28.442403562989998
0.151000000000000	1.747868661126000	26.745315406612001
0.152000000000000	1.774165515435000	24.932582036488000
0.153000000000000	1.801320928205000	22.558471682467001
0.154000000000000	1.826351959431000	19.706274990693998
0.155000000000000	1.845561022320000	17.345238460299001
0.156000000000000	1.858866729000000	16.990680611062000
0.157000000000000	1.871859034866000	19.857550268076999
0.158000000000000	1.891543036994000	26.168770107632000
0.159000000000000	1.921587221593000	35.107380647523001
0.160000000000000	1.962702221353000	45.299834701835003
0.161000000000000	2.014603786558000	55.382133828812002
0.162000000000000	2.076385736510000	64.363659800522001
0.163000000000000	2.146373402877000	71.777795077869996
0.164000000000000	2.222292480681000	77.675596161426000
0.165000000000000	2.302105225548000	82.458995406232006
0.166000000000000	2.385049985795000	86.559865311235001
0.167000000000000	2.471572998991000	90.084638113688001
0.168000000000000	2.562429109872000	92.638098525147996
0.169000000000000	2.657354327971000	93.490562756757001
0.170000000000000	2.753676917058000	92.045694661496000
0.171000000000000	2.847013780538000	88.328091341890996
0.172000000000000	2.933767445280000	83.151298869987997
0.173000000000000	3.012810434072000	77.837191104553000
0.174000000000000	3.085692827617000	73.665306499191004
0.175000000000000	3.155421635027000	71.379328137407001
0.176000000000000	3.224799892118000	70.986037973246994
0.177000000000000	3.295842933600000	71.880450250161999
0.178000000000000	3.369509009668000	73.187914642335002
0.179000000000000	3.445108639761000	74.160103109337001
0.180000000000000	3.520716337160000	74.442475549937996
0.181000000000000	3.594913714522000	74.079385210425997
0.182000000000000	3.667829645066000	73.291874830268000
0.183000000000000	3.740100770943000	72.228183532526003
0.184000000000000	3.811652539183000	70.865986761586001
0.185000000000000	3.882126534662000	69.086202929272005
0.186000000000000	3.951207910537000	66.834410720920999
0.187000000000000	4.017693965471000	64.261577850082006
0.188000000000000	4.080013531719000	61.713673022934998
0.189000000000000	4.138645054343000	59.509658689894003
0.190000000000000	4.196067672923000	57.671745005886997
0.191000000000000	4.253525982702000	55.887529062326998
0.192000000000000	4.309872814177000	53.766890623000002
0.193000000000000	4.363726436680000	51.165159115148001
0.194000000000000	4.414148239638000	48.321305789531998
0.195000000000000	4.460154991886000	45.724115937325998
0.196000000000000	4.502417365476000	43.769585035216998
0.197000000000000	4.543695763250000	42.420502918723002
0.198000000000000	4.585979597010000	41.154839232565003
0.199000000000000	4.628582437494000	39.300666175895998
0.200000000000000	4.668918307145000	36.511329865491000
0.201000000000000	4.704380788436000	32.997541710173003
0.202000000000000	4.734120489217000	29.338383770823000
0.203000000000000	4.759629783400000	26.041310369543002
0.204000000000000	4.783401764020000	23.224025458618001
0.205000000000000	4.806524420141000	20.676917050848001
0.206000000000000	4.827641443131000	18.208660818192001
0.207000000000000	4.844840415290000	15.907690934213001
0.208000000000000	4.858331295726000	14.062258133434000
0.209000000000000	4.870347888582000	12.860107359457000
0.210000000000000	4.882612264779000	12.196270444667000
0.211000000000000	4.894979520158000	11.737200965947000
0.212000000000000	4.906755750051000	11.105458052290000
0.213000000000000	4.917881064303000	10.015591326514000
0.214000000000000	4.927979807035000	8.342753679464000
0.215000000000000	4.935807202768000	6.155278652077000
0.216000000000000	4.940461755912000	3.675640440941000
0.217000000000000	4.942112341275000	1.146679239560000
0.218000000000000	4.941413501461000	-1.315767933574000
0.219000000000000	4.938861267325000	-3.766818787664000
0.220000000000000	4.934507057248000	-6.334664875918000
0.221000000000000	4.927865588111000	-9.046277172937000
0.222000000000000	4.918014735750000	-11.704795081056000
0.223000000000000	4.904341329796000	-13.938386927108001
0.224000000000000	4.887914142447000	-15.422802125045999
0.225000000000000	4.871131858761000	-16.106185332576000
0.226000000000000	4.855188650529000	-16.237052562491002
0.227000000000000	4.839456495975000	-16.197243915552001
0.228000000000000	4.823506108735000	-16.321407282090000
0.229000000000000	4.807430716356000	-16.819034702471999
0.230000000000000	4.790632670159000	-17.766318870361001
0.231000000000000	4.772339904186000	-19.121068261377999
0.232000000000000	4.752490519932000	-20.756456326201999
0.233000000000000	4.730988884881000	-22.503155886388999
0.234000000000000	4.707163862653000	-24.204315578500001
0.235000000000000	4.681033112254000	-25.812376219836999
0.236000000000000	4.654007020841000	-27.473116660629000
0.237000000000000	4.626882007214000	-29.448088877972001
0.238000000000000	4.598209132005000	-31.848720763294999
0.239000000000000	4.565914571050000	-34.402890722518002
0.240000000000000	4.529461836362000	-36.506079971619002
0.241000000000000	4.490153588042000	-37.558206323556000
0.242000000000000	4.450610401112000	-37.335969803102998
0.243000000000000	4.413284844995000	-36.130554165549000
0.244000000000000	4.378610192044000	-34.582334209107003
0.245000000000000	4.345526044419000	-33.379978864408002
0.246000000000000	4.313252998198000	-33.032061360794998
0.247000000000000	4.281226653609000	-33.755327336058997
0.248000000000000	4.248133983899000	-35.409542936085998
0.249000000000000	4.212289853802000	-37.485327101484003
0.250000000000000	4.172867130678000	-39.245842792044002
0.251000000000000	4.130870342895000	-40.044412926448999
0.252000000000000	4.089007997170000	-39.652653324371997
0.253000000000000	4.049471336485000	-38.370090925980001
0.254000000000000	4.012305863746000	-36.855436565268000
0.255000000000000	3.976945947946000	-35.827919032844001
0.256000000000000	3.942899414504000	-35.797269328041999
0.257000000000000	3.908233243888000	-36.886280152582003
0.258000000000000	3.870815672220000	-38.797539719824002
0.259000000000000	3.830608819174000	-40.948072935981997
0.260000000000000	3.788368950934000	-42.677224738398003
0.261000000000000	3.744317922280000	-43.419348949762004
0.262000000000000	3.699275391133000	-42.856902462831997
0.263000000000000	3.655281064447000	-41.084946869032002
0.264000000000000	3.614641809630000	-38.680203249658000
0.265000000000000	3.578467893209000	-36.517658708840003
0.266000000000000	3.545471212605000	-35.349401390159002
0.267000000000000	3.512207210478000	-35.411813508544000
0.268000000000000	3.475954259669000	-36.378936947965997
0.269000000000000	3.437356054998000	-37.687244284264999
0.270000000000000	3.398831153182000	-38.876289914936997
0.271000000000000	3.361103105568000	-39.588864354199004
0.272000000000000	3.322810790333000	-39.301255410312002
0.273000000000000	3.283512571564000	-37.187274668101999
0.274000000000000	3.245812437105000	-32.358435629021997
0.275000000000000	3.214160332608000	-24.311143221220000
0.276000000000000	3.192943288064000	-13.235536861939000
0.277000000000000	3.185509878470000	0.001196590179000
0.278000000000000	3.193205517617000	14.138291565575001
0.279000000000000	3.215413284708000	27.878358522823000
0.280000000000000	3.250879524068000	40.152678638605998
0.281000000000000	3.298039835163000	50.266291497459001
0.282000000000000	3.354276248759000	57.974643409081999
0.283000000000000	3.415967516032000	63.467282234429000
0.284000000000000	3.480241365455000	67.161347544788995
0.285000000000000	3.547043313218000	69.358416559787003
0.286000000000000	3.617579268111000	70.065338271371004
0.287000000000000	3.690082894593000	69.207641440073999
0.288000000000000	3.759970990965000	67.018318984195005
0.289000000000000	3.824547128051000	64.131049339398999
0.290000000000000	3.885018726000000	61.245582793371000
0.291000000000000	3.943893024832000	58.734433185089998
0.292000000000000	4.002034618214000	56.582927189948002
0.293000000000000	4.058659516680000	54.648990800805997
0.294000000000000	4.113074334395000	52.940995631866002
0.295000000000000	4.165172511443000	51.685270545016998
0.296000000000000	4.215260175406000	51.167463126609000
0.297000000000000	4.264720526005000	51.469143255029003
0.298000000000000	4.315578903712000	52.280001148217004
0.299000000000000	4.368693379921000	52.938501542146000
0.300000000000000	4.423268346437000	52.709799419703003
0.301000000000000	4.477684656015000	51.162177360541001
0.302000000000000	4.530070722787000	48.475870373619998
0.303000000000000	4.578437761719000	45.551654430318997
0.304000000000000	4.621645318073000	43.804134627994003
0.305000000000000	4.661688910802000	44.623672511734000
0.306000000000000	4.703836788119000	48.731758236388998
0.307000000000000	4.753393441685000	55.813324891934002
0.308000000000000	4.813427601856000	64.653037184278006
0.309000000000000	4.884705554936000	73.674696040911002
0.310000000000000	4.965689371884000	81.582505331427001
0.311000000000000	5.052908832773000	87.786417534296007
0.312000000000000	5.143086642635000	92.397895133991994
0.313000000000000	5.235616842983000	95.832905008252993
0.314000000000000	5.331874784834000	98.359986543266999
0.315000000000000	5.432039198801000	99.966061116665003
0.316000000000000	5.533869492216000	100.567665728414990
0.317000000000000	5.634579838668000	100.238872238385990
0.318000000000000	5.733240215465000	99.172240171463997
0.319000000000000	5.830611408937000	97.446284759305996
0.320000000000000	5.927060796121000	94.895583881367003
0.321000000000000	6.021736980272000	91.253597712271002
0.322000000000000	6.112791114824000	86.469727279617004
0.323000000000000	6.197953570805000	80.959683592822998
0.324000000000000	6.275950021959000	75.595815669138005
0.325000000000000	6.347462587594000	71.412651540229007
0.326000000000000	6.414936445336000	69.180364715284000
0.327000000000000	6.481523707845000	69.064826206212004
0.328000000000000	6.549605225186000	70.512665394680994
0.329000000000000	6.620690043832000	72.381343494027007
0.330000000000000	6.695654703567000	73.299703803591996
0.331000000000000	6.772832397265000	72.221427270204998
0.332000000000000	6.847540051772000	68.971575299055999
0.333000000000000	6.915380410378000	64.422484443024004
0.334000000000000	6.975088589251000	60.077176537875999
0.335000000000000	7.029109164732000	57.253397313428003
0.336000000000000	7.082135008015000	56.372090072066001
0.337000000000000	7.137839555180000	56.789836183394002
0.338000000000000	7.196903690935000	57.241832839089000
0.339000000000000	7.257343254327000	56.579671414461998
0.340000000000000	7.315837563911000	54.362961747931998
0.341000000000000	7.369733436350000	51.019630123703998
0.342000000000000	7.417974771075000	47.551864552010997
0.343000000000000	7.461080193477000	44.961745877889001
0.344000000000000	7.501898182926000	43.677127305486003
0.345000000000000	7.544184806618000	43.296282180757999
0.346000000000000	7.588901154882000	42.831671269768002
0.347000000000000	7.633783027185000	41.292077656974001
0.348000000000000	7.675982675900000	38.205918135848997
0.349000000000000	7.713496551142000	33.810566885478003
0.350000000000000	7.744964195299000	28.906521424613000
0.351000000000000	7.769965564601000	24.498020835605999
0.352000000000000	7.790052222773000	21.351149469328000
0.353000000000000	7.808237718700000	19.645501786924999
0.354000000000000	7.826793865319000	18.902907993319999
0.355000000000000	7.846263235377000	18.235681316606001
0.356000000000000	7.865981055260000	16.777004170238001
0.357000000000000	7.883961839000000	14.085498331500000
0.358000000000000	7.897575300175000	10.340282093442999
0.359000000000000	7.905500347403000	6.228908203496000
0.360000000000000	7.908148554509000	2.587580876974000
0.361000000000000	7.907327080909000	0.000415248586000
0.362000000000000	7.905478196420000	-1.417137603904000
0.363000000000000	7.903804389121000	-1.961905834077000
0.364000000000000	7.902058511186000	-2.122540268059000
0.365000000000000	7.900094251708000	-2.380268147382000
0.366000000000000	7.898162495965000	-3.096739164803000
0.367000000000000	7.895637224417000	-4.433373835003000
0.368000000000000	7.890815348086000	-6.302159917657000
0.369000000000000	7.882843825288000	-8.433480477841000
0.370000000000000	7.872557383723000	-10.555624464665000
0.371000000000000	7.860786653310000	-12.538092649783000
0.372000000000000	7.847354555826000	-14.396108356645000
0.373000000000000	7.832069442364000	-16.210367109735000
0.374000000000000	7.815239640362000	-18.049774419193000
0.375000000000000	7.796708653446000	-19.917375935633999
0.376000000000000	7.775801816257000	-21.732799945970001
0.377000000000000	7.752713748299000	-23.381240921134999
0.378000000000000	7.728316660250000	-24.798659836980001
0.379000000000000	7.702724656661000	-26.021596104307001
0.380000000000000	7.675710927584000	-27.191533848258000
0.381000000000000	7.647821051329000	-28.534571741469001
0.382000000000000	7.619502255832000	-30.274829408022999
0.383000000000000	7.589755737749000	-32.455779993267001
0.384000000000000	7.556837790786000	-34.794228483773999
0.385000000000000	7.519938637139000	-36.758855176079003
0.386000000000000	7.480148824257000	-37.898432808229998
0.387000000000000	7.440207298666000	-38.190002167336999
0.388000000000000	7.402345469546000	-38.103642397780000
0.389000000000000	7.366086079282000	-38.304011211770998
0.390000000000000	7.329005902884000	-39.238585010934003
0.391000000000000	7.289322712564000	-40.945904028663001
0.392000000000000	7.247010094064000	-43.161686235493001
0.393000000000000	7.202619000835000	-45.522912628035002
0.394000000000000	7.156022053536000	-47.679322815216999
0.395000000000000	7.106975042367000	-49.325790779130003
0.396000000000000	7.056116936499000	-50.263108417890002
0.397000000000000	7.004703503857000	-50.500459359571998
0.398000000000000	6.953741213673000	-50.311317815092004
0.399000000000000	6.903841153910000	-50.162888544230000
0.400000000000000	6.855090427533000	-50.508258639270998
0.401000000000000	6.805956518040000	-51.526462410725003
0.402000000000000	6.754098542780000	-52.994732538782998
0.403000000000000	6.699173540973000	-54.433044358057998
0.404000000000000	6.642775633239000	-55.426241205704002
0.405000000000000	6.586253837789000	-55.867254743007997
0.406000000000000	6.530088974857000	-55.977425737263999
0.407000000000000	6.474402851244000	-56.159873333013998
0.408000000000000	6.418997626535000	-56.797243394372998
0.409000000000000	6.362813695303000	-58.068726513701002
0.410000000000000	6.304564146712000	-59.850460955662001
0.411000000000000	6.243912527877000	-61.742468239650002
0.412000000000000	6.180879465034000	-63.207899884109999
0.413000000000000	6.115815654935000	-63.781120198495003
0.414000000000000	6.050541067807000	-63.282421591805999
0.415000000000000	5.987169735547000	-61.930206034106000
0.416000000000000	5.926184246612000	-60.273267879350001
0.417000000000000	5.866990726663000	-59.002436373853001
0.418000000000000	5.809228121421000	-58.747038274913997
0.419000000000000	5.752168830286000	-59.866619489024004
0.420000000000000	5.693497140367000	-62.237850834177998
0.421000000000000	5.630389163266000	-65.180338078331999
0.422000000000000	5.561940212469000	-67.703992224058993
0.423000000000000	5.490114477308000	-69.030944959924994
0.424000000000000	5.418463837762000	-69.061839076062000
0.425000000000000	5.349714658458000	-68.431100049826000
0.426000000000000	5.284134413068000	-68.072396590291007
0.427000000000000	5.219265175873000	-68.576145199319996
0.428000000000000	5.151460189444000	-69.801144900946994
0.429000000000000	5.079269324384000	-71.039223845552996
0.430000000000000	5.004918696639000	-71.594113968591003
0.431000000000000	4.931718233554000	-71.291258138497994
0.432000000000000	4.861200612073000	-70.533097701065003
0.433000000000000	4.792655968761000	-69.940921069092994
0.434000000000000	4.724219235402000	-69.932246775428993
0.435000000000000	4.654655768822000	-70.526718513386996
0.436000000000000	4.583808266069000	-71.410271664755001
0.437000000000000	4.511633947566000	-72.118143476911001
0.438000000000000	4.438429797700000	-72.225538598048004
0.439000000000000	4.365272197066000	-71.512267236301994
0.440000000000000	4.293411070802000	-70.070734438189007
0.441000000000000	4.223899796316000	-68.302591455048002
0.442000000000000	4.157310441128000	-66.766526821298996
0.443000000000000	4.092840474785000	-65.913751222897005
0.444000000000000	4.028226112862000	-65.861059674781004
0.445000000000000	3.961733703178000	-66.385471412257004
0.446000000000000	3.893789223764000	-67.154721190480998
0.447000000000000	3.825844072463000	-67.967126709796005
0.448000000000000	3.758338836012000	-68.765091232429000
0.449000000000000	3.690181031622000	-69.452835436635993
0.450000000000000	3.620155742136000	-69.778624460982002
0.451000000000000	3.548868397936000	-69.459966746486003
0.452000000000000	3.478472706841000	-68.436430831706005
0.453000000000000	3.410749578973000	-66.969359470590007
0.454000000000000	3.346206545731000	-65.440546989146995
0.455000000000000	3.283658370430000	-63.981005313971004
0.456000000000000	3.221207476946000	-62.229751044948003
0.457000000000000	3.159206464824000	-59.425304402511998
0.458000000000000	3.100312684879000	-54.745784463181003
0.459000000000000	3.047120378921000	-47.642671795898003
0.460000000000000	3.002428594239000	-38.007692805430999
0.461000000000000	2.969405102739000	-26.166146591015998
0.462000000000000	2.949622599133000	-12.758832701271000
0.463000000000000	2.943292864200000	1.379934099718000
0.464000000000000	2.951251293363000	15.276750672633000
0.465000000000000	2.974212950896000	27.895345135993999
0.466000000000000	3.010097863767000	38.354705057434998
0.467000000000000	3.054254990661000	46.174454050729999
0.468000000000000	3.103053125659000	51.289502124944001
0.469000000000000	3.155622392151000	53.828214328728002
0.470000000000000	3.211276533625000	53.967746784836002
0.471000000000000	3.266772591300000	52.062912029121001
0.472000000000000	3.317840973934000	48.822459982425997
0.473000000000000	3.363125067021000	45.193352395756001
0.474000000000000	3.404727751542000	41.987813979705997
0.475000000000000	3.444919801265000	39.621428058881001
0.476000000000000	3.484142706659000	38.180157067427999
0.477000000000000	3.522141758311000	37.655604851066997
0.478000000000000	3.559518512575000	38.076484938082999
0.479000000000000	3.597379299228000	39.453085683749002
0.480000000000000	3.636580547587000	41.623457158706998
0.481000000000000	3.678357023213000	44.122997144373002
0.482000000000000	3.723932708948000	46.197769824104000
0.483000000000000	3.772686472345000	47.037816544080997
0.484000000000000	3.821996963165000	46.145927972553999
0.485000000000000	3.868719227161000	43.604403638918001
0.486000000000000	3.910634222564000	40.044297556373998
0.487000000000000	3.947422741503000	36.332470089565000
0.488000000000000	3.980508572231000	33.186515678916997
0.489000000000000	4.011665325210000	30.954444615377000
0.490000000000000	4.041714624689000	29.637568254283000
0.491000000000000	4.070864498138000	29.040835108547999
0.492000000000000	4.099647798412000	28.895871139057000
0.493000000000000	4.128680161949000	28.919840491028999
0.494000000000000	4.158112432283000	28.866536182986000
0.495000000000000	4.187421026229000	28.588918356465999
0.496000000000000	4.215633295825000	28.049108517156998
0.497000000000000	4.242461172964000	27.221644939097001
0.498000000000000	4.268605172301000	25.958394471653001
0.499000000000000	4.294248047752000	23.970624701919999
0.500000000000000	4.318340596086000	20.999933895289999
0.501000000000000	4.339263006912000	17.075603508337000
0.502000000000000	4.355071675188000	12.660571640352000
0.503000000000000	4.364422160379000	8.525804059364001
0.504000000000000	4.368507498335000	5.362331403134000
0.505000000000000	4.370741491211000	3.381205618602000
0.506000000000000	4.373589104560000	2.225189352689000
0.507000000000000	4.376719779689000	1.259882811282000
0.508000000000000	4.378761232316000	-0.013437259012000
0.509000000000000	4.379087112233000	-1.707521848046000
0.510000000000000	4.376838205210000	-3.548098488251000
0.511000000000000	4.371019655435000	-5.090966927678000
0.512000000000000	4.363190253424000	-6.059585497421000
0.513000000000000	4.356584296734000	-6.556629540608000
0.514000000000000	4.351666826110000	-6.921082709582000
0.515000000000000	4.345882392500000	-7.369137334377000
0.516000000000000	4.337553133518000	-7.836263217502000
0.517000000000000	4.327674524464000	-8.198405799798000
0.518000000000000	4.318243940709000	-8.597611213773000
0.519000000000000	4.310044648705000	-9.495380371241000
0.520000000000000	4.301982796953000	-11.371825073282000
0.521000000000000	4.291660597535000	-14.309925355019001
0.522000000000000	4.276519954118000	-17.794538979653002
0.523000000000000	4.255482583709000	-20.914416344709998
0.524000000000000	4.230175541124000	-22.880316546589000
0.525000000000000	4.204400104740000	-23.510469587759001
0.526000000000000	4.181292823866000	-23.301393614252000
0.527000000000000	4.160621647260000	-23.011791812473000
0.528000000000000	4.139606605756000	-23.114470213570002
0.529000000000000	4.116135074843000	-23.581413396658000
0.530000000000000	4.090775871900000	-24.119453728187001
0.531000000000000	4.065520238402000	-24.542319236280999
0.532000000000000	4.041195435595000	-24.908780632706002
0.533000000000000	4.016926952099000	-25.379683866412002
0.534000000000000	3.991377588387000	-26.038462196977999
0.535000000000000	3.964397948531000	-26.875117697509999
0.536000000000000	3.936989504508000	-27.876373056357998
0.537000000000000	3.909185619803000	-29.048516828758999
0.538000000000000	3.879832244321000	-30.349967986629000
0.539000000000000	3.848383610705000	-31.671346587561999
0.540000000000000	3.815253459727000	-32.935110139358002
0.541000000000000	3.781179469044000	-34.213515038171003
0.542000000000000	3.746855218396000	-35.710722102216998
0.543000000000000	3.711957283266000	-37.564965122578997
0.544000000000000	3.674693026076000	-39.611527338522002
0.545000000000000	3.633543300004000	-41.353284944281000
0.546000000000000	3.589172158901000	-42.255174235193003
0.547000000000000	3.544453388085000	-42.167545079546997
0.548000000000000	3.502468702152000	-41.498604593888999
0.549000000000000	3.463451764905000	-40.944211027956001
0.550000000000000	3.424529082022000	-41.007992308657997
0.551000000000000	3.383365497761000	-41.747064578185999
0.552000000000000	3.340350389756000	-42.903616533371000
0.553000000000000	3.296559011852000	-44.178717602059997
0.554000000000000	3.251776324167000	-45.372191751994997
0.555000000000000	3.205447680127000	-46.388851395537003
0.556000000000000	3.157902878723000	-47.248028369924000
0.557000000000000	3.110081449540000	-48.103208420789997
0.558000000000000	3.062517399592000	-49.157073309300003
0.559000000000000	3.014450505199000	-50.445505374130001
0.560000000000000	2.964120010329000	-51.662010234785001
0.561000000000000	2.910504867153000	-52.258397168053001
0.562000000000000	2.855245606129000	-51.848749293880999
0.563000000000000	2.802102538291000	-50.607678303238998
0.564000000000000	2.753367283871000	-49.260478057600999
0.565000000000000	2.707695076256000	-48.595619991810999
0.566000000000000	2.661734840257000	-48.881972446482997
0.567000000000000	2.612661590160000	-49.676131207273002
0.568000000000000	2.560288022002000	-50.173380348136000
0.569000000000000	2.507368377417000	-49.811308472526001
0.570000000000000	2.456817021524000	-48.655329631491000
0.571000000000000	2.409679716706000	-47.306297816220003
0.572000000000000	2.365108237819000	-46.453884064920999
0.573000000000000	2.320535975410000	-46.435936737201999
0.574000000000000	2.273752229888000	-47.113578478226998
0.575000000000000	2.225224122810000	-48.082106628582999
0.576000000000000	2.176506911518000	-48.946637074995003
0.577000000000000	2.127536833453000	-49.418038157719998
0.578000000000000	2.077549369580000	-49.283985388616998
0.579000000000000	2.027376682536000	-48.443782125665997
0.580000000000000	1.978931219766000	-47.004255713690000
0.581000000000000	1.933233326238000	-45.268065676547003
0.582000000000000	1.889869604980000	-43.560000778100999
0.583000000000000	1.847737775880000	-42.041192965694997
0.584000000000000	1.806032125526000	-40.686063148590002
0.585000000000000	1.765072298079000	-39.431230418696003
0.586000000000000	1.725977958204000	-38.328920197060000
0.587000000000000	1.688928245445000	-37.536419741106002
0.588000000000000	1.652377840528000	-37.171483576436003
0.589000000000000	1.614889366865000	-37.227871733919002
0.590000000000000	1.577097740902000	-37.632458848040002
0.591000000000000	1.540136395136000	-38.285781183205003
0.592000000000000	1.502879106062000	-38.956956355942999
0.593000000000000	1.463428449642000	-39.192876080308999
0.594000000000000	1.422415210324000	-38.480551208751002
0.595000000000000	1.382494098647000	-36.608185267563996
0.596000000000000	1.345870163626000	-33.919171239709001
0.597000000000000	1.313730309182000	-31.235436837712001
0.598000000000000	1.286096865240000	-29.455761292102999
0.599000000000000	1.260614261309000	-29.018919796355000
0.600000000000000	1.233161354305000	-29.565256424693001
0.601000000000000	1.201420149000000	-30.112603164677999
0.602000000000000	1.167362663639000	-29.715041443455000
0.603000000000000	1.135510509449000	-28.123669486804999
0.604000000000000	1.108897107269000	-25.914507163235001
0.605000000000000	1.086649789748000	-24.012641162409999
0.606000000000000	1.065389502859000	-23.064087969500001
0.607000000000000	1.042706773104000	-23.161759872611999
0.608000000000000	1.018580850581000	-24.012056155865000
0.609000000000000	0.993931090845000	-25.224086613061001
0.610000000000000	0.968709720268000	-26.423078349680999
0.611000000000000	0.941729783005000	-27.219974142401998
0.612000000000000	0.912882116968000	-27.262591288023000
0.613000000000000	0.884328349596000	-26.425910140247002
0.614000000000000	0.858216244113000	-24.940616482145000
0.615000000000000	0.834916135259000	-23.281996731741000
0.616000000000000	0.813645377266000	-21.892457844932000
0.617000000000000	0.793153085190000	-20.957301472609998
0.618000000000000	0.772548044006000	-20.375388092796001
0.619000000000000	0.751873638791000	-19.902899856583002
0.620000000000000	0.731485147712000	-19.347010101801001
0.621000000000000	0.711938966056000	-18.686661420547001
0.622000000000000	0.693934317771000	-18.054696265734002
0.623000000000000	0.677014835757000	-17.601794001136000
0.624000000000000	0.659822703876000	-17.364674301670000
0.625000000000000	0.642031750134000	-17.266778506514999
0.626000000000000	0.624408305775000	-17.226795472244000
0.627000000000000	0.607457586254000	-17.222668836402999
0.628000000000000	0.590830599858000	-17.233136406987001
0.629000000000000	0.573956688755000	-17.138257099474998
0.630000000000000	0.556881291618000	-16.698445469917001
0.631000000000000	0.539846488877000	-15.655046555297000
0.632000000000000	0.523284112363000	-13.925487035694999
0.633000000000000	0.508818425464000	-11.800560479107000
0.634000000000000	0.498251981163000	-9.967647009675000
0.635000000000000	0.491253624830000	-9.222490158434001
0.636000000000000	0.485086955530000	-9.975948047480999
0.637000000000000	0.476185473831000	-11.899848407713000
0.638000000000000	0.462170445586000	-14.026824766988000
0.639000000000000	0.443829596854000	-15.309932178648999
0.640000000000000	0.425122237924000	-15.273085003866001
0.641000000000000	0.409932070253000	-14.252880254889000
0.642000000000000	0.398774352637000	-13.033126700011000
0.643000000000000	0.388959990526000	-12.191577188544001
0.644000000000000	0.377671683164000	-11.714982425835000
0.645000000000000	0.364663904560000	-11.156008710477000
0.646000000000000	0.351936316212000	-10.110199045017000
0.647000000000000	0.341627830910000	-8.569829165331999
0.648000000000000	0.334493822512000	-6.906756493373000
0.649000000000000	0.329585502244000	-5.584238811843000
0.650000000000000	0.325304698248000	-4.874039524862000
0.651000000000000	0.320905434604000	-4.757106569254000
0.652000000000000	0.316529563684000	-4.966622130418000
0.653000000000000	0.312084587787000	-5.039996595699000
0.654000000000000	0.307247758402000	-4.355204429274000
0.655000000000000	0.302459028753000	-2.252250366402000
0.656000000000000	0.299516376424000	1.704385559537000
0.657000000000000	0.301691282864000	7.446095488298000
0.658000000000000	0.312307934559000	14.344712602947000
0.659000000000000	0.332123137717000	21.502985028451000
0.660000000000000	0.358980399818000	28.201527160053999
0.661000000000000	0.390461018930000	34.134073935080004
0.662000000000000	0.426264602968000	39.271303038242003
0.663000000000000	0.467462093173000	43.578593713507999
0.664000000000000	0.513654549096000	46.909222262360998
0.665000000000000	0.562475712514000	49.107898949960003
0.666000000000000	0.612145987442000	50.110755299807998
0.667000000000000	0.662474783638000	49.936194284823003
0.668000000000000	0.712936814711000	48.681161624974997
0.669000000000000	0.761592758858000	46.595347820550998
0.670000000000000	0.806640114914000	44.104730487236999
0.671000000000000	0.848114386000000	41.658500847083999
0.672000000000000	0.887581107497000	39.501997025797998
0.673000000000000	0.926351973293000	37.606984105621002
0.674000000000000	0.964089683523000	35.835316585805003
0.675000000000000	0.999688986366000	34.167313917499001
0.676000000000000	1.033074511222000	32.786743940964001
0.677000000000000	1.064809808193000	31.981111495175000
0.678000000000000	1.095429110366000	31.949059023720000
0.679000000000000	1.126354827422000	32.625540473793997
0.680000000000000	1.159437481620000	33.642115515893003
0.681000000000000	1.194918730037000	34.497401192700998
0.682000000000000	1.230969822864000	34.831298270734003
0.683000000000000	1.265576003824000	34.549717968237999
0.684000000000000	1.298639633778000	33.684509119731999
0.685000000000000	1.331515553678000	32.187110607793997
0.686000000000000	1.364248754590000	29.945798104106000
0.687000000000000	1.394627401427000	27.035095723405000
0.688000000000000	1.420334593760000	23.890981855579000
0.689000000000000	1.440933495014000	21.146814978719998
0.690000000000000	1.458386457184000	19.215322765467999
0.691000000000000	1.475946689992000	17.988584900090999
0.692000000000000	1.494996902523000	16.955968433822001
0.693000000000000	1.513496832572000	15.643758402631001
0.694000000000000	1.528848225565000	13.955420639612999
0.695000000000000	1.540905887109000	12.121327044999999
0.696000000000000	1.551135610736000	10.394646952784001
0.697000000000000	1.560489004172000	8.835017762815999
0.698000000000000	1.569053959771000	7.339740042339000
0.699000000000000	1.576522740080000	5.825075396260000
0.700000000000000	1.582120400194000	4.370695064568000
0.701000000000000	1.584986087359000	3.184007966244000
0.702000000000000	1.585833940057000	2.374205814805000
0.703000000000000	1.587007457297000	1.727737219723000
0.704000000000000	1.589552618450000	0.750133879639000
0.705000000000000	1.591849592700000	-0.988204202505000
0.706000000000000	1.591471717468000	-3.476171882660000
0.707000000000000	1.586806738791000	-6.170194532370000
0.708000000000000	1.577826746924000	-8.263196975581000
0.709000000000000	1.566563849743000	-9.130374227613000
0.710000000000000	1.555891233452000	-8.662831734200999
0.711000000000000	1.547555678896000	-7.298710923420000
0.712000000000000	1.541720345070000	-5.782800759925000
0.713000000000000	1.537836842219000	-4.830332718406000
0.714000000000000	1.534923865115000	-4.844207129578000
0.715000000000000	1.531007753685000	-5.771484525191000
0.716000000000000	1.524045179883000	-7.183489736446000
0.717000000000000	1.514104887105000	-8.593438901484999
0.718000000000000	1.503444060886000	-9.812253893641000
0.719000000000000	1.493606268236000	-11.035762102176999
0.720000000000000	1.483506662456000	-12.585663781299001
0.721000000000000	1.471091303966000	-14.567724614139999
0.722000000000000	1.455426364655000	-16.753834896301001
0.723000000000000	1.436936201826000	-18.729358034531000
0.724000000000000	1.416648105757000	-20.122188644962002
0.725000000000000	1.395516053274000	-20.742565163078002
0.726000000000000	1.374477135482000	-20.595064035646001
0.727000000000000	1.354232562407000	-19.815284096145000
0.728000000000000	1.334693920232000	-18.612708089803998
0.729000000000000	1.316083713183000	-17.271591023479001
0.730000000000000	1.299734012929000	-16.150137049548000
0.731000000000000	1.285676250987000	-15.556747761324999
0.732000000000000	1.271449375257000	-15.545383869663000
0.733000000000000	1.255212173918000	-15.867715378329001
0.734000000000000	1.237682615603000	-16.196850046024998
0.735000000000000	1.220369495529000	-16.423132335761000
0.736000000000000	1.203803964084000	-16.752377357225001
0.737000000000000	1.187510979091000	-17.554835517895000
0.738000000000000	1.170747697761000	-19.095022957379999
0.739000000000000	1.152414004395000	-21.283729811084001
0.740000000000000	1.130724323391000	-23.574953141982999
0.741000000000000	1.104847350968000	-25.126433673516999
0.742000000000000	1.076560216315000	-25.217828153519999
0.743000000000000	1.049365115058000	-23.690041037907999
0.744000000000000	1.026277469832000	-21.085684226735001
0.745000000000000	1.008034402261000	-18.373433832559002
0.746000000000000	0.993004633434000	-16.450372994712001
0.747000000000000	0.978677706678000	-15.756561430064000
0.748000000000000	0.963207789363000	-16.206675094045998
0.749000000000000	0.946158556092000	-17.384923252661999
0.750000000000000	0.927809553816000	-18.793516799755000
0.751000000000000	0.907984471470000	-20.008790138853001
0.752000000000000	0.886584604964000	-20.764817055379002
0.753000000000000	0.864587742129000	-21.027502983001000
0.754000000000000	0.843350265409000	-21.016564608656001
0.755000000000000	0.823233629361000	-21.086426506081999
0.756000000000000	0.803249373080000	-21.497519466193999
0.757000000000000	0.782111127657000	-22.238461012011001
0.758000000000000	0.759436384317000	-23.021580130520999
0.759000000000000	0.735696967361000	-23.423623044088998
0.760000000000000	0.711562359087000	-23.066418163306999
0.761000000000000	0.687699788561000	-21.783021454242000
0.762000000000000	0.665242852829000	-19.759892252438000
0.763000000000000	0.646094923112000	-17.578140371509999
0.764000000000000	0.631311663079000	-16.010691182599000
0.765000000000000	0.618950204181000	-15.576849764707999
0.766000000000000	0.605036423477000	-16.154418192087999
0.767000000000000	0.587263477989000	-17.019546137369002
0.768000000000000	0.567474203561000	-17.313229941675999
0.769000000000000	0.549606343167000	-16.486765007757000
0.770000000000000	0.535140344169000	-14.327111036963000
0.771000000000000	0.522728545997000	-10.696630569948001
0.772000000000000	0.512312234142000	-5.460034062628000
0.773000000000000	0.507170222244000	1.239902054141000
0.774000000000000	0.511577304515000	8.737120463778000
0.775000000000000	0.526706655301000	16.052845388001000
0.776000000000000	0.549258694027000	22.464711737338000
0.777000000000000	0.575326301385000	27.894159657008998
0.778000000000000	0.604196485160000	32.751252297564001
0.779000000000000	0.637493076992000	37.439505778597997
0.780000000000000	0.676652137041000	41.998830979388998
0.781000000000000	0.721317017036000	46.115151276954997
0.782000000000000	0.769500281745000	49.329237020101999
0.783000000000000	0.819761778706000	51.179822099896001
0.784000000000000	0.871960224840000	51.255580171786001
0.785000000000000	0.924920912692000	49.335513087861003
0.786000000000000	0.975165169895000	45.655132623866997
0.787000000000000	1.019175010500000	41.047119050459997
0.788000000000000	1.056191248271000	36.711044759559002
0.789000000000000	1.088284034633000	33.693630938867003
0.790000000000000	1.118490092020000	32.416394887585000
0.791000000000000	1.149793048927000	32.543608524937000
0.792000000000000	1.184091984770000	33.264865085455000
0.793000000000000	1.220239898756000	33.817242504040003
0.794000000000000	1.255218183762000	33.881925134108002
0.795000000000000	1.287944573530000	33.562557940787002
0.796000000000000	1.319830161036000	33.033019179248001
0.797000000000000	1.352250452774000	32.242825140733999
0.798000000000000	1.384919697595000	30.943750711029001
0.799000000000000	1.416301141418000	28.944689876000002
0.800000000000000	1.444735645658000	26.320596838930999
0.801000000000000	1.469255896652000	23.401081872896999
0.802000000000000	1.490193691432000	20.575760832299999
0.803000000000000	1.508916847691000	18.100221890787001
0.804000000000000	1.526331947672000	16.066695608404999
0.805000000000000	1.542009829322000	14.521794898645000
0.806000000000000	1.555503932202000	13.552288773071000
0.807000000000000	1.567850866247000	13.223317942247000
0.808000000000000	1.580697884782000	13.461348235478001
0.809000000000000	1.594605776517000	14.034980433970000
0.810000000000000	1.609032397972000	14.632137393454000
0.811000000000000	1.623526546756000	14.912566978021999
0.812000000000000	1.638274933173000	14.502050549269001
0.813000000000000	1.653267151348000	13.039544306847000
0.814000000000000	1.667085351577000	10.359060009843001
0.815000000000000	1.677190185084000	6.699272321308000
0.816000000000000	1.681847909478000	2.728428147879000
0.817000000000000	1.681262088822000	-0.702097463602000
0.818000000000000	1.677153055503000	-2.940327313761000
0.819000000000000	1.671964050738000	-3.818759588919000
0.820000000000000	1.667673910522000	-3.688143043630000
0.821000000000000	1.664826322053000	-3.211791818538000
0.822000000000000	1.662866697068000	-3.061715674050000
0.823000000000000	1.660882225443000	-3.667258110060000
0.824000000000000	1.657754353081000	-5.086639216953000
0.825000000000000	1.652245531581000	-7.013284315754000
0.826000000000000	1.643604942737000	-8.920013957646001
0.827000000000000	1.632564115401000	-10.301880315069001
0.828000000000000	1.620925868081000	-10.892934201036001
0.829000000000000	1.609630782376000	-10.734273185946000
0.830000000000000	1.598997266260000	-10.092919294473001
0.831000000000000	1.589924858526000	-9.307112950785999
0.832000000000000	1.582092500572000	-8.623207801619000
0.833000000000000	1.573427362307000	-8.133504449587999
0.834000000000000	1.563651654654000	-7.923803527565000
0.835000000000000	1.554992856705000	-8.295937555479000
0.836000000000000	1.548162663933000	-9.726082198951000
0.837000000000000	1.540407380692000	-12.466257147331000
0.838000000000000	1.527911325683000	-16.149926165170999
0.839000000000000	1.508701631170000	-19.838301630733000
0.840000000000000	1.483776518592000	-22.556901637700999
0.841000000000000	1.457169751779000	-23.919689209263002
0.842000000000000	1.433408204323000	-24.301446179637001
0.843000000000000	1.412507578192000	-24.372327767798001
0.844000000000000	1.390164686993000	-24.437171990582002
0.845000000000000	1.364250947601000	-24.252232346515999
0.846000000000000	1.337597281901000	-23.449991722642000
0.847000000000000	1.314024725733000	-22.019604889092001
0.848000000000000	1.294239549981000	-20.320912826175000
0.849000000000000	1.276078730493000	-18.732725491351999
0.850000000000000	1.257725940415000	-17.415869389036999
0.851000000000000	1.239606400505000	-16.422483229968002
0.852000000000000	1.223113469004000	-15.925057503367000
0.853000000000000	1.208371359566000	-16.228949677751999
0.854000000000000	1.193596931362000	-17.520071706820001
0.855000000000000	1.176307473034000	-19.603910560163001
0.856000000000000	1.155105485952000	-21.901053000449000
0.857000000000000	1.130728400209000	-23.715921110610001
0.858000000000000	1.105091381148000	-24.563642315046000
0.859000000000000	1.079601134570000	-24.340367957929999
0.860000000000000	1.055284524806000	-23.294046252602001
0.861000000000000	1.032991072459000	-21.874309867556001
0.862000000000000	1.012547819975000	-20.545922221682002
0.863000000000000	0.993256373859000	-19.631992912425002
0.864000000000000	0.974526806619000	-19.235502323778999
0.865000000000000	0.955560985249000	-19.250761323380999
0.866000000000000	0.936007865760000	-19.444580121451999
0.867000000000000	0.916135902108000	-19.568092180369000
0.868000000000000	0.896050358656000	-19.457094912022999
0.869000000000000	0.876125893104000	-19.096286722696998
0.870000000000000	0.857211222457000	-18.621531509522999
0.871000000000000	0.839562019475000	-18.226873113707001
0.872000000000000	0.822389493947000	-18.007825792959000
0.873000000000000	0.804644443705000	-17.865995622105000
0.874000000000000	0.786184868904000	-17.577317054116001
0.875000000000000	0.767812902669000	-16.983640871670001
0.876000000000000	0.750371840178000	-16.161755750566002
0.877000000000000	0.734604947150000	-15.441960313672000
0.878000000000000	0.720647547394000	-15.239207400546000
0.879000000000000	0.706964667734000	-15.780017537231000
0.880000000000000	0.691497022450000	-16.911096434657001
0.881000000000000	0.673634258542000	-18.139139324961000
0.882000000000000	0.653955452284000	-18.872922912494001
0.883000000000000	0.633484180496000	-18.712131859231999
0.884000000000000	0.613813436125000	-17.642334143987000
0.885000000000000	0.596650685237000	-16.046982326527999
0.886000000000000	0.582718132457000	-14.499091745644000
0.887000000000000	0.570797758608000	-13.423268990546999
0.888000000000000	0.558290483917000	-12.875894703235000
0.889000000000000	0.544022552138000	-12.658541950747001
0.890000000000000	0.529712547311000	-12.667160188320000
0.891000000000000	0.517370141440000	-13.088982920202000
0.892000000000000	0.506339554167000	-14.184425307766000
0.893000000000000	0.493800596458000	-15.843163429536000
0.894000000000000	0.477333422733000	-17.374533844015001
0.895000000000000	0.456866298581000	-17.804536976470001
0.896000000000000	0.435442313384000	-16.512594792510999
0.897000000000000	0.417795959688000	-13.730593416491001
0.898000000000000	0.406533555107000	-10.499246158722000
0.899000000000000	0.400342478893000	-8.096711584249000
0.900000000000000	0.395982742886000	-7.351250542224000
0.901000000000000	0.390251572900000	-8.273791253182999
0.902000000000000	0.380922430046000	-10.166726902013000
0.903000000000000	0.367850890278000	-12.075181479304000
0.904000000000000	0.352967225616000	-13.289787420289001
0.905000000000000	0.338351722193000	-13.619481589736999
0.906000000000000	0.324833110842000	-13.334736661334000
0.907000000000000	0.312503125081000	-12.896313930987001
0.908000000000000	0.301123723584000	-12.651443094348000
0.909000000000000	0.289682429057000	-12.630308683919999
0.910000000000000	0.276850500635000	-12.541714316997000
0.911000000000000	0.262759277105000	-12.004044441834001
0.912000000000000	0.249624052494000	-10.868845883335000
0.913000000000000	0.239524768853000	-9.360946433038000
0.914000000000000	0.232190158742000	-7.905621408239000
0.915000000000000	0.225941388454000	-6.822843564032000
0.916000000000000	0.219681110459000	-6.174088113170000
0.917000000000000	0.213063128815000	-5.857278427315000
0.918000000000000	0.206378907199000	-5.813396085386000
0.919000000000000	0.200688545520000	-6.125672104406000
0.920000000000000	0.196050777731000	-6.882984752605000
0.921000000000000	0.190137509354000	-7.923655572177000
0.922000000000000	0.180775787953000	-8.778394065264999
0.923000000000000	0.169092968479000	-8.976456640154000
0.924000000000000	0.158675275043000	-8.444822831275999
0.925000000000000	0.151845777683000	-7.554700488246000
0.926000000000000	0.147105095247000	-6.741454173456000
0.927000000000000	0.141207763433000	-6.121489993503000
0.928000000000000	0.133784664658000	-5.518459344271000
0.929000000000000	0.127438922122000	-4.794303677661000
0.930000000000000	0.123553268916000	-4.042231523069000
0.931000000000000	0.120959487367000	-3.452754815012000
0.932000000000000	0.118170101999000	-3.088163006764000
0.933000000000000	0.114802581554000	-2.840622018770000
0.934000000000000	0.111345960555000	-2.577374787989000
0.935000000000000	0.108436955067000	-2.295539378741000
0.936000000000000	0.106285358712000	-2.154672657992000
0.937000000000000	0.104602420147000	-2.383497422634000
0.938000000000000	0.102793328011000	-3.126516519526000
0.939000000000000	0.100344205137000	-4.286791688536000
0.940000000000000	0.096811591366000	-5.401801102931000
0.941000000000000	0.091384079294000	-5.630334197248000
0.942000000000000	0.084192754635000	-3.972780597639000
0.943000000000000	0.078340111911000	0.267889798983000
0.944000000000000	0.078678746307000	7.027527639352000
0.945000000000000	0.088822406648000	15.359916568028000
0.946000000000000	0.109949693479000	23.776439777732001
0.947000000000000	0.140759583840000	30.871007941281000
0.948000000000000	0.177905484187000	35.908354812119001
0.949000000000000	0.217381254521000	39.072052916635997
0.950000000000000	0.256242054409000	41.203167542781003
0.951000000000000	0.294461170766000	43.122032349557003
0.952000000000000	0.335516064949000	44.960230206563999
0.953000000000000	0.382588884258000	46.060109809387001
0.954000000000000	0.433505919670000	45.611510445390003
0.955000000000000	0.481883911232000	43.494293311386997
0.956000000000000	0.523289826220000	40.534621805698002
0.957000000000000	0.558672525098000	37.940097497200000
0.958000000000000	0.592407788151000	36.463903319642000
0.959000000000000	0.628095131164000	36.030816582124999
0.960000000000000	0.665967811891000	36.040618656855997
0.961000000000000	0.703814738293000	35.951759382508001
0.962000000000000	0.739885504301000	35.612576096676001
0.963000000000000	0.774397123644000	35.165201422820999
0.964000000000000	0.808561733201000	34.755140149473000
0.965000000000000	0.842960093134000	34.353154260282999
0.966000000000000	0.877317100505000	33.782536800507998
0.967000000000000	0.911269926782000	32.854609830934002
0.968000000000000	0.944222039398000	31.496259156472000
0.969000000000000	0.975167687714000	29.802603973073001
0.970000000000000	1.003696190429000	27.987369955729001
0.971000000000000	1.030360811543000	26.268090026286998
0.972000000000000	1.055638354169000	24.774816643889999
0.973000000000000	1.079475254403000	23.526529385585000
0.974000000000000	1.102213695872000	22.448740647785002
0.975000000000000	1.124445238359000	21.415247114930999
0.976000000000000	1.145746175818000	20.313590796892001
0.977000000000000	1.165294236525000	19.085045613881000
0.978000000000000	1.183377973099000	17.698711246546001
0.979000000000000	1.200898197428000	16.134069034791001
0.980000000000000	1.217305420860000	14.454563617798000
0.981000000000000	1.230695893864000	12.869175252812999
0.982000000000000	1.241090758234000	11.605519529433000
0.983000000000000	1.251060501970000	10.667098430150000
0.984000000000000	1.262074814869000	9.773358583214000
0.985000000000000	1.272890900854000	8.594515263176000
0.986000000000000	1.281561811895000	7.034566942314000
0.987000000000000	1.287340423814000	5.276278895045000
0.988000000000000	1.290708946618000	3.577211548324000
0.989000000000000	1.292446150988000	2.020846646681000
0.990000000000000	1.293390369538000	0.418076088467000
0.991000000000000	1.294071080065000	-1.560351978039000
0.992000000000000	1.293470243590000	-4.078997820896000
0.993000000000000	1.289271952578000	-6.874157537874000
0.994000000000000	1.280144093424000	-9.284828527926001
0.995000000000000	1.267605035668000	-10.614248193017000
0.996000000000000	1.255046062611000	-10.545254035295001
0.997000000000000	1.244633468180000	-9.285588719241000
0.998000000000000	1.236461758630000	-7.403742800993000
0.999000000000000	1.230379374567000	-5.570481949781000
1.000000000000000	1.226255700826000	-4.376215383493000
1.001000000000000	1.223040654952000	-4.226627325275000
1.002000000000000	1.219372284715000	-5.274277912930000
1.003000000000000	1.214038948461000	-7.385888407973000
1.004000000000000	1.205668435720000	-10.167666124932000
1.005000000000000	1.193660682980000	-13.063827543215000
1.006000000000000	1.178731964013000	-15.501033455669001
1.007000000000000	1.161761759049000	-17.014479795322998
1.008000000000000	1.143413583410000	-17.337452826772999
1.009000000000000	1.124781528291000	-16.499564354684999
1.010000000000000	1.107650920933000	-14.922917084881000
1.011000000000000	1.093931924528000	-13.377834423468000
1.012000000000000	1.083660960374000	-12.671389013200001
1.013000000000000	1.073917411736000	-13.180933459044001
1.014000000000000	1.061144829170000	-14.584858547316999
1.015000000000000	1.044223819080000	-16.058864951714000
1.016000000000000	1.024882805181000	-16.824818241866002
1.017000000000000	1.005826094866000	-16.651521984991000
1.018000000000000	0.989172970029000	-15.966783421442999
1.019000000000000	0.975473697639000	-15.524681308977000
1.020000000000000	0.962821446421000	-15.857085252205000
1.021000000000000	0.947941760809000	-16.894058061367001
1.022000000000000	0.929179857531000	-18.045450133534999
1.023000000000000	0.908138331567000	-18.676979849731001
1.024000000000000	0.887961932154000	-18.566874853681000
1.025000000000000	0.870393607355000	-17.955421237467998
1.026000000000000	0.854775949056000	-17.192679923181998
1.027000000000000	0.839008597828000	-16.360501929935001
1.028000000000000	0.821841555990000	-15.247095492779000
1.029000000000000	0.804976657187000	-13.686903738785000
1.030000000000000	0.791409815457000	-11.892635022063001
1.031000000000000	0.781716239176000	-10.414855471789000
1.032000000000000	0.773694815334000	-9.774952685989000
1.033000000000000	0.764702668286000	-10.151666578979000
1.034000000000000	0.753404116776000	-11.396820461436000
1.035000000000000	0.740264164232000	-13.286621043284001
1.036000000000000	0.726228821597000	-15.691524590901000
1.037000000000000	0.710900767121000	-18.467779943749999
1.038000000000000	0.692550116526000	-21.198037425824001
1.039000000000000	0.669680313878000	-23.114013618847000
1.040000000000000	0.643164024354000	-23.403717679768999
1.041000000000000	0.616961635788000	-21.734178039675999
1.042000000000000	0.595342843492000	-18.565910998412999
1.043000000000000	0.579584115454000	-14.984682816847000
1.044000000000000	0.568387859309000	-12.177119891221000
1.045000000000000	0.559760187907000	-10.894877603134001
1.046000000000000	0.551127989968000	-11.158384857035999
1.047000000000000	0.539843880660000	-12.293997738411001
1.048000000000000	0.525113011077000	-13.296882293113001
1.049000000000000	0.508860606894000	-13.363215912155001
1.050000000000000	0.494014691702000	-12.295408444151001
1.051000000000000	0.482061283411000	-10.557961268064000
1.052000000000000	0.473062250337000	-9.009451142981000
1.053000000000000	0.466443200061000	-8.490465830122000
1.054000000000000	0.460167174293000	-9.437937268313000
1.055000000000000	0.451226668186000	-11.674998255578000
1.056000000000000	0.437854343486000	-14.495986617062000
1.057000000000000	0.420423767385000	-17.014557372919000
1.058000000000000	0.400828290351000	-18.554805260308999
1.059000000000000	0.381232016666000	-18.841808923655002
1.060000000000000	0.363025775548000	-17.914910967137001
1.061000000000000	0.346591711953000	-15.893671620923000
1.062000000000000	0.331990421293000	-12.814087816347000
1.063000000000000	0.320177328685000	-8.657536789790999
1.064000000000000	0.313114508407000	-3.495802638794000
1.065000000000000	0.312590739752000	2.436331347855000
1.066000000000000	0.318858660875000	8.824465840205001
1.067000000000000	0.330873318412000	15.388350909678000
1.068000000000000	0.348591991734000	21.861783874467001
1.069000000000000	0.373220802429000	27.880686936267001
1.070000000000000	0.404745902121000	32.981949819752998
1.071000000000000	0.441350752497000	36.788983104533997
1.072000000000000	0.480893989231000	39.233937431507997
1.073000000000000	0.521475787844000	40.625919927604997
1.074000000000000	0.561719791167000	41.497026336281003
1.075000000000000	0.601933289862000	42.305697932472000
1.076000000000000	0.643840199344000	43.196575054709001
1.077000000000000	0.688016777883000	43.997298460555001
1.078000000000000	0.732791369215000	44.406189043525004
1.079000000000000	0.776836138720000	44.143577785246997
1.080000000000000	0.820832168635000	42.985680109953002
1.081000000000000	0.864782769736000	40.844140725617997
1.082000000000000	0.906135438094000	37.962306388164997
1.083000000000000	0.942371107004000	34.998011979978003
1.084000000000000	0.973866634981000	32.766699830943999
1.085000000000000	1.003373739416000	31.774763614752999
1.086000000000000	1.033705182496000	31.910537396652000
1.087000000000000	1.066315738693000	32.521039555597000
1.088000000000000	1.100860258523000	32.796457278577002
1.089000000000000	1.135341489129000	32.191411110577000
1.090000000000000	1.167582973370000	30.625807773521000
1.091000000000000	1.196932729357000	28.396441705423001
1.092000000000000	1.223808132413000	25.947344959721999
1.093000000000000	1.248251667454000	23.687141724625000
1.094000000000000	1.270311571374000	21.900903828737999
1.095000000000000	1.290866848145000	20.706290168553998
1.096000000000000	1.310940906483000	20.045177121649999
1.097000000000000	1.330962331869000	19.738483882444001
1.098000000000000	1.350869609923000	19.579895777415999
1.099000000000000	1.370387477605000	19.395315856307001
1.100000000000000	1.389273302699000	19.023113080268001
1.101000000000000	1.407591848858000	18.248603219652001
1.102000000000000	1.425628470005000	16.793300542181999
1.103000000000000	1.442887404400000	14.442695400323000
1.104000000000000	1.457491578470000	11.262510894888999
1.105000000000000	1.467465670826000	7.712294590259000
1.106000000000000	1.472196037933000	4.491776888359000
1.107000000000000	1.472938663602000	2.164676396112000
1.108000000000000	1.472627868643000	0.823421835009000
1.109000000000000	1.473708478106000	0.083517116107000
1.110000000000000	1.475634147763000	-0.557227953341000
1.111000000000000	1.476020875231000	-1.304981508349000
1.112000000000000	1.473779846906000	-1.973789748145000
1.113000000000000	1.469923945201000	-2.260195400855000
1.114000000000000	1.466339704629000	-2.098581112326000
1.115000000000000	1.464494864977000	-1.777623702845000
1.116000000000000	1.464236770642000	-1.745080195547000
1.117000000000000	1.463467955194000	-2.309186980643000
1.118000000000000	1.460254365796000	-3.524268385909000
1.119000000000000	1.455184321988000	-5.319163718507000
1.120000000000000	1.449648379314000	-7.620337536369000
1.121000000000000	1.442411012818000	-10.260872007116999
1.122000000000000	1.430967831097000	-12.831885131845000
1.123000000000000	1.415377190004000	-14.775111833773000
1.124000000000000	1.398106960254000	-15.706058344016000
1.125000000000000	1.381452775438000	-15.657194046199001
1.126000000000000	1.366408495550000	-15.024828525435000
1.127000000000000	1.353013305463000	-14.285606651982000
1.128000000000000	1.340522433109000	-13.695387350670000
1.129000000000000	1.327238930841000	-13.179994951432001
1.130000000000000	1.312390413323000	-12.529400407975000
1.131000000000000	1.298276013213000	-11.759226505573000
1.132000000000000	1.287604304974000	-11.262770845189999
1.133000000000000	1.278978981495000	-11.535743125438000
1.134000000000000	1.268278001670000	-12.755314311891000
1.135000000000000	1.254016811354000	-14.667502151620999
1.136000000000000	1.237722760422000	-16.819589766787001
1.137000000000000	1.219933376248000	-18.801209410125001
1.138000000000000	1.199833020216000	-20.318160908187998
1.139000000000000	1.177989613537000	-21.212151321358999
1.140000000000000	1.156298330632000	-21.488048739596000
1.141000000000000	1.135613756218000	-21.252674876425999
1.142000000000000	1.115273535222000	-20.562723853746000
1.143000000000000	1.094793467569000	-19.358314231613999
1.144000000000000	1.074650325626000	-17.612518380537999
1.145000000000000	1.056159269602000	-15.598485267001999
1.146000000000000	1.041405396925000	-13.997998728691000
1.147000000000000	1.030872901464000	-13.617599159697001
1.148000000000000	1.021008859413000	-14.803634611843000
1.149000000000000	1.006708748052000	-17.033022803781002
1.150000000000000	0.986109790987000	-19.131248776623998
1.151000000000000	0.962074752872000	-20.029008435331999
1.152000000000000	0.939361782710000	-19.459237654386001
1.153000000000000	0.920740788729000	-18.060860373452002
1.154000000000000	0.905623621669000	-16.884483104804001
1.155000000000000	0.891555594873000	-16.731893603963002
1.156000000000000	0.876126414444000	-17.764060987758000
1.157000000000000	0.857695282597000	-19.526855355675998
1.158000000000000	0.835945558383000	-21.281714404323001
1.159000000000000	0.812333120499000	-22.408279858953001
1.160000000000000	0.788828491181000	-22.648475715395001
1.161000000000000	0.766385620804000	-22.090405882763001
1.162000000000000	0.745199799137000	-20.981013411894999
1.163000000000000	0.725191427454000	-19.548506976372000
1.164000000000000	0.706146203556000	-17.953665786946999
1.165000000000000	0.688433499645000	-16.359603639090000
1.166000000000000	0.672755408128000	-15.006742854286999
1.167000000000000	0.658976382344000	-14.178249568838000
1.168000000000000	0.646083059448000	-14.054413577089001
1.169000000000000	0.632702682392000	-14.573469244867001
1.170000000000000	0.617637445079000	-15.428079451137000
1.171000000000000	0.600724282776000	-16.229252189598000
1.172000000000000	0.583081099536000	-16.730809174880001
1.173000000000000	0.566123600333000	-16.932332033079000
1.174000000000000	0.550145252670000	-16.965046689901001
1.175000000000000	0.534111845469000	-16.870809230563001
1.176000000000000	0.517085186048000	-16.504181132332999
1.177000000000000	0.499534739140000	-15.673006322116001
1.178000000000000	0.483124956648000	-14.389399577005999
1.179000000000000	0.469355349028000	-12.982323458504000
1.180000000000000	0.458253510995000	-11.943373443651000
1.181000000000000	0.448288442447000	-11.614328248868000
1.182000000000000	0.437596285201000	-11.957367090845000
1.183000000000000	0.425091909103000	-12.578383275817000
1.184000000000000	0.410763281166000	-12.989962887991000
1.185000000000000	0.395996335768000	-12.938582767691001
1.186000000000000	0.382925789131000	-12.556894001867001
1.187000000000000	0.371974197312000	-12.207774854660000
1.188000000000000	0.361306494966000	-12.151634186890000
1.189000000000000	0.349232833394000	-12.348986485607000
1.190000000000000	0.335585167562000	-12.575265373965999
1.191000000000000	0.321591146849000	-12.706432604341000
1.192000000000000	0.309051306541000	-12.861176151072000
1.193000000000000	0.298076009573000	-13.222203786632001
1.194000000000000	0.286281491448000	-13.701190910313001
1.195000000000000	0.271766129058000	-13.825745547824001
1.196000000000000	0.255763390806000	-13.028980355483000
1.197000000000000	0.241404886390000	-11.100215365359000
1.198000000000000	0.230939826753000	-8.401165478976001
1.199000000000000	0.224702137810000	-5.701051565043000
1.200000000000000	0.221791475598000	-3.791393068570000
1.201000000000000	0.220487808515000	-3.124846873887000
1.202000000000000	0.218349892026000	-3.651528736677000
1.203000000000000	0.213528240545000	-4.931477397853000
1.204000000000000	0.206284671657000	-6.455359596106000
1.205000000000000	0.198410858910000	-7.930218217249000
1.206000000000000	0.190671797145000	-9.294288685261000
1.207000000000000	0.181721078669000	-10.499615430380000
1.208000000000000	0.170497021972000	-11.344362747718000
1.209000000000000	0.158082294839000	-11.530621675366000
1.210000000000000	0.146265822544000	-10.829083440207000
1.211000000000000	0.136024389594000	-9.152117577517000
1.212000000000000	0.128025015575000	-6.506198105748000
1.213000000000000	0.123127534621000	-2.924115497797000
1.214000000000000	0.121961093197000	1.545883728057000
1.215000000000000	0.125276895519000	6.784784299803000
1.216000000000000	0.134309053307000	12.528448435524000
1.217000000000000	0.149810530886000	18.353741792562001
1.218000000000000	0.171483998848000	23.763055784439999
1.219000000000000	0.198373828592000	28.320533340550000
1.220000000000000	0.229512090701000	31.777981681164000
1.221000000000000	0.264085775293000	34.184532764312003
1.222000000000000	0.300517793879000	35.968831186667003
1.223000000000000	0.336843810272000	37.885319660489998
1.224000000000000	0.373692503339000	40.734261646881997
1.225000000000000	0.414800583046000	45.011657104580998
1.226000000000000	0.462656603873000	50.789807363125000
1.227000000000000	0.516766543917000	57.865188514086000
1.228000000000000	0.577390702062000	65.896879267201996
1.229000000000000	0.646793326611000	74.390373860929998
1.230000000000000	0.726230786582000	82.709459170944001
1.231000000000000	0.814642117921000	90.280143690046998
1.232000000000000	0.909843891467000	96.856515294320999
1.233000000000000	1.009796284143000	102.592407749787990
1.234000000000000	1.113703302534000	107.824179671554010
1.235000000000000	1.222313798170000	112.714992399942010
1.236000000000000	1.336695402281000	117.032046578595000
1.237000000000000	1.456548186391000	120.231822452410000
1.238000000000000	1.579664776508000	121.785549247704000
1.239000000000000	1.703157385876000	121.503028046001010
1.240000000000000	1.824796742896000	119.656946142213000
1.241000000000000	1.943219610936000	116.885812899311010
1.242000000000000	2.057935292340000	113.974326173648000
1.243000000000000	2.169566948181000	111.625680957518990
1.244000000000000	2.279637704257000	110.315955748801000
1.245000000000000	2.389301764948000	110.261204630061000
1.246000000000000	2.498917432264000	111.425146257921000
1.247000000000000	2.609765167288000	113.478206445152000
1.248000000000000	2.724144045099000	115.771728969927000
1.249000000000000	2.842447255597000	117.490737694801990
1.250000000000000	2.962203449007000	117.968805351412000
1.251000000000000	3.080637687059000	116.916516914480000
1.252000000000000	3.196417512928000	114.390316115918000
1.253000000000000	3.309075988137000	110.609801565663010
1.254000000000000	3.417910041978000	105.839257658456010
1.255000000000000	3.521576771719000	100.394272368491000
1.256000000000000	3.618935793731000	94.661901293040003
1.257000000000000	3.710085434202000	89.039280141982999
1.258000000000000	3.796110082465000	83.840571490041000
1.259000000000000	3.877750316810000	79.279925747546002
1.260000000000000	3.955044079714000	75.532101759339000
1.261000000000000	4.028641690302000	72.775292165710994
1.262000000000000	4.100289895448000	71.185346289715994
1.263000000000000	4.171597394816000	70.951832163058995
1.264000000000000	4.243115848361000	72.325818853859005
1.265000000000000	4.315447211694000	75.572337200294001
1.266000000000000	4.391035128300000	80.747744685265999
1.267000000000000	4.473397346137000	87.452727769757004
1.268000000000000	4.564672809183000	94.815501363728004
1.269000000000000	4.664621043549000	101.773148830143000
1.270000000000000	4.771305806939000	107.461683203364000
1.271000000000000	4.882448558937000	111.472796088498000
1.272000000000000	4.996098768798000	113.879071616740010
1.273000000000000	5.110592140431000	115.075440957484010
1.274000000000000	5.225155849203000	115.538058587269010
1.275000000000000	5.340047880683000	115.612518903216000
1.276000000000000	5.455409941898000	115.424458755984010
1.277000000000000	5.570590508756000	114.915996687841000
1.278000000000000	5.684931722614000	113.924000240712000
1.279000000000000	5.798454992441000	112.251159103978000
1.280000000000000	5.910643789567000	109.762956953636010
1.281000000000000	6.019700884708000	106.503728962579000
1.282000000000000	6.124313645131000	102.730344286232000
1.283000000000000	6.224634537997000	98.811363142294994
1.284000000000000	6.321070875426000	95.076364155947999
1.285000000000000	6.413869224747000	91.719407969705998
1.286000000000000	6.503790919693000	88.784735130607999
1.287000000000000	6.591617359959000	86.229432446649994
1.288000000000000	6.677292071509000	84.038810448410999
1.289000000000000	6.760544068989000	82.318684611430001
1.290000000000000	6.842091241498000	81.301971713111996
1.291000000000000	6.923403101002000	81.305234670282005
1.292000000000000	7.005079778362000	82.684086771655004
1.293000000000000	7.087410447912000	85.725953183198996
1.294000000000000	7.172974675806000	90.428515736167995
1.295000000000000	7.265311229585000	96.317676528327993
1.296000000000000	7.365444694685000	102.527519974426000
1.297000000000000	7.472464363480000	108.133547350586000
1.298000000000000	7.584925410525000	112.514415435836000
1.299000000000000	7.700341220638000	115.531826414439000
1.300000000000000	7.816402716138000	117.433760272378000
1.301000000000000	7.932952112957000	118.536824603068990
1.302000000000000	8.051000759631000	118.920309341549990
1.303000000000000	8.170417267098999	118.378111427761000
1.304000000000000	8.289497517724000	116.639542890990000
1.305000000000000	8.405889556465001	113.631802578519000
1.306000000000000	8.517628348238000	109.559276287895000
1.307000000000000	8.624353246195000	104.784039037269000
1.308000000000000	8.726933325639999	99.695059898086001
1.309000000000000	8.825251717727999	94.732421593986999
1.310000000000000	8.917855675045001	90.476784253023993
1.311000000000000	9.004473854516000	87.541425882674005
1.312000000000000	9.088003642900000	86.207875887588997
1.313000000000000	9.172678707136001	86.118296610385997
1.314000000000000	9.260123985323000	86.373882904343006
1.315000000000000	9.348599098280999	85.997111617792001
1.316000000000000	9.435496921967999	84.375123057712003
1.317000000000000	9.519154192957000	81.395627758505000
1.318000000000000	9.598963104330000	77.323893546516999
1.319000000000000	9.674314668909000	72.630947845942003
1.320000000000000	9.744273119869000	67.870295437796003
1.321000000000000	9.808994831310001	63.561726796454003
1.322000000000000	9.869879916208999	60.068763701606002
1.323000000000000	9.928137855689000	57.535628389227000
1.324000000000000	9.984374177570000	55.909251491611002
1.325000000000000	10.039301072564999	54.990971569392997
1.326000000000000	10.094084330788000	54.490604657816000
1.327000000000000	10.149154726716000	54.115741368058004
1.328000000000000	10.203473788772000	53.671652637241998
1.329000000000000	10.256324000474001	53.064569151981999
1.330000000000000	10.308350213553000	52.186172079987003
1.331000000000000	10.360062872894000	50.821973489154999
1.332000000000000	10.410941494916999	48.720823399296997
1.333000000000000	10.459717015023999	45.788851976135000
1.334000000000000	10.504572667236999	42.233766342346001
1.335000000000000	10.544084848362999	38.497064637491000
1.336000000000000	10.578875457890000	34.976586595386998
1.337000000000000	10.611421894397999	31.768508633810999
1.338000000000000	10.642818303940000	28.691769231761000
1.339000000000000	10.671179848106000	25.560721876009001
1.340000000000000	10.694789793866001	22.377242609073999
1.341000000000000	10.714542720694000	19.243823071681000
1.342000000000000	10.732029114960000	16.173965921092002
1.343000000000000	10.747216314537001	13.059132282313000
1.344000000000000	10.759118262075001	9.790939966045000
1.345000000000000	10.767358357566000	6.362436947636000
1.346000000000000	10.771978153213000	2.863423551171000
1.347000000000000	10.772849530587999	-0.584969158511000
1.348000000000000	10.770279246848000	-3.891020146555000
1.349000000000000	10.765103525392000	-6.996583864767000
1.350000000000000	10.757390754714001	-9.805986106573000
1.351000000000000	10.746262602101000	-12.126582856055000
1.352000000000000	10.731702431944001	-13.763380386688000
1.353000000000000	10.715586678869000	-14.755678215796999
1.354000000000000	10.700140930804000	-15.523643017155999
1.355000000000000	10.685606172979000	-16.717621664989000
1.356000000000000	10.670037132444000	-18.845295757069000
1.357000000000000	10.651150229620001	-21.964212293864001
1.358000000000000	10.627600421994000	-25.651620575121999
1.359000000000000	10.599170576733000	-29.235206086800002
1.360000000000000	10.566927054597000	-32.116554126036000
1.361000000000000	10.532591631937001	-34.008579191937997
1.362000000000000	10.497386170285001	-34.996931163258999
1.363000000000000	10.461919408707001	-35.455378070991998
1.364000000000000	10.426467899904999	-35.900701297525998
1.365000000000000	10.391019271698999	-36.832858685848002
1.366000000000000	10.354848624251000	-38.566799129732999
1.367000000000000	10.316058402780000	-41.108655740619000
1.368000000000000	10.273198368825000	-44.176341246371997
1.369000000000000	10.226772022878000	-47.370492507054998
1.370000000000000	10.177597430014000	-50.353793616459001
1.371000000000000	10.125615526630000	-52.921723186990000
1.372000000000000	10.071069078418001	-55.001207711507000
1.373000000000000	10.014721302512999	-56.655001989092000
1.374000000000000	9.957036416170000	-58.087788443279003
1.375000000000000	9.898424409833000	-59.600306865825999
1.376000000000000	9.839091153242000	-61.455847105765002
1.377000000000000	9.778049657975000	-63.690872691602003
1.378000000000000	9.713698596117000	-66.002955765598998
1.379000000000000	9.645547243537001	-67.863611685885999
1.380000000000000	9.575017643952000	-68.836906390802000
1.381000000000000	9.504641079563999	-68.878913852446004
1.382000000000000	9.436003320818999	-68.385387374548003
1.383000000000000	9.368816801707000	-67.969450919145004
1.384000000000000	9.302008982281000	-68.156299179140007
1.385000000000000	9.234461766768000	-69.181587168307999
1.386000000000000	9.165183993631000	-70.941321134907000
1.387000000000000	9.093599885061000	-73.045271817350994
1.388000000000000	9.019302865307001	-74.935361924136004
1.389000000000000	8.942317594237000	-76.076670236973996
1.390000000000000	8.864033425981001	-76.204564459991005
1.391000000000000	8.786985327068001	-75.495577186800006
1.392000000000000	8.712962352368001	-74.478752731057000
1.393000000000000	8.641071755011000	-73.683062465009996
1.394000000000000	8.568714597725000	-73.296125163946996
1.395000000000000	8.494767545176000	-73.136988771446994
1.396000000000000	8.420479990718000	-72.929139021341001
1.397000000000000	8.347283829067999	-72.569556460171000
1.398000000000000	8.275215325424000	-72.165088237014999
1.399000000000000	8.203682159303000	-71.890190724979007
1.400000000000000	8.132233973820000	-71.847620609003997
1.401000000000000	8.060382963599000	-72.032040402275001
1.402000000000000	7.987800721413000	-72.390321575450002
1.403000000000000	7.914667767293000	-72.919366782522005
1.404000000000000	7.841460036016000	-73.710486909194003
1.405000000000000	7.768258780029000	-74.864239764377004
1.406000000000000	7.694050108725000	-76.307108777943995
1.407000000000000	7.617408514089000	-77.669718574129007
1.408000000000000	7.538277175263000	-78.379317123177003
1.409000000000000	7.458066558762000	-77.952301247118996
1.410000000000000	7.378676750727000	-76.314632722664996
1.411000000000000	7.302356507086000	-73.952915178582998
1.412000000000000	7.230405763612000	-71.779526838039999
1.413000000000000	7.161456088075000	-70.751633042636996
1.414000000000000	7.092832692801000	-71.444974091193004
1.415000000000000	7.022478722564000	-73.790202552389005
1.416000000000000	6.948254373791000	-77.056065542045999
1.417000000000000	6.868375081320000	-80.099377745859996
1.418000000000000	6.783955337112000	-81.855277611996001
1.419000000000000	6.698719101150000	-81.865942083584002
1.420000000000000	6.616164608850000	-80.513831631436005
1.421000000000000	6.537602260430000	-78.787526825160000
1.422000000000000	6.461849872254000	-77.740850393643001
1.423000000000000	6.386485170966000	-77.983732532681003
1.424000000000000	6.309405531302000	-79.447318919937999
1.425000000000000	6.229603792272000	-81.440670905614994
1.426000000000000	6.147244394948000	-82.865458760758997
1.427000000000000	6.063612495488000	-82.457196408705002
1.428000000000000	5.980997405421000	-79.014559628219999
1.429000000000000	5.902441284754000	-71.657878549673995
1.430000000000000	5.832387817424000	-60.134747385169000
1.431000000000000	5.776738105056000	-45.049058150835002
1.432000000000000	5.739995266337000	-27.796460216463000
1.433000000000000	5.722802201117000	-10.150299104763000
1.434000000000000	5.723121513160000	6.264183749983000
1.435000000000000	5.738346540045000	20.304028022539001
1.436000000000000	5.766023303269000	31.380913328445001
1.437000000000000	5.803614730961000	39.424811661922000
1.438000000000000	5.847777572625000	44.859721366141997
1.439000000000000	5.894694749448000	48.510707375720997
1.440000000000000	5.942251979282000	51.283422072622997
1.441000000000000	5.991720145445000	53.679693904936997
1.442000000000000	6.045845479957000	55.519832020202003
1.443000000000000	6.104431408355000	56.188002038920999
1.444000000000000	6.163345977198000	55.234654029582003
1.445000000000000	6.218511852856000	52.801810658370997
1.446000000000000	6.268985018862000	49.550528158864999
1.447000000000000	6.315878400336000	46.282666989854000
1.448000000000000	6.360166725906000	43.639706724259000
1.449000000000000	6.402293335432000	42.019291653360000
1.450000000000000	6.443022117828000	41.585943685361997
1.451000000000000	6.483680304482000	42.247552893372998
1.452000000000000	6.525710606939000	43.615184870322999
1.453000000000000	6.570285681609000	45.052736028338003
1.454000000000000	6.617361790431000	45.878817641163003
1.455000000000000	6.664936104986000	45.639540487970002
1.456000000000000	6.710617968362000	44.262145742983002
1.457000000000000	6.753657204401000	41.987044185710999
1.458000000000000	6.794313904095000	39.191714333453000
1.459000000000000	6.832327010322000	36.282992818549999
1.460000000000000	6.867028392093000	33.672147879352998
1.461000000000000	6.898635519205000	31.722113456698001
1.462000000000000	6.928923521438000	30.649005312204000
1.463000000000000	6.959514886926000	30.488271770280001
1.464000000000000	6.990159546087000	31.151839699545000
1.465000000000000	7.020471403046000	32.428765804007000
1.466000000000000	7.052072247788000	33.856494547141999
1.467000000000000	7.086948970495000	34.665459088284997
1.468000000000000	7.124155696626000	34.028047083106003
1.469000000000000	7.159809696041000	31.496632723840001
1.470000000000000	7.190228449160000	27.244715458049999
1.471000000000000	7.213931380587000	21.894101373194999
1.472000000000000	7.231526835723000	16.106642506916000
1.473000000000000	7.244447124014000	10.309583721957001
1.474000000000000	7.253172148901000	4.761562527630000
1.475000000000000	7.256655162453000	-0.173636735350000
1.476000000000000	7.253766113267000	-3.896596679381000
1.477000000000000	7.245758406777000	-5.814607687205000
1.478000000000000	7.236591982934000	-5.807282575637000
1.479000000000000	7.230053214917000	-4.504664798495000
1.480000000000000	7.227610949419000	-3.096695069208000
1.481000000000000	7.228004209836000	-2.768250622732000
1.482000000000000	7.227646664109000	-4.131884137914000
1.483000000000000	7.223143566668000	-7.019571432791000
1.484000000000000	7.213486168335000	-10.722306351721000
1.485000000000000	7.199362285163000	-14.451983391554000
1.486000000000000	7.181910085445000	-17.709872076237001
1.487000000000000	7.162181394306000	-20.401834438121000
1.488000000000000	7.140722395475000	-22.731537537520001
1.489000000000000	7.117608398235000	-24.984937033043000
1.490000000000000	7.092515657710000	-27.315746312318002
1.491000000000000	7.064644168292000	-29.621923547011001
1.492000000000000	7.033663278725000	-31.573066904106000
1.493000000000000	7.000571927646000	-32.770195752246003
1.494000000000000	6.966627870742000	-32.942957093998999
1.495000000000000	6.932520725726000	-32.112565403391002
1.496000000000000	6.899616597914000	-30.696015384190002
1.497000000000000	6.869959051043000	-29.465182981121000
1.498000000000000	6.843354439046000	-29.249580856845000
1.499000000000000	6.816423792116000	-30.487746982709002
1.500000000000000	6.785799802786000	-32.966918384354003
1.501000000000000	6.750528580359000	-35.973876469502002
1.502000000000000	6.711380109478000	-38.725162613126997
1.503000000000000	6.669803690794000	-40.766168639900997
1.504000000000000	6.627437542964000	-42.126480739297001
1.505000000000000	6.585280129839000	-43.195036048166997
1.506000000000000	6.542914269389000	-44.419240842830000
1.507000000000000	6.498754794197000	-46.028574471924998
1.508000000000000	6.451633201679000	-47.963989587830000
1.509000000000000	6.402129884982000	-50.010426852393998
1.510000000000000	6.351321839813000	-51.947104504728003
1.511000000000000	6.298627559480000	-53.592718174166002
1.512000000000000	6.243110536600000	-54.841168814406998
1.513000000000000	6.186435473538000	-55.775284331911003
1.514000000000000	6.131100582694000	-56.691365566906001
1.515000000000000	6.076286033394000	-57.852814104354003
1.516000000000000	6.018960595763000	-59.163795912711997
1.517000000000000	5.957881205662000	-60.166372552977997
1.518000000000000	5.894540441456000	-60.455427908687000
1.519000000000000	5.831988396116000	-60.152250236138002
1.520000000000000	5.772588049108000	-59.986986740760003
1.521000000000000	5.715370234934000	-60.872368048643999
1.522000000000000	5.656462378366000	-63.294001921564004
1.523000000000000	5.592507670290000	-66.991229177931999
1.524000000000000	5.522826247319000	-71.115182801789004
1.525000000000000	5.448580865633000	-74.650861290378003
1.526000000000000	5.371232995392000	-76.789688563205999
1.527000000000000	5.292434757065000	-77.130811219435003
1.528000000000000	5.214242809895000	-75.758216638950998
1.529000000000000	5.138634871134000	-73.232306881496996
1.530000000000000	5.067066981174000	-70.459975185245000
1.531000000000000	4.999540949917000	-68.410686511853001
1.532000000000000	4.933978512218000	-67.754993410471002
1.533000000000000	4.867599632003000	-68.609256370010996
1.534000000000000	4.798600070996000	-70.531331636781005
1.535000000000000	4.726463060711000	-72.744432617262007
1.536000000000000	4.651595036246000	-74.449851999909001
1.537000000000000	4.574926630676000	-75.113331671704998
1.538000000000000	4.497944629593000	-74.672262953224006
1.539000000000000	4.422848999341000	-73.594553275986001
1.540000000000000	4.351115364147000	-72.683540465627004
1.541000000000000	4.281472580455000	-72.636909800794001
1.542000000000000	4.210674957632000	-73.610061317643996
1.543000000000000	4.136404564814000	-75.115560538246996
1.544000000000000	4.058832024360000	-76.345342938792001
1.545000000000000	3.980019892914000	-76.665097613740002
1.546000000000000	3.902365192275000	-75.931577949293001
1.547000000000000	3.827195167773000	-74.468545590171004
1.548000000000000	3.754472674593000	-72.796559261927996
1.549000000000000	3.683416609410000	-71.339726355162995
1.550000000000000	3.613100520570000	-70.282620300926993
1.551000000000000	3.543013489949000	-69.608679935908000
1.552000000000000	3.473458190004000	-69.221086960565003
1.553000000000000	3.404786755787000	-69.009409512351993
1.554000000000000	3.336279645557000	-68.826058014482996
1.555000000000000	3.267042889419000	-68.479401598859994
1.556000000000000	3.197793879454000	-67.831142169765002
1.557000000000000	3.130121725852000	-66.908071939639001
1.558000000000000	3.064265240783000	-65.880990572846997
1.559000000000000	2.999241995422000	-64.932442082177005
1.560000000000000	2.934752942911000	-64.160492776661997
1.561000000000000	2.871201564814000	-63.566624336727998
1.562000000000000	2.808426363747000	-63.053874761556003
1.563000000000000	2.745903433033000	-62.408940451623998
1.564000000000000	2.683524101609000	-61.337850610814002
1.565000000000000	2.621765730411000	-59.606446435823997
1.566000000000000	2.561752329935000	-57.235668707035003
1.567000000000000	2.505067553419000	-54.616332714906001
1.568000000000000	2.452609008927000	-52.406378396176002
1.569000000000000	2.403214996209000	-51.203876557672999
1.570000000000000	2.354163309728000	-51.188557192247998
1.571000000000000	2.303146222473000	-51.994341361823999
1.572000000000000	2.249661577840000	-52.909065296959000
1.573000000000000	2.194889287537000	-53.248858405545000
1.574000000000000	2.140499206750000	-52.657123568899003
1.575000000000000	2.087973916862000	-51.178623999629998
1.576000000000000	2.038136375721000	-49.126494286727002
1.577000000000000	1.990604976308000	-46.875739342665000
1.578000000000000	1.944915794992000	-44.727937622878002
1.579000000000000	1.901320774161000	-42.889162317949001
1.580000000000000	1.859507848085000	-41.493628039221001
1.581000000000000	1.818662818290000	-40.612404742460001
1.582000000000000	1.778665254080000	-40.239277275281999
1.583000000000000	1.739316565244000	-40.247635686819002
1.584000000000000	1.699458703515000	-40.344956422998003
1.585000000000000	1.658323320989000	-40.127103634066003
1.586000000000000	1.616858075706000	-39.286230895265000
1.587000000000000	1.576832456259000	-37.850552714655002
1.588000000000000	1.539482085888000	-36.254779528744997
1.589000000000000	1.505137616065000	-35.146312052946001
1.590000000000000	1.472689300554000	-35.007757483332000
1.591000000000000	1.439264733923000	-35.824126802351003
1.592000000000000	1.402386292377000	-37.055467464841001
1.593000000000000	1.362829141947000	-37.966544386443999
1.594000000000000	1.323503817052000	-38.032219455271999
1.595000000000000	1.285887018900000	-37.083195003918000
1.596000000000000	1.249536409058000	-35.189896067564000
1.597000000000000	1.214588843589000	-32.553995050946000
1.598000000000000	1.182686105761000	-29.537715285855999
1.599000000000000	1.155007660184000	-26.682833736075001
1.600000000000000	1.130658209789000	-24.576826889875001
1.601000000000000	1.107705640073000	-23.645448368583999
1.602000000000000	1.084861917535000	-24.025803064137001
1.603000000000000	1.061213278735000	-25.541795267116001
1.604000000000000	1.035320462124000	-27.726147474040001
1.605000000000000	1.006105884162000	-29.903638327439001
1.606000000000000	0.974073507762000	-31.379967573803999
1.607000000000000	0.940860282365000	-31.681748951530000
1.608000000000000	0.908389062854000	-30.712259809786001
1.609000000000000	0.878391130254000	-28.729606648661001
1.610000000000000	0.851537257312000	-26.170585289493999
1.611000000000000	0.827114253861000	-23.456116135460999
1.612000000000000	0.804514961299000	-20.928563302402001
1.613000000000000	0.784320227123000	-18.922169131438999
1.614000000000000	0.766875043701000	-17.794753612164001
1.615000000000000	0.750991440325000	-17.786403514459000
1.616000000000000	0.734472670591000	-18.794374386390999
1.617000000000000	0.715178501280000	-20.297578005359998
1.618000000000000	0.692552902344000	-21.569625500236999
1.619000000000000	0.668449575393000	-22.068469658674001
1.620000000000000	0.645445301305000	-21.710117854564999
1.621000000000000	0.624692123594000	-20.817547848806999
1.622000000000000	0.605543486529000	-19.823204754470002
1.623000000000000	0.586698783106000	-18.999681263138999
1.624000000000000	0.567861898637000	-18.403247098159000
1.625000000000000	0.549713153583000	-17.968240309108001
1.626000000000000	0.532313637344000	-17.582701046846999
1.627000000000000	0.514913652888000	-17.101595328898000
1.628000000000000	0.497408158607000	-16.388291728588001
1.629000000000000	0.480693196744000	-15.419015945610999
1.630000000000000	0.465522205472000	-14.353847169444000
1.631000000000000	0.452320044096000	-13.464937957910999
1.632000000000000	0.440897942724000	-12.920675529083001
1.633000000000000	0.429329893068000	-12.576425750109999
1.634000000000000	0.415692824945000	-12.014181590509001
1.635000000000000	0.401095915465000	-10.916780775418999
1.636000000000000	0.389077263364000	-9.482955105830000
1.637000000000000	0.381861513983000	-8.421715851095000
1.638000000000000	0.377343444520000	-8.426314880906000
1.639000000000000	0.370797634903000	-9.582095607565000
1.640000000000000	0.359699529361000	-11.261125375369000
1.641000000000000	0.345344558715000	-12.570169707067000
1.642000000000000	0.330488838907000	-12.916951568627001
1.643000000000000	0.317012567067000	-12.262475807625000
1.644000000000000	0.305550378472000	-10.996839637629000
1.645000000000000	0.295950334998000	-9.652070659562000
1.646000000000000	0.287512650520000	-8.666880897744001
1.647000000000000	0.279709210914000	-8.273942724327000
1.648000000000000	0.272452791337000	-8.454293688338000
1.649000000000000	0.264775868923000	-8.908250490105999
1.650000000000000	0.255017743555000	-9.121923913145000
1.651000000000000	0.243543973698000	-8.639760776865000
1.652000000000000	0.233264779749000	-7.427312421856000
1.653000000000000	0.226737117119000	-5.988979674458000
1.654000000000000	0.223650779049000	-5.058802411796000
1.655000000000000	0.221068818491000	-5.095031382914000
1.656000000000000	0.216208278111000	-6.006337594287000
1.657000000000000	0.208596137782000	-7.301707289255000
1.658000000000000	0.199328227967000	-8.470184691471999
1.659000000000000	0.189705848995000	-9.256532644041000
1.660000000000000	0.180554460929000	-9.663582529608000
1.661000000000000	0.171683644760000	-9.757813104485001
1.662000000000000	0.162279326406000	-9.491489331098000
1.663000000000000	0.152197394017000	-8.713874301877000
1.664000000000000	0.142845781696000	-7.349656528080000
1.665000000000000	0.136135179650000	-5.541875641834000
1.666000000000000	0.132249654917000	-3.604397356750000
1.667000000000000	0.129776407189000	-1.870722313456000
1.668000000000000	0.128041710812000	-0.636885968519000
1.669000000000000	0.127730152455000	-0.207929930872000
1.670000000000000	0.128894064798000	-0.853463771424000
1.671000000000000	0.129485015985000	-2.587521459154000
1.672000000000000	0.126620018143000	-4.979599715291000
1.673000000000000	0.119031102888000	-7.269068132307000
1.674000000000000	0.108408059358000	-8.768062230423000
1.675000000000000	0.098170436740000	-9.210719306045000
1.676000000000000	0.090059327480000	-8.733599360555001
1.677000000000000	0.082796930168000	-7.570938453941000
1.678000000000000	0.075128685452000	-5.859696663925000
1.679000000000000	0.068621342795000	-3.760048959114000
1.680000000000000	0.065829045049000	-1.646613204907000
1.681000000000000	0.066791550915000	-0.031903059618000
1.682000000000000	0.068979112349000	0.741900763807000
1.683000000000000	0.070076823871000	0.699262508673000
1.684000000000000	0.069655139252000	0.116876315955000
1.685000000000000	0.068601522025000	-0.745194397751000
1.686000000000000	0.067562641830000	-1.785799218642000
1.687000000000000	0.065847454066000	-2.991970871205000
1.688000000000000	0.062302818757000	-4.307667583951000
1.689000000000000	0.057053735480000	-5.599969922126000
1.690000000000000	0.051060674488000	-6.696567078780000
1.691000000000000	0.044391734193000	-7.389847243650000
1.692000000000000	0.036472199331000	-7.433908030779000
1.693000000000000	0.027835871923000	-6.648364300370000
1.694000000000000	0.020565636987000	-5.100712238653000
1.695000000000000	0.016531265029000	-3.170160380129000
1.696000000000000	0.015488093757000	-1.379143393861000
1.697000000000000	0.015811328579000	-0.126519891370000
1.698000000000000	0.016585268245000	0.464172570912000
1.699000000000000	0.017568860276000	0.529378106284000
1.700000000000000	0.017969431646000	0.360928218266000
1.701000000000000	0.017221567458000	0.253290760697000
1.702000000000000	0.016347776172000	0.329555352793000
1.703000000000000	0.016729423131000	0.463533415891000
1.704000000000000	0.018312000644000	0.404650004206000
1.705000000000000	0.019756052428000	0.020106244866000
1.706000000000000	0.019578870385000	-0.575301498543000
1.707000000000000	0.017548969106000	-1.132522341640000
1.708000000000000	0.015200154295000	-1.501774685548000
1.709000000000000	0.014135612668000	-1.720882436393000
1.710000000000000	0.013809907523000	-1.852011305069000
1.711000000000000	0.012214373689000	-1.780302060444000
1.712000000000000	0.008969822393000	-1.269462409987000
1.713000000000000	0.006183707111000	-0.264982610844000
1.714000000000000	0.006105978812000	0.887497404436000
1.715000000000000	0.009012070861000	1.580682023775000
1.716000000000000	0.013007721585000	1.355971537044000
1.717000000000000	0.015371734071000	0.244497632379000
1.718000000000000	0.014442658430000	-1.236807292554000
1.719000000000000	0.010751926019000	-2.420641038832000
1.720000000000000	0.000000000000000	0.000000000000000
1.721000000000000	0.000000000000000	0.000000000000000
1.722000000000000	0.000000000000000	0.000000000000000
1.723000000000000	0.000000000000000	0.000000000000000
1.724000000000000	0.000000000000000	0.000000000000000
1.725000000000000	0.000000000000000	0.000000000000000
1.726000000000000	0.000000000000000	0.000000000000000
1.727000000000000	0.000000000000000	0.000000000000000
1.728000000000000	0.000000000000000	0.000000000000000
1.729000000000000	0.000000000000000	0.000000000000000
1.730000000000000	0.000000000000000	0.000000000000000
1.731000000000000	0.000000000000000	0.000000000000000
1.732000000000000	0.000000000000000	0.000000000000000
1.733000000000000	0.000000000000000	0.000000000000000
1.734000000000000	0.000000000000000	0.000000000000000
1.735000000000000	0.000000000000000	0.000000000000000
1.736000000000000	0.000000000000000	0.000000000000000
1.737000000000000	0.000000000000000	0.000000000000000
1.738000000000000	0.000000000000000	0.000000000000000
1.739000000000000	0.000000000000000	0.000000000000000
1.740000000000000	0.000000000000000	0.000000000000000
1.741000000000000	0.000000000000000	0.000000000000000
1.742000000000000	0.000000000000000	0.000000000000000
1.743000000000000	0.000000000000000	0.000000000000000
1.744000000000000	0.000000000000000	0.000000000000000
1.745000000000000	0.000000000000000	0.000000000000000
1.746000000000000	0.000000000000000	0.000000000000000
1.747000000000000	0.000000000000000	0.000000000000000
1.748000000000000	0.000000000000000	0.000000000000000
1.749000000000000	0.000000000000000	0.000000000000000
1.750000000000000	0.000000000000000	0.000000000000000
1.751000000000000	0.000000000000000	0.000000000000000
1.752000000000000	0.000000000000000	0.000000000000000
1.753000000000000	0.000000000000000	0.000000000000000
1.754000000000000	0.000000000000000	0.000000000000000
1.755000000000000	0.000000000000000	0.000000000000000
1.756000000000000	0.000000000000000	0.000000000000000
1.757000000000000	0.000000000000000	0.000000000000000
1.758000000000000	0.000000000000000	0.000000000000000
1.759000000000000	0.000000000000000	0.000000000000000
1.760000000000000	0.000000000000000	0.000000000000000
1.761000000000000	0.000000000000000	0.000000000000000
1.762000000000000	0.000000000000000	0.000000000000000
1.763000000000000	0.000000000000000	0.000000000000000
1.764000000000000	0.000000000000000	0.000000000000000
1.765000000000000	0.000000000000000	0.000000000000000
1.766000000000000	0.000000000000000	0.000000000000000
1.767000000000000	0.000000000000000	0.000000000000000
1.768000000000000	0.000000000000000	0.000000000000000
1.769000000000000	0.000000000000000	0.000000000000000
1.770000000000000	0.000000000000000	0.000000000000000
1.771000000000000	0.000000000000000	0.000000000000000
1.772000000000000	0.000000000000000	0.000000000000000
1.773000000000000	0.000000000000000	0.000000000000000
1.774000000000000	0.000000000000000	0.000000000000000
1.775000000000000	0.000000000000000	0.000000000000000
1.776000000000000	0.000000000000000	0.000000000000000
1.777000000000000	0.000000000000000	0.000000000000000
1.778000000000000	0.000000000000000	0.000000000000000
1.779000000000000	0.000000000000000	0.000000000000000
1.780000000000000	0.000000000000000	0.000000000000000
1.781000000000000	0.000000000000000	0.000000000000000
1.782000000000000	0.000000000000000	0.000000000000000
1.783000000000000	0.000000000000000	0.000000000000000
1.784000000000000	0.000000000000000	0.000000000000000
1.785000000000000	0.000000000000000	0.000000000000000
1.786000000000000	0.000000000000000	0.000000000000000
1.787000000000000	0.000000000000000	0.000000000000000
1.788000000000000	0.000000000000000	0.000000000000000
1.789000000000000	0.000000000000000	0.000000000000000
1.790000000000000	0.000000000000000	0.000000000000000
1.791000000000000	0.000000000000000	0.000000000000000
1.792000000000000	0.000000000000000	0.000000000000000
1.793000000000000	0.000000000000000	0.000000000000000
1.794000000000000	0.000000000000000	0.000000000000000
1.795000000000000	0.000000000000000	0.000000000000000
1.796000000000000	0.000000000000000	0.000000000000000
1.797000000000000	0.000000000000000	0.000000000000000
1.798000000000000	0.000000000000000	0.000000000000000
1.799000000000000	0.000000000000000	0.000000000000000
1.800000000000000	0.000000000000000	0.000000000000000
1.801000000000000	0.000000000000000	0.000000000000000
1.802000000000000	0.000000000000000	0.000000000000000
1.803000000000000	0.000000000000000	0.000000000000000
1.804000000000000	0.000000000000000	0.000000000000000
1.805000000000000	0.000000000000000	0.000000000000000
1.806000000000000	0.000000000000000	0.000000000000000
1.807000000000000	0.000000000000000	0.000000000000000
1.808000000000000	0.000000000000000	0.000000000000000
1.809000000000000	0.000000000000000	0.000000000000000
1.810000000000000	0.000000000000000	0.000000000000000
1.811000000000000	0.000000000000000	0.000000000000000
1.812000000000000	0.000000000000000	0.000000000000000
1.813000000000000	0.000000000000000	0.000000000000000
1.814000000000000	0.000000000000000	0.000000000000000
1.815000000000000	0.000000000000000	0.000000000000000
1.816000000000000	0.000000000000000	0.000000000000000
1.817000000000000	0.000000000000000	0.000000000000000
1.818000000000000	0.000000000000000	0.000000000000000
1.819000000000000	0.000000000000000	0.000000000000000
1.820000000000000	0.000000000000000	0.000000000000000
1.821000000000000	0.000000000000000	0.000000000000000
1.822000000000000	0.000000000000000	0.000000000000000
1.823000000000000	0.000000000000000	0.000000000000000
1.824000000000000	0.000000000000000	0.000000000000000
1.825000000000000	0.000000000000000	0.000000000000000
1.826000000000000	0.000000000000000	0.000000000000000
1.827000000000000	0.000000000000000	0.000000000000000
1.828000000000000	0.000000000000000	0.000000000000000
1.829000000000000	0.000000000000000	0.000000000000000
1.830000000000000	0.000000000000000	0.000000000000000
1.831000000000000	0.000000000000000	0.000000000000000
1.832000000000000	0.000000000000000	0.000000000000000
1.833000000000000	0.000000000000000	0.000000000000000
1.834000000000000	0.000000000000000	0.000000000000000
1.835000000000000	0.000000000000000	0.000000000000000
1.836000000000000	0.000000000000000	0.000000000000000
1.837000000000000	0.000000000000000	0.000000000000000
1.838000000000000	0.000000000000000	0.000000000000000
1.839000000000000	0.000000000000000	0.000000000000000
1.840000000000000	0.000000000000000	0.000000000000000
1.841000000000000	0.000000000000000	0.000000000000000
1.842000000000000	0.000000000000000	0.000000000000000
1.843000000000000	0.000000000000000	0.000000000000000
1.844000000000000	0.000000000000000	0.000000000000000
1.845000000000000	0.000000000000000	0.000000000000000
1.846000000000000	0.000000000000000	0.000000000000000
1.847000000000000	0.000000000000000	0.000000000000000
1.848000000000000	0.000000000000000	0.000000000000000
1.849000000000000	0.000000000000000	0.000000000000000
1.850000000000000	0.000000000000000	0.000000000000000
1.851000000000000	0.000000000000000	0.000000000000000
1.852000000000000	0.000000000000000	0.000000000000000
1.853000000000000	0.000000000000000	0.000000000000000
1.854000000000000	0.000000000000000	0.000000000000000
1.855000000000000	0.000000000000000	0.000000000000000
1.856000000000000	0.000000000000000	0.000000000000000
1.857000000000000	0.000000000000000	0.000000000000000
1.858000000000000	0.000000000000000	0.000000000000000
1.859000000000000	0.000000000000000	0.000000000000000
1.860000000000000	0.000000000000000	0.000000000000000
1.861000000000000	0.000000000000000	0.000000000000000
1.862000000000000	0.000000000000000	0.000000000000000
1.863000000000000	0.000000000000000	0.000000000000000
1.864000000000000	0.000000000000000	0.000000000000000
1.865000000000000	0.000000000000000	0.000000000000000
1.866000000000000	0.000000000000000	0.000000000000000
1.867000000000000	0.000000000000000	0.000000000000000
1.868000000000000	0.000000000000000	0.000000000000000
1.869000000000000	0.000000000000000	0.000000000000000
1.870000000000000	0.000000000000000	0.000000000000000
1.871000000000000	0.000000000000000	0.000000000000000
1.872000000000000	0.000000000000000	0.000000000000000
1.873000000000000	0.000000000000000	0.000000000000000
1.874000000000000	0.000000000000000	0.000000000000000
1.875000000000000	0.000000000000000	0.000000000000000
1.876000000000000	0.000000000000000	0.000000000000000
1.877000000000000	0.000000000000000	0.000000000000000
1.878000000000000	0.000000000000000	0.000000000000000
1.879000000000000	0.000000000000000	0.000000000000000
1.880000000000000	0.000000000000000	0.000000000000000
1.881000000000000	0.000000000000000	0.000000000000000
1.882000000000000	0.000000000000000	0.000000000000000
1.883000000000000	0.000000000000000	0.000000000000000
1.884000000000000	0.000000000000000	0.000000000000000
1.885000000000000	0.000000000000000	0.000000000000000
1.886000000000000	0.000000000000000	0.000000000000000
1.887000000000000	0.000000000000000	0.000000000000000
1.888000000000000	0.000000000000000	0.000000000000000
1.889000000000000	0.000000000000000	0.000000000000000
1.890000000000000	0.000000000000000	0.000000000000000
1.891000000000000	0.000000000000000	0.000000000000000
1.892000000000000	0.000000000000000	0.000000000000000
1.893000000000000	0.000000000000000	0.000000000000000
1.894000000000000	0.000000000000000	0.000000000000000
1.895000000000000	0.000000000000000	0.000000000000000
1.896000000000000	0.000000000000000	0.000000000000000
1.897000000000000	0.000000000000000	0.000000000000000
1.898000000000000	0.000000000000000	0.000000000000000
1.899000000000000	0.000000000000000	0.000000000000000
1.900000000000000	0.000000000000000	0.000000000000000
1.901000000000000	0.000000000000000	0.000000000000000
1.902000000000000	0.000000000000000	0.000000000000000
1.903000000000000	0.000000000000000	0.000000000000000
1.904000000000000	0.000000000000000	0.000000000000000
1.905000000000000	0.000000000000000	0.000000000000000
1.906000000000000	0.000000000000000	0.000000000000000
1.907000000000000	0.000000000000000	0.000000000000000
1.908000000000000	0.000000000000000	0.000000000000000
1.909000000000000	0.000000000000000	0.000000000000000
1.910000000000000	0.000000000000000	0.000000000000000
1.911000000000000	0.000000000000000	0.000000000000000
1.912000000000000	0.000000000000000	0.000000000000000
1.913000000000000	0.000000000000000	0.000000000000000
1.914000000000000	0.000000000000000	0.000000000000000
1.915000000000000	0.000000000000000	0.000000000000000
1.916000000000000	0.000000000000000	0.000000000000000
1.917000000000000	0.000000000000000	0.000000000000000
1.918000000000000	0.000000000000000	0.000000000000000
1.919000000000000	0.000000000000000	0.000000000000000
1.920000000000000	0.000000000000000	0.000000000000000
1.921000000000000	0.000000000000000	0.000000000000000
1.922000000000000	0.000000000000000	0.000000000000000
1.923000000000000	0.000000000000000	0.000000000000000
1.924000000000000	0.000000000000000	0.000000000000000
1.925000000000000	0.000000000000000	0.000000000000000
1.926000000000000	0.000000000000000	0.000000000000000
1.927000000000000	0.000000000000000	0.000000000000000
1.928000000000000	0.000000000000000	0.000000000000000
1.929000000000000	0.000000000000000	0.000000000000000
1.930000000000000	0.000000000000000	0.000000000000000
1.931000000000000	0.000000000000000	0.000000000000000
1.932000000000000	0.000000000000000	0.000000000000000
1.933000000000000	0.000000000000000	0.000000000000000
1.934000000000000	0.000000000000000	0.000000000000000
1.935000000000000	0.000000000000000	0.000000000000000
1.936000000000000	0.000000000000000	0.000000000000000
1.937000000000000	0.000000000000000	0.000000000000000
1.938000000000000	0.000000000000000	0.000000000000000
1.939000000000000	0.000000000000000	0.000000000000000
1.940000000000000	0.000000000000000	0.000000000000000
1.941000000000000	0.000000000000000	0.000000000000000
1.942000000000000	0.000000000000000	0.000000000000000
1.943000000000000	0.000000000000000	0.000000000000000
1.944000000000000	0.000000000000000	0.000000000000000
1.945000000000000	0.000000000000000	0.000000000000000
1.946000000000000	0.000000000000000	0.000000000000000
1.947000000000000	0.000000000000000	0.000000000000000
1.948000000000000	0.000000000000000	0.000000000000000
1.949000000000000	0.000000000000000	0.000000000000000
1.950000000000000	0.000000000000000	0.000000000000000
1.951000000000000	0.000000000000000	0.000000000000000
1.952000000000000	0.000000000000000	0.000000000000000
1.953000000000000	0.000000000000000	0.000000000000000
1.954000000000000	0.000000000000000	0.000000000000000
1.955000000000000	0.000000000000000	0.000000000000000
1.956000000000000	0.000000000000000	0.000000000000000
1.957000000000000	0.000000000000000	0.000000000000000
1.958000000000000	0.000000000000000	0.000000000000000
1.959000000000000	0.000000000000000	0.000000000000000
1.960000000000000	0.000000000000000	0.000000000000000
1.961000000000000	0.000000000000000	0.000000000000000
1.962000000000000	0.000000000000000	0.000000000000000
1.963000000000000	0.000000000000000	0.000000000000000
1.964000000000000	0.000000000000000	0.000000000000000
1.965000000000000	0.000000000000000	0.000000000000000
1.966000000000000	0.000000000000000	0.000000000000000
1.967000000000000	0.000000000000000	0.000000000000000
1.968000000000000	0.000000000000000	0.000000000000000
1.969000000000000	0.000000000000000	0.000000000000000
1.970000000000000	0.000000000000000	0.000000000000000
1.971000000000000	0.000000000000000	0.000000000000000
1.972000000000000	0.000000000000000	0.000000000000000
1.973000000000000	0.000000000000000	0.000000000000000
1.974000000000000	0.000000000000000	0.000000000000000
1.975000000000000	0.000000000000000	0.000000000000000
1.976000000000000	0.000000000000000	0.000000000000000
1.977000000000000	0.000000000000000	0.000000000000000
1.978000000000000	0.000000000000000	0.000000000000000
1.979000000000000	0.000000000000000	0.000000000000000
1.980000000000000	0.000000000000000	0.000000000000000
1.981000000000000	0.000000000000000	0.000000000000000
1.982000000000000	0.000000000000000	0.000000000000000
1.983000000000000	0.000000000000000	0.000000000000000
1.984000000000000	0.000000000000000	0.000000000000000
1.985000000000000	0.000000000000000	0.000000000000000
1.986000000000000	0.000000000000000	0.000000000000000
1.987000000000000	0.000000000000000	0.000000000000000
1.988000000000000	0.000000000000000	0.000000000000000
1.989000000000000	0.000000000000000	0.000000000000000
1.990000000000000	0.000000000000000	0.000000000000000
1.991000000000000	0.000000000000000	0.000000000000000
1.992000000000000	0.000000000000000	0.000000000000000
1.993000000000000	0.000000000000000	0.000000000000000
1.994000000000000	0.000000000000000	0.000000000000000
1.995000000000000	0.000000000000000	0.000000000000000
1.996000000000000	0.000000000000000	0.000000000000000
1.997000000000000	0.000000000000000	0.000000000000000
1.998000000000000	0.000000000000000	0.000000000000000
1.999000000000000	0.000000000000000	0.000000000000000
2.000000000000000	0.000000000000000	0.000000000000000